Aarhus University,us
Arizona State University,us
Auburn University,us
Australian National University,us
Binghamton University,us
Boston College,us
Boston University,us
Brandeis University,us
Brigham Young University,us
Brown University,us
CUNY,us
California Institute of Technology,us
Carleton University,us
Carnegie Mellon University,us
Clemson University,us
College of William and Mary,us
Colorado State University,us
Columbia University,us
Concordia University,us
Cornell University,us
DIKU,us
Dartmouth College,us
Drexel University,us
Duke University,us
EPFL,us
ETH Zurich,us
Ecole Normale Superieure,us
Ecole Normale Superieure de Cachan,us
Ecole Normale Superieure de Lyon,us
Emory University,us
Florida State University,us
George Mason University,us
George Washington University,us
Georgetown University,us
Georgia Institute of Technology,us
Harvard University,us
Hebrew University of Jerusalem,us
IISc Bangalore,us
IMDEA Software Institute,us
IST Austria,us
Imperial College London,us
Indiana University,us
Johns Hopkins University,us
Kansas State University,us
Massachusetts Institute of Technology,us
Massey University,us
Max Planck Institute,us
McGill University,us
Michigan State University,us
Monash University,us
NJIT,us
National University of Singapore,us
Naval Postgraduate School,us
New Mexico State University,us
New York University,us
North Carolina State University,us
Northeastern University,us
Northwestern University,us
OHSU,us
Ohio State University,us
Oregon State University,us
Pennsylvania State University,us
Polytechnic University of Catalonia,us
Polytechnic University of Milan,us
Princeton University,us
Purdue University,us
RWTH Aachen,us
Rensselaer Polytechnic Institute,us
Rice University,us
Rochester Institute of Technology,us
Rutgers University,us
Simon Fraser University,us
Stanford University,us
Stevens Institute of Technology,us
Stony Brook University,us
TU Darmstadt,us
TU Dresden,us
TU Munich,us
Technion - Israel Institute of Technology,us
Tel Aviv University,us
Texas A&M University,us
Toyota Technological Institute at Chicago,us
Tufts University,us
UNSW,us
University College London,us
University at Buffalo,us
University of Adelaide,us
University of Alberta,us
University of Arizona,us
University of Athens,us
University of Auckland,us
University of Bath,us
University of Bristol,us
University of British Columbia,us
University of Calgary,us
University of California - Berkeley,us
University of California - Davis,us
University of California - Irvine,us
University of California - Los Angeles,us
University of California - Riverside,us
University of California - San Diego,us
University of California - Santa Barbara,us
University of California - Santa Cruz,us
University of Cambridge,us
University of Canterbury,us
University of Central Florida,us
University of Chicago,us
University of Colorado Boulder,us
University of Connecticut,us
University of Delaware,us
University of Edinburgh,us
University of Florida,us
University of Georgia,us
University of Illinois at Chicago,us
University of Illinois at Urbana-Champaign,us
University of Iowa,us
University of Kansas,us
University of Kent,us
University of Kentucky,us
University of Luxembourg,us
University of Maryland - College Park,us
University of Massachusetts Amherst,us
University of Massachusetts Lowell,us
University of Melbourne,us
University of Miami,us
University of Michigan,us
University of Minnesota,us
University of Montreal,us
University of Nebraska,us
University of Nevada,us
University of New Mexico,us
University of North Carolina,us
University of Notre Dame,us
University of Oregon,us
University of Otago,us
University of Oxford,us
University of Pennsylvania,us
University of Pittsburgh,us
University of Queensland,us
University of Rochester,us
University of Salerno,us
University of South Florida,us
University of Southern California,us
University of Sydney,us
University of Tartu,us
University of Tennessee,us
University of Texas at Arlington,us
University of Texas at Austin,us
University of Texas at Dallas,us
University of Toronto,us
University of Utah,us
University of Virginia,us
University of Waikato,us
University of Warsaw,us
University of Washington,us
University of Waterloo,us
University of Western Australia,us
University of Wisconsin - Madison,us
University of Zurich,us
VU Amsterdam,us
Vanderbilt University,us
Victoria University of Wellington,us
Virginia Commonwealth University,us
Virginia Tech,us
Washington State University,us
Washington University in St. Louis,us
Worcester Polytechnic Institute,us
Yale University,us
