Alvin W. Wolfe,University of South Florida
John Scott,University of Plymouth
Devan Rosen,University of Hawaii
Jang-Hyun Kim 0001,University of Hawaii
David Knoke,University of Minnesota
Robert A. Hanneman,University of California - Riverside
Christian R. Shelton,University of California - Riverside
Nasrullah Memon,Global University
Charalampos E. Tsourakakis,Carnegie Mellon University
Petros Drineas,Rensselaer Polytechnic Institute
Eirinaios Michelakis,University of California - Berkeley
Ioannis Koutis,Carnegie Mellon University
Frédéric Gilbert 0001,CNRS
Paolo Simonetto,CNRS
Romain Bourqui,CNRS
Troy Raeder,University of Notre Dame
Hossam Sharara,University of Maryland - College Park
Lisa Singh,Georgetown University
Lise Getoor,University of Maryland - College Park
Janet Mann,Georgetown University
Claudia Müller-Birn,Carnegie Mellon University
Andreas Erber,University of Potsdam
Sebastian Burkhart,University of Potsdam
Anne Baumgraß,Vienna University of Economics and Business
Robert Schmidl,University of Potsdam
Ankush Garg,University of California - Davis
Ilham Esslimani,Nancy University
Armelle Brun,Nancy University
Anne Boyer,Nancy University
Muhaimenul Adnan,University of Calgary
Mohamad Nagi,University of Bradford
Keivan Kianmehr,University of Calgary
Radwan Tahboub,Palestine Polytechnic University
Mick J. Ridley,University of Bradford
Michael Kaufmann 0001,University of Tübingen
Leyla Zhuhadar,University of Louisville
Olfa Nasraoui,University of Louisville
Robert Wyatt,Western Kentucky University
Mehmet Kayaalp 0001,TOBB Economics and Technology University
Tansel Özyer,TOBB Economics and Technology University
Sibel Tariyan Özyer,Çankaya University
Mohamed Fazeen,University of North Texas
Ram Dantu,University of North Texas
Parthasarathy Guturu,University of North Texas
Sherief Abdallah,University of Edinburgh
Di Wang 0001,University of Manchester
Alistair G. Sutcliffe,University of Manchester
Xiao-Jun Zeng,University of Manchester
Li Chen 0009,Hong Kong Baptist University
Luole Qi,Hong Kong Baptist University
Manh Cuong Pham,RWTH Aachen
Ralf Klamma,RWTH Aachen
Matthias Jarke,RWTH Aachen
Chee Siang Ang,University of Kent
Sally Hamouda,Cairo University
Nayer M. Wanas,Electronics Research Institute
John Yearwood,University of Ballarat
Musa A. Mammadov,University of Ballarat
Dean Webb,University of Ballarat
Stéphane Peters,University Pierre et Marie Curie
Yann Jacob,University Pierre et Marie Curie
Ludovic Denoyer,University Pierre et Marie Curie
Wei Zhang 0050,Xi'an Jiaotong University
Kuai Xu,Arizona State University
Justus Bross,Hasso-Plattner-Institut
Keven Richly,Hasso-Plattner-Institut
Matthias Kohnen,Hasso-Plattner-Institut
Christoph Meinel,Hasso-Plattner-Institut
Yi-Kuang Ko,National Taiwan University
Jing-Kai Lou,National Taiwan University
Shyh-Kang Jeng,National Taiwan University
Fernando Ferri,Institute of Research on Population and Social Policies
Patrizia Grifoni,Institute of Research on Population and Social Policies
Tiziana Guzzo,Institute of Research on Population and Social Policies
Tomoyuki Yuasa,University of Tokyo
Susumu Shirayama,University of Tokyo
Lin Chen 0012,Queensland University of Technology
Yingzi Jin,University of Tokyo
Ching-Yung Lin,IBM
Yutaka Matsuo,University of Tokyo
Mitsuru Ishizuka,University of Tokyo
Walter Quattrociocchi,University of Siena
Eugenia Galeota,University of Rome Tor Vergata
Meeyoung Cha,KAIST
Hamed Haddadi,University of London
Aixin Sun,Nanyang Technological University
Guangying Hua,Bentley University
Dominique Haughton,Bentley University
Vasanth Nair,Louisiana Tech University
Sumeet Dua,Louisiana Tech University
Florian Skopik,AIT Austrian Institute of Technology
Mahadevan Vasudevan,University of Central Florida
Narsingh Deo,University of Central Florida
Frédéric Amblard,University of Social Science
Achim Rettinger,Karlsruhe Institute of Technology
James Caverlee,Texas A&M University
Bradley S. Rees,Florida Institute of Technology
Keith B. Gallagher,Florida Institute of Technology
Salvatore Catanese,University of Messina
Giacomo Fiumara,University of Messina
Christophe Thovex,CNRS
Francky Trichet,CNRS
Deepa Anand,CMR Institute of Management Studies
Oussama Allali,University Pierre and Marie Curie
Lionel Tabourier,University Pierre and Marie Curie
Moonam Ko,University of North Carolina
Malik Muhammad Saad Missen,The Islamia University of Bahawalpur
Darcy A. Davis,University of Notre Dame
Ryan Lichtenwalter,University of Notre Dame
Nitesh V. Chawla,University of Notre Dame
Zeinab Liaghat,Pompeu Fabra University
Amir Hossein Rasekh,Islamic Azad University
Ala Mahdavi,Sharif University of Technology
Santhanakrishnan Anand,Stevens Institute of Technology
Rajarathnam Chandramouli,Stevens Institute of Technology
Koduvayur P. Subbalakshmi,Stevens Institute of Technology
Mukundan Venkataraman,Stevens Institute of Technology
Amit Goyal 0002,University of British Columbia
Laks V. S. Lakshmanan,University of British Columbia
Suresh Venkatasubramanian,University of Utah
Peter Lachenmaier,Bundeswehr University Munich
Florian Ott,Bundeswehr University Munich
Michael Koch 0001,Bundeswehr University Munich
Sharath Hiremagalore,George Mason University
Angelos Stavrou,George Mason University
Huzefa Rangwala,George Mason University
Darko Obradovic,University of Kaiserslautern
Andreas Dengel 0001,University of Kaiserslautern
André Nichterlein,TU Berlin
Johannes Uhlmann,TU Berlin
Mathias Weller,TU Berlin
G. Poornalatha,National Institute of Technology
Prakash S. Raghavendra,National Institute of Technology
Ram Babu Roy,Indian Institute of Management
Uttam Kumar Sarkar,Indian Institute of Management
Juan Lang,University of California - Davis
Shyhtsun Felix Wu,University of California - Davis
Sukru Tikves,Arizona State University
Sujogya Banerjee,Arizona State University
Hamy Temkit,Arizona State University
Sedat Gokalp,Arizona State University
Arunabha Sen,Arizona State University
Steven R. Corman,Arizona State University
Mark Woodward,Arizona State University
Shreejay Nair,Arizona State University
Inayah Rohmaniyah,Gadjah Mada University
Dana Popovici,CNRS
Mikael Desertot,CNRS
Sylvain Lecomte,CNRS
Thierry Delot,CNRS
Tsung-Ting Kuo,National Taiwan University
Chien-Tung Ho,National Taiwan University
San-Chuan Hung,National Taiwan University
Wei-Shih Lin,National Taiwan University
Vinti Agarwal,Jawaharlal Nehru University
Kamal Kant Bharadwaj,Jawaharlal Nehru University
Sean Chester,University of Victoria
Bruce M. Kapron,University of Victoria
Gautam Srivastava,University of Victoria
S. Venkatesh 0001,University of Victoria
Kalapriya Kannan,IBM
Munish Goyal,IBM
George T. Jacob,IBM
Hao-Fan Yang,Queensland University of Technology
Jinglan Zhang,Queensland University of Technology
Paul Roe,Queensland University of Technology
Sandra A. Vannoy,Appalachian State University
Charlie C. Chen,Appalachian State University
B. Dawn Medlin,Appalachian State University
Srividhya Venugopal,Florida Institute of Technology
Evan Stoner,Florida Institute of Technology
Martin Cadeiras,University of California - Los Angeles
Nandamudi Lankalapalli Vijaykumar,National Institute for Space Research (INPE)
Cláudio Alex Jorge da Rocha,Federal Institute of Pará
João Crisóstomo Weyl Albuquerque Costa,Federal University of Pará
Carlos Renato Lisboa Francês,Federal University of Pará
Kirill Dyagilev,Technion
Shie Mannor,IBM
Marcin Budka,Bournemouth University
Katarzyna Musial,Kings College London
Mohamed M. Mostafa,Gulf University for Science and Technology
Dieudonné Tchuente,University of Toulouse
C. Marie-Françoise Canut,University of Toulouse
Nadine Jessel,University of Toulouse
André Péninou,University of Toulouse
Nancy Samaan,University of Ottawa
Andreas Harrer,Catholic University
Alona Schmidt,Catholic University
Jeanette B. Ruiz,University of California - Davis
Zhige Xin,University of California - Davis
Nikolay Korovaiko,University of Victoria
Alex Thomo,University of Victoria
Jyi-Shane Liu,National Chengchi University
Ke-Chih Ning,National Chengchi University
Wan-Chun Chuang,National Chengchi University
Ee-Peng Lim,Singapore Management University
Stuart W. Shulman,University of Massachusetts
Michal Jankowski-Lorek,Polish-Japanese Institute of Information Technology
Lukasz Ostrowski,Polish-Japanese Institute of Information Technology
Piotr Turek,Polish-Japanese Institute of Information Technology
Adam Wierzbicki,Polish-Japanese Institute of Information Technology
Yazhe Wang,Singapore Management University
Baihua Zheng,Singapore Management University
John L. Pfaltz,University of Virginia
Guido Sautter,Karlsruhe Institute of Technology
Eva Zangerle,Institute of Computer Science
Wolfgang Gassler,Institute of Computer Science
Günther Specht,Institute of Computer Science
Nicolas Kourtellis,University of South Florida
Ramanuja Simha,University of Delaware
Rahul Tripathi,University of South Florida
Zachary Neal,Michigan State University
Yue Wang 0009,University of North Carolina
Yuan Yao 0001,Nanjing University
Hanghang Tong,Nanjing University
Feng Xu 0007,CUNY
Jian Lu 0001,Nanjing University
Zhiyong Zhang 0002,Xi'an Jiaotong University
Kanliang Wang,Henan University of Science and Technology
Zoheb Hassan Borbora,University of Minnesota
Muhammad Aurangzeb Ahmad,University of Minnesota
Jehwan Oh,University of Minnesota
Tetsuya Yoshida,Hokkaido University
Justin Fagnan,University of Alberta
Ricardo J. G. B. Campello,University of Alberta
Onur Küçüktunç,Ohio State University
Kamer Kaya,Ohio State University
Erik Saule,Ohio State University
Ümit V. Çatalyürek,Ohio State University
Xia Hu,Arizona State University
Andrea Ballatore,University College Dublin
Ilaria Tiddi,Open University
Michael K. Martin,Carnegie Mellon University
Aparna Gullapalli,Carnegie Mellon University
Daniel Faria Bernardes,CNRS
Fabien Tarissan,CNRS
Sean Eyre,U.S. Military Academy
Damon Paulo,U.S. Military Academy
Mahmoudreza Babaei,Sharif University of Technology
Baharan Mirzasoleiman,Sharif University of Technology
Mohammad Ali Safari,Sharif University of Technology
Alysson Bolognesi Prado,State University of Campinas
Maria Cecília Calani Baranauskas,State University of Campinas
Stefan Stieglitz,University of Muenster
Linh Dang-Xuan,University of Muenster
Charles Perez,CNRS
Babiga Birregah,CNRS
Marc Lemercier,CNRS
Alexander V. Mantzaris,University of Strathclyde
Peter Grindrod,University of Oxford
Desmond J. Higham,University of Strathclyde
Hyoungshick Kim,Sungkyunkwan University
Eiko Yoneki,University of Cambridge
C. A. Piña-García,University of Essex
Dongbing Gu,University of Essex
Ghufran Al-Shiridah,Kuwait University
Khaled Mahdi,Kuwait University
Maytham Safar,Kuwait University
Nikolaos Mantas,Aristotle University
Yi-Chen Lo,National Taiwan University
Hung-Che Lai,National Taiwan University
Cheng-Te Li,National Taiwan University
Shou-De Lin,National Taiwan University
Wen Xu 0005,University of Texas at Dallas
Zaixin Lu,University of Texas at Dallas
Carson Kai-Sang Leung,University of Manitoba
Syed Khairuzzaman Tanbeer,University of Manitoba
Juan J. Cameron,University of Manitoba
Jeffrey Chan,University of Melbourne
Samantha Lam,Digital Enterprise Research Institute
Chanhyun Kang,University of Maryland - College Park
Andrea Pugliese 0001,University of Calabria
John Grant,University of Maryland - College Park
V. S. Subrahmanian,University of Maryland - College Park
Cristiano André da Costa,University of Vale do Rio dos Sinos (UNISINOS)
Dante Zaupa,University of Vale do Rio dos Sinos (UNISINOS)
Jorge Luis Victória Barbosa,University of Vale do Rio dos Sinos (UNISINOS)
Rodrigo da Rosa Righi,University of Vale do Rio dos Sinos (UNISINOS)
João de Camargo,University of Vale do Rio dos Sinos (UNISINOS)
Nikolas Daroit,University of Vale do Rio dos Sinos (UNISINOS)
Adenauer Corrêa Yamin,UFPE
Jennifer Golbeck,University of Maryland - College Park
Bogdan Gliwa,AGH University of Science and Technology
Anna Zygmunt,AGH University of Science and Technology
Jiawei Han 0001,University Illinois at Urbana-Champaign
Arkaitz Zubiaga,City University of New York
Heng Ji,Rensselaer Polytechnic Institute
Chhavi Rana,University Institute of Engineering and Technology
Sanjay Kumar Jain,National Institute of Technology
Ming-Feng Tsai,National Chengchi University
Chih-Wei Tzeng,National Chengchi University
Zhe-Li Lin,National Chengchi University
Arbee L. P. Chen,National Chengchi University
Anna Vartapetiance,University of Surrey
Lee Gillam,University of Surrey
Mathias R. Kuhnt,Dresden University of Technology
Oliver A. Brust,Dresden University of Technology
Ben Collingsworth,Florida Institute of Technology
Diana Palsetia,Northwestern University
Md. Mostofa Ali Patwary,Northwestern University
Ankit Agrawal,Northwestern University
Alok N. Choudhary,Northwestern University
Ali Rahmani,University of Calgary
Alan Chia-Lung Chen,University of Calgary
Abdullah Sarhan,University of Calgary
Jamal Jida,Lebanese University
Moshen Shahriari,Sharif University of Technology
Alexandru-Florin Tatar,CNRS
Panayotis Antoniadis,ETH Zurich
Marcelo Dias de Amorim,CNRS
Serge Fdida,CNRS
Md. Nafiz Hamid,Islamic University of Technology (IUT)
Md. Abu Naser,Islamic University of Technology (IUT)
Hasan Mahmud,Islamic University of Technology (IUT)
David Filonuk,Carnegie Mellon University
Geoffrey P. Morgan,Carnegie Mellon University
Bryan Perozzi,Stony Brook University
Malhar Anjaria,National Institute of Technology
Laurie Grieshober,State University of New York and Buffalo
Wenchang Xu,Tsinghua University
Hila Koren,University of Haifa
Ido Kaminer,Technion
Daphne R. Raban,University of Haifa
Sandipan Sikdar,Indian Institute of Technology
Konstantinos Pelechrinis,University of Pittsburgh
De Wang,Georgia Institute of Technology
Danesh Irani,Georgia Institute of Technology
Calton Pu,Georgia Institute of Technology
Tobias Hoßfeld,University of Würzburg
Valentin Burger,University of Würzburg
Haye Hinrichsen,University of Würzburg
Matthias Hirth,University of Würzburg
Phuoc Tran-Gia,University of Würzburg
James Abello,Rutgers University
Aibek Makazhanov,Nazarbayev University Research and Innovation System
Davood Rafiei,University of Alberta
Muhammad Waqar,University of Alberta
Aviad Elyashar,Ben-Gurion University of the Negev
Fred Morstatter,Carnegie Mellon University
Tianqing Zhu,Deakin University
Lei Pan 0002,Deakin University
Martine Collard,University of the French West Indies and Guiana
Eamonn O'Loughlin,University College Dublin
Diane Payne,University College Dublin
Acar Tamersoy,Georgia Institute of Technology
Elias B. Khalil,Georgia Institute of Technology
Bo Xie 0002,Georgia Institute of Technology
Bryan R. Routledge,Carnegie Mellon University
Shamkant B. Navathe,Georgia Institute of Technology
Lingfei Wu,Arizona State University
Robert Ackland,Australian National University
John Champaign,University of Waterloo
Robin Cohen,University of Waterloo
Noel Sardana,University of Waterloo
John A. Doucette,University of Waterloo
Petko Bogdanov,University of California - Santa Barbara
Michael Busch,University of California - Santa Barbara
Jeff Moehlis,University of California - Santa Barbara
Ambuj K. Singh,University of California - Santa Barbara
Daniel Archambault,Swansea University
Neil J. Hurley,University College Dublin
Pete Burnap,Cardiff University
Matthew L. Williams,Cardiff University
Luke Sloan,Cardiff University
Omer F. Rana,Cardiff University
William Housley,Cardiff University
Adam Edwards,Cardiff University
Vincent A. Knight,Cardiff University
Rob Procter,Warwick University
Alex Voss,St Andrews University
Yongli Ren,Deakin University
Gang Li 0009,Deakin University
Jun Zhang 0010,Deakin University
Wanlei Zhou,Deakin University
Américo Guerreiro,University of Porto
Theo Lins,Federal University of Minas Gerais
Adriano César Machado Pereira,Federal University of Minas Gerais
Sibel Adali,Rensselaer Polytechnic Institute
Alexey Uversky,Temple University
Dusan Ramljak,Temple University
Vladan Radosavljevic,Temple University
Kosta Ristovski,Temple University
Zoran Obradovic,Temple University
Ahmed Abdeen Hamed,University of Vermont
Xindong Wu 0001,University of Vermont
Alan Rubin,University of Vermont
Mingxiang Zhu,China University of Mining and Technology
Tianjie Cao,China University of Mining and Technology
Xiangying Jiang,China University of Mining and Technology
Lidan Fan,University of Texas at Tyler
Xuming Zhai,Taiyuan Institute of Technology
Kai Xing,University of Texas at Dallas
Wonjun Lee,University of Texas at Dallas
Ding-Zhu Du,Korea University
Gnana Thedchanamoorthy,University of Sydney
Shahadat Uddin,University of Sydney
Upul Senanayake,University of Sydney
Folke Mitzlaff,University of Kassel
Martin Atzmüller,University of Kassel
Andreas Hotho,University of Wuerzburg
Christoph Scholz 0001,University of Kassel
Martin Atzmueller,University of Kassel
Karthik Subbian,University of Minnesota
Dhruv Sharma,University of Minnesota
Zhen Wen,IBM
Vaibhav Bhembre,State University of New York at Buffalo
Joon S. Park,Syracuse University
Yifan Hao,New Mexico State University
Huiping Cao,New Mexico State University
Chuan Hu,New Mexico State University
Kabi Bhattarai,New Mexico State University
Satyajayant Misra,New Mexico State University
Md Abdul Alim,University of Florida
Ahmed Ibrahem Hafez,Minia University
Owen Sacco,National University of Ireland
Murat Kantarcioglu,University of Texas at Dallas
Dorit Baras,IBM
Amir Ronen,IBM
Elad Yom-Tov,Microsoft
Amin Javari,Sharif University of Technology
Miray Kas,Google
Mohsen JafariAsbagh,Indiana University
Onur Varol,Indiana University
Filippo Menczer,Indiana University
Alessandro Flammini,Indiana University
Gourab Ghoshal,Northeastern University
Giuseppe Mangioni,University of Catania
Julia Poncela-Casasnovas,Northwestern University
Tudor Dumitras,University of Maryland - College Park
B. Aditya Prakash,Virginia Tech
Mohammad Moshirpour,University of Calgary
Shimaa M. El-Sherif,University of Calgary
Behrouz H. Far,Global University
Steve Webb,Georgia Institute of Technology
Hancheng Ge,Texas A&M University
Marcos A. C. Oliveira,Florida Institute of Technology
Carmelo J. A. Bastos Filho,University of Pernambuco
Ronaldo Menezes,Florida Institute of Technology
Róbert Pálovics,Hungarian Academy of Sciences
András A. Benczúr,Technical University Budapest
William Frankenstein,Carnegie Mellon University
Tian Zheng,Columbia University
Jon Parker,Georgetown University
Andrew Yates,Johns Hopkins University
Nazli Goharian,Georgetown University
Ophir Frieder,Georgetown University
Rui Zeng,Yunnan Normal University
Quan Z. Sheng,University of Adelaide
Andrew Runka,Carleton University
Mahdi Abdelkafi,Miracl laboratory/ISIM/University of Sfax
Tanay Kumar Saha,Indiana University
Adriano Galati,University of Leeds
Chris Greenhalgh,University of Leeds
Soon Ae Chun,City University of New York
Zhi Wei,New Jersey Institute of Technology
James Geller,New Jersey Institute of Technology
Hemank Lamba,Carnegie Mellon University
Ramasuri Narayanam,IBM
Wenjun Wang 0004,University of Iowa
William Nick Street,University of Iowa
Tanmoy Chakraborty 0002,Indian Institute of Technology
Niloy Ganguly,Indian Institute of Technology
Animesh Mukherjee 0001,Indian Institute of Technology
Pedro Paredes 0002,Porto
Pedro Manuel Pinto Ribeiro,Porto
Adrien Guille,University of Lyon
Cécile Favre,University of Lyon
Ryota Tomioka,Toyota Technological Institute at Chicago
Kenji Yamanishi,University of Tokyo
Günce Keziban Orman,Galatasaray University
Jean-François Boulicaut,CNRS
R. Chulaka Gunasekara,Syracuse University
Kishan G. Mehrotra,Syracuse University
Chilukuri K. Mohan,Syracuse University
Adham Beykikhoshk,Deaking University
Ognjen Arandjelovic,Deaking University
Dinh Q. Phung,Deaking University
Svetha Venkatesh,Deaking University
Terry Caelli,Deaking University
Michael Brutz,University of Colorado
François G. Meyer,University of Colorado
Vasudev Bhat,Stony Brook University
Adheesh Gokhale,Stony Brook University
Ravi Jadhav,Stony Brook University
Jagat Sastry Pudipeddi,Stony Brook University
Leman Akoglu,Stony Brook University
Catherine Faron-Zucker,CNRS
Dimitrios Kotsakos,University of Athens
Panos Sakkos,University of Athens
Ioannis Katakis,University of Athens
Dimitrios Gunopulos,University of Athens
Faraz Zaidi,Levich Institute and Physics Department
Mohammad Qasim Pasta,Karachi Institute of Economics and Technology
Arnaud Sallaberry,Karachi Institute of Economics and Technology
Guy Melançon,Usman Institute of Technology
Yi-Cheng Peng,National Tsing Hua University
Jheng-He Liang,National Tsing Hua University
Fernando Calderon,National Tsing Hua University
Chung-Hao Chang,National Tsing Hua University
Ya-Ting Chuang,National Tsing Hua University
Tzu-Lung Chen,National Tsing Hua University
Elizabeth Kwan,National Tsing Hua University
Pranav Thulasiram Bhat,National Institute of Technology
Rohit Varkey Thankachan,National Institute of Technology
K. Chandrasekaran 0001,National Institute of Technology
Jalal S. Alowibdi,University of Jeddah
Ugo A. Buy,University of Illinois at Chicago
Philip S. Yu,University of Illinois at Chicago
Sohaib Ghani,Umm Al-Qura University
Mohamed F. Mokbel,Umm Al-Qura University
Giles Oatley,Cardiff Metropolitan University
Tom Crick,Cardiff Metropolitan University
Mahnaz Roshanaei,University of Colorado
Walid Magdy,Khalifa University
Hassan Sajjad,Khalifa University
Tarek El-Ganainy,Khalifa University
Emoke-Ágnes Horvát,Northwestern University
Bryan Ek,Rochester Institute of Technology
Pablo Blanc,Ciudad Universitaria
Mingming Chen,Rensselaer Polytechnic Institute
Boleslaw K. Szymanski,Rensselaer Polytechnic Institute
Jichang Zhao,Beihang University
Ke Xu 0001,Beihang University
Christoph Trattner,NTNU
Masahiro Hamasaki,National Institute of Advanced Industrial Science and Technology (AIST)
Tai-Chi Wang,Academia Sinica
Frederick Kin Hing Phoa,Academia Sinica
Tun-Chieh Hsu,National Chengchi University
Maha Ben Kraiem,University of Sfax
Jamel Feki,University of Sfax
Kaïs Khrouf,University of Sfax
Franck Ravat,University of Toulouse
Olivier Teste,University of Toulouse
Kent Wickstrøm Jensen,University of Southern Denmark
Thomas Schott,University of Southern Denmark
Yuming Lin,Guilin University of Electronic Technology
Xiaoling Wang,East China Normal University
Aoying Zhou,East China Normal University
Sarah Bouraga,University of Namur
Ivan Jureta,University of Namur
Stéphane Faulkner,University of Namur
Dongjin Song,University of California - San Diego
David A. Meyer 0001,University of California - San Diego
Jesse R. Hammond,University of California - Davis
Sigal Sina,Bar Ilan University
Sarit Kraus,Bar Ilan University
Mehdi Kaytoue,CNRS
Yoann Pitarch,CNRS
Marc Plantevit,CNRS
Céline Robardet,CNRS
Afra Abnar,University of Alberta
Mansoureh Takaffoli,University of Alberta
Reihaneh Rabbany,University of Alberta
Osmar R. Zaïane,University of Alberta
Siddharth Bora,Indian Institute of Technology
Harvineet Singh,Indian Institute of Technology
Anirban Sen,Indian Institute of Technology
Amitabha Bagchi,Indian Institute of Technology
Parag Singla,Indian Institute of Technology
Stéphan Clémençon,CNRS
Héctor de Arazoza,CNRS
Viet-Chi Tran,CNRS
Amina Madani,Sciences Faculty Blida 1 University
Omar Boussaid,Lumiere Lyon 2 University
Jacob Dijkstra,University of Groningen
Srinka Basu,Jadavpur University
Ujjwal Maulik,Jadavpur University
Alireza Farasat,University at Buffalo
Alexander G. Nikolaev,University at Buffalo
Sargur N. Srihari,University at Buffalo
Rachael Hageman Blair,University at Buffalo
Saber Shokat Fadaee,Northeastern University
Mehrdad Farajtabar,Georgia Institute of Technology
Javed A. Aslam,Northeastern University
Nikos I. Passas,Northeastern University
Erick Stattner,University of the French West Indies and Guiana
Rabeb Mizouni,Khalifa University
Hadi Otrok,Khalifa University
Conny Kühne,Karlsruhe Institute of Technology
Klemens Böhm,Karlsruhe Institute of Technology
Engelbert Mephu Nguifo,CNRS
Clay Fink,Johns Hopkins University
Aurora Schmidt,Johns Hopkins University
Christopher J. Cameron,Cornell University
Michael Macy,Cornell University
Tamir Tassa,Open University
S. Venkatesan 0002,Indian Institute of Information Technology
Vladimir A. Oleshchuk,University of Agder
Chenniappan Chellappan,Anna University
Sourabh Prakash,Indian Institute of Information Technology
Sushant S. Khopkar,State University of New York at Buffalo
Rakesh Nagi,University of Illinois at Urbana-Champaign
Sumanth Patil,Utah State University
Kyumin Lee,Utah State University
Shengyu Huang,Arizona State University
Xinsheng Li,Arizona State University
K. Selçuk Candan,Arizona State University
Maria Luisa Sapino,University of Torino
Shannon Conley,Firat University
Sarwar Kamal,East West University Bangladesh
Mohammad Shamsul Arefin,Chittagong University of Engineering and Technology
Arash Nobari,Bu-Ali Sina University
Vahid Khodakarami,Bu-Ali Sina University
Reza Eslamipoor,Yazd University
Hassan Hosseini Nasab,Yazd University
Bin Zhou 0003,Southern Illinois University
Eva García Martín,Blekinge Institute of Technology
Niklas Lavesson,Blekinge Institute of Technology
Cong Liao,Pennsylvania State University
Anna Cinzia Squicciarini,Pennsylvania State University
Christopher Griffin 0001,United States Naval Academy
Sarah Michele Rajtmajer,Pennsylvania State University
Rémy Cazabet,National Institute of Informatics
Hideaki Takeda 0001,National Institute of Informatics
Mário Cordeiro,Porto University
Rui Sarmento,Porto University
Rolf T. Wigand,University of Arkansas
Serpil Tokdemir Yuce,University of Arkansas
Rafal Kasprzyk,Military University of Technology
Chen Avin,Ben Gurion University of the Negev
Zvi Lotker,Ben Gurion University of the Negev
David Peleg,University of Paris Diderot
Itzik Turkel,Weizmann Institute of Science
Fabrizio Sebastiani 0001,Khalifa University
Maarten Marx,University of Amsterdam
Michael Hamann,Karlsruhe Institute of Technology
Gerd Lindner,Karlsruhe Institute of Technology
Dorothea Wagner,Karlsruhe Institute of Technology
Cherry Ahmed,Cairo University
Abeer ElKorany,Cairo University
Reem Bahgat,Cairo University
Ryosuke Nishi,National Institute of Informatics
Keigo Oka,Tottori University
Takanori Maehara,National Institute of Informatics
Ken-ichi Kawarabayashi,National Institute of Information and Communications Technology
Ogheneovo Dibie,University of Colorado
Tamara Sumner,University of Colorado
Vladimir Batagelj,University of Ljubljana
Selena Praprotnik,University of Ljubljana
Saptarshi Chakraborty,VIT University
B. K. Tripathy,VIT University
Corey Pennycuff,University of Notre Dame
Tim Weninger,University of Notre Dame
Rostyslav Korolov,Rensselaer Polytechnic Institute
Justin Peabody,Washington University in St. Louis
Allen Lavoie,Washington University in St. Louis
Sanmay Das,Washington University in St. Louis
Malik Magdon-Ismail,Rensselaer Polytechnic Institute
William A. Wallace,Rensselaer Polytechnic Institute
Peng Xia,University of Massachusetts
Shuangfei Zhai,Binghamton Univeristy
Benyuan Liu,University of Massachusetts
Yizhou Sun,Northeastern University
Cindy X. Chen,University of Massachusetts
Reza Farahbakhsh,CNRS
Ángel Cuevas,CNRS
Angelo Corallo,University of Salento
Cristian Bisconti,University of Salento
Laura Fortunato,University of Salento
Antonio Andrea Gentile,University of Bristol
Amira Soliman 0001,Royal Institute of Technology (KTH)
Leila Bahri,Insubria University
Barbara Carminati,Insubria University
Elena Ferrari,Insubria University
Billel Hamadache,Badji Mokhtar Annaba-University
Hassina Seridi-Bouchelaghem,Badji Mokhtar Annaba-University
Nadir Farah,Badji Mokhtar Annaba-University
Davide Vega,University of Bologna
Robert J. Mokken,University of Amsterdam
Steven Laan,University of Amsterdam
Monika Singh,PEC University of Technology
Divya Bansal,PEC University of Technology
Sanjeev Sofat,PEC University of Technology
Santi Phithakkitnukoon,Chiang Mai University
Francisco Louçã,Lisbon University
David F. Nettleton,Universitat Pompeu Fabra
Frans Coenen,University of Liverpool
Rob M. Christley,University of Liverpool
Maria Patrizia Vittoria,Institute for Research on Innovation and Services for Development (IRISS)
Pasquale Napolitano,Institute for Research on Innovation and Services for Development (IRISS)
Iasonas Polakis,Columbia University
Frank Garcea,University of Rochester
Bradford Z. Mahon,University of Rochester
Jose Cadena,Virginia Tech
Achla Marathe,Virginia Tech
Anil Vullikanti,Virginia Tech
Wei Wei 0019,Carnegie Mellon University
Kenneth Joseph,Carnegie Mellon University
Huan Liu 0001,Arizona State University
Khaled Almgren,University of Bridgeport
Dharshana Kasthurirathna,University of Sydney
Michael Harré,University of Sydney
Mahendra Piraveenan,University of Sydney
Joydip Dhar,Indian Institute of Information Technology
Bijan Ranjbar Sahraei,Maastricht University
Haitham Bou-Ammar,Princeton University
Karl Tuyls,University of Liverpool
Gerhard Weiss,Maastricht University
Anna Monreale,University of Pisa
Alireza Rezvanian,Amirkabir University of Technology
Mohammad Reza Meybodi,Amirkabir University of Technology
Mohamed Shehab,University of North Carolina
Hakim Touati,University of North Carolina
Yousra Javed,University of North Carolina
Alankar Jain,IBM
Vivek S. Borkar,IIT Bombay
Dinesh Garg,IIT Gandhinagar
Elham Shaabani,Arizona State University
Abhinav Bhatnagar,Arizona State University
Anita Zakrzewska,Georgia Institute of Technology
Hariton Efstathiades,University of Cyprus
Demetris Antoniades,University of Cyprus
George Pallis 0001,University of Cyprus
Marios D. Dikaiakos,University of Cyprus
Bo Gao 0002,KU Leuven
Bettina Berendt,KU Leuven
Joaquin Vanschoren,TU Eindhoven
Danilo Montesi,University of Bologna
Hira Zaheer,Indian Institute of Technology
Farsad Zamani Boroujeni,Islamic Azad University
Mohammad Behnia,Islamic Azad University
Simindokht Jahangard,Amirkabir University of Technology
Christopher M. Smith,Air Force Institute of Technology
William T. Scherer,University of Virginia
Andrew Todd,University of Virginia
Saeed NasehiMoghaddam,University of Zanjan
Mehdi Ghazanfari,Iran University of Science and Technology
Md. Saddam Hossain Mukta,Bangladesh University of Engineering and Technology
Mohammed Eunus Ali,Bangladesh University of Engineering and Technology
Jalal Mahmud,IBM
David J. Crandall,Indiana University
Hamidreza Alvari,University of Central Florida
Alireza Hajibagheri,University of Central Florida
Gita Sukthankar,University of Central Florida
NhatHai Phan,University of Oregon
Dejing Dou,University of Oregon
Ilire Hasani-Mavriqi,Graz University of Technology
Florian Geigl,Graz University of Technology
Subhash Chandra Pujari,Graz University of Technology
Elisabeth Lex,Graz University of Technology
Denis Helic,Graz University of Technology
Charalampos Chelmis,University of Southern California
Annapurna Jonnalagadda,VIT University
Lakshmanan Kuppusamy,VIT University
Jannis Koch,Karlsruhe Institute of Technology
Christian L. Staudt,Karlsruhe Institute of Technology
Maximilian Vogel,Karlsruhe Institute of Technology
Henning Meyerhenke,Karlsruhe Institute of Technology
Paridhi Jain 0001,Indraprastha Institute of Information Technology (IIIT-Delhi)
Riccardo Guidotti,University of Pisa
Ioanna Miliou,University of Pisa
Noé Gaumont,CNRS
Rahat Ibn Rafiq,University of Colorado
Homa Hosseinmardi,University of Colorado
Sabrina Arredondo Mattson,University of Colorado
Richard Han,University of Colorado
Qin Lv,University of Colorado
Pavlos Paraskevopoulos,University of Trento
Themis Palpanas,Paris Descartes University
Mohsen Shahriari,RWTH Aachen
Omid Askari Sichani,University of California - Santa Barbara
Joobin Gharibshah,University of California - Riverside
Mahdi Jalili,RMIT University
Elvis Saravia,National Tsing Hua University
Carlos Rene Argueta,National Tsing Hua University
Yi-Shin Chen,National Tsing Hua University
Simon Bourigault,CNRS
Gennaro Cordasco,University of Naples
Luisa Gargano,University of Salerno
Adele A. Rescigno,University of Salerno
Sudhir B. Kylasa,Purdue University
Giorgios Kollias,IBM
Ananth Grama,Purdue University
Azadeh Hemmati,University of Sydney
Eelke M. Heemskerk,Leiden University
Shampa Chakraverty,Netaji Subhas Institute of Technology
Anuradha Yadav,Netaji Subhas Institute of Technology
Ritu Sibal,Netaji Subhas Institute of Technology
Blair D. Sullivan,North Carolina State University
Christian Brugger,University of Kaiserslautern
André Lucas Chinazzo,University of Kaiserslautern
Alexandre Flores John,University of Kaiserslautern
Christian de Schryver,University of Kaiserslautern
Norbert Wehn,University of Kaiserslautern
Wolfgang Eugen Schlauch,University of Kaiserslautern
Mayank Yadav,Indian Institute of Technology
Rana Forsati,Michigan State University
Iman Barjasteh,Michigan State University
Dennis Ross,Michigan State University
Abdol-Hossein Esfahanian,Michigan State University
Hayder Radha,Michigan State University
Luca Pappalardo,University of Pisa
Riivo Kikas,University of Pisa
Fosca Giannotti,University of Pisa
Tayfun Tuna,University of Houston
Esra Akbas,Florida State University
Ahmet Aksoy,University of Nevada
Muhammed Abdullah Canbaz,University of Nevada
Umit Karabiyik,Sam Houston State University
Bilal Gonen,University of Cincinnati
Ramazan Aygun,University of Alabama
Ke Jiang,University of California - Davis
Jiamou Liu,University of Auckland
Anastasia Moskvina,Auckland University of Technology
Anuradha Goswami,Symbiosis International University (SIU)
Ajey Kumar,Symbiosis International University (SIU)
Panagiotis Georgiadis 0001,University of Athens
Peixin Gao,University of Maryland - College Park
Hui Miao 0001,University of Maryland - College Park
John S. Baras,University of Maryland - College Park
MohammadTaghi Hajiaghayi,University of Maryland - College Park
Xuhong Zhang 0001,University of California - Irvine
Carter T. Butts,University of California - Irvine
Riadh Bouslimi,Higher Institute of Technological Studies
Mouhamed Gaith Ayadi,ISG-University of Tunis
Dave McKenney,Carleton University
Tony White,Carleton University
Kevin Ryczko,University of Ontario Institute of Technology
Adam Domurad,University of Waterloo
Nicholas Buhagiar,Ryerson University
Ahlem Nabli,University of Tunis
Mohamed Hammami,Al-Baha University
Pravallika Devineni,University of California - Riverside
Christos Faloutsos,Carnegie Mellon University
Alan Kuhnle,University of Florida
Nam P. Nguyen,Towson University
Thang N. Dinh,Virginia Commonwealth University
My T. Thai,Ton Duc Thang University
Jinseok Kim 0001,University of Illinois at Urbana-Champaign
Jana Diesner,University of Illinois at Urbana-Champaign
Kazunori Seki,University of Tokyo
Masataka Nakamura,University of Tokyo
Yasmine Chaabani,University of Tunis
Parul Goyal Wasan,Manav Rachna International University
Neera Jain,Business Communication Management Development Institute
Richard O. Sinnott,University of Melbourne
Lule Ahmedi,University of Prishtina
Korab Rrmoku,University of Prishtina
Kadri Sylejmani,University of Prishtina
Dardan Shabani,University of Prishtina
Prateek Dewan,Indraprastha Institute of Information Technology - Delhi (IIITD)
Ponnurangam Kumaraguru,Indraprastha Institute of Information Technology - Delhi (IIITD)
Amna Dridi,Higher Institute of Management of Tunis
Yahya Slimani,High Institute of Multimedia Arts of Manouba
Khawla Asmi,CNRS
Sho Tsugawa,University of Tsukuba
Hiroyuki Ohsaki,Kwansei Gakuin University
Johnnatan Messias,UFMG
João Paulo Diniz,UFMG
Elias Soares,UFMG
Miller Ferreira,UFMG
Matheus Araújo,UFMG
Lucas Bastos,UFMG
Manoel Miranda,UFMG
Niyati Aggrawal,Jaypee Institute of Information Technology
Archit Ahluwalia,Jaypee Institute of Information Technology
Prashi Khurana,Jaypee Institute of Information Technology
Anuja Arora,Jaypee Institute of Information Technology
Seyed Mohammad Taheri,Sharif University of Technology
Mohammad Firouzi,Sharif University of Technology
Elahe Ghalebi K.,TU Wien
Arijit Khan 0001,Nanyang Technological University
Charu C. Aggarwal,IBM
Nikos Salamanos,Athens University of Economics and Business
Elli Voudigari,Athens University of Economics and Business
Emmanuel J. Yannakoudakis,Athens University of Economics and Business
Natarajan Meghanathan,Jackson State University
Paraskevas Tsantarliotis,University of Ioannina
Evaggelia Pitoura,University of Ioannina
Panayiotis Tsaparas,University of Ioannina
Chao Huang 0001,University of Notre Dame
Shenglong Zhu,University of Notre Dame
Brian Mann,University of Notre Dame
Mauro Coletto,Ca' Foscari University of Venice
Claudio Lucchese,Nokia Bell Labs
Fabrizio Silvestri,Ca' Foscari University of Venice
Muhammad Fahim Uddin,University of Bridgeport
Jeongkyu Lee,University of Bridgeport
Mark Kibanov,University of Kassel
Gerd Stumme,University of Kassel
Dimitrios Kravvaris,Ionian University
Katia Lida Kermanidis,Ionian University
Nikos Tziritas,Chinese Academy of Sciences
Eirini-Eleni Tsiropoulou,University of New Mexico
Athina Thanou,University of Athens
Symeon Papavassiliou,University of Athens
P. M. Krishnaraj,Ramaiah Institute of Technology
Ankith Mohan,Ramaiah Institute of Technology
Anne-Sophie Himmel,TU Berlin
Hendrik Molter,TU Berlin
Manuel Sorge,TU Berlin
Sergio Greco,University of Calabria
Cristian Molinaro,University of Calabria
Chiara Pulice,University of Maryland - College Park
Ximena Quintana,University of Maryland - College Park
Michael Crawford,Florida Atlantic University
Reema Aswani,Indian Institute of Technology
S. P. Ghrera,Jaypee University of Information Technology
Arpan Kumar Kar,Indian Institute of Technology
Satish Chandra 0003,Jaypee Institute of Information Technology
Angeliki Antoniou,University of the Peloponnese
George Lepouras,University of the Peloponnese
Vassilis Poulopoulos,University of the Peloponnese
Stavroula Bampatzia,University of the Peloponnese
Ioannis Bourlakos,University of the Peloponnese
Soumajit Pramanik,IIT Kharagpur
Qinna Wang,CNRS
Bivas Mitra,IIT Kharagpur
Michalis Korakakis,Ionian University
Evaggelos Spyrou,Institute of Informatics and Telecommunications
Stavros J. Perantonis,Institute of Informatics and Telecommunications
Dimitrios Pappas,University of Sheffield
Iraklis Paraskakis,University of Sheffield
Lênin Ferreira Barbosa,University of São Paulo
Luciano Antonio Digiampietri,University of São Paulo
Abeed Sarker,University of Pennsylvania
Kamil Topal,Case Western Reserve University
Mehmet Koyutürk,Case Western Reserve University
Gultekin Özsoyoglu,Case Western Reserve University
Aparna Sarswat,National Institute of Technology
Vidyadhari Jami,National Institute of Technology
Ram Mohana Reddy Guddeti,National Institute of Technology
Waqas Khawaja,National University of Ireland
Brian Davis 0001,National University of Ireland
Michael Taylor 0002,University of Wolverhampton
Alberto Lumbreras,CNRS
Bertrand Jouve,CNRS
Manas Ranjan Patra,Berhampur University
Shampy Kamboj,Amity University
Zillur Rahman,Indian Institute of Technology
Georgios Drakopoulos,Ionian University
Andreas Kanavos,University of Patras
Phivos Mylonas,Ionian University
Spyros Sioutas,Ionian University
Sherali Zeadally,University of Kent
Mazen El-Masri,Qatar University
Nabeela Altrabsheh,Qatar University
Hanady Mansour,Qatar University
Ozer Ozdikis,Middle East Technical University
Pinar Karagoz,Middle East Technical University
Halit Oguztüzün,Middle East Technical University
Antonio Altamura,University of Salerno
Armando Faggiano,University of Salerno
Delfina Malandrino,University of Salerno
Alessandro Bessi,University of Southern California
Ehsan Mohammady Ardehaly,Illinois Institute of Technology
Aron Culotta,Illinois Institute of Technology
Tjeerd van Campen,Tilburg University
Herbert Hamers,Tilburg University
Bart Husslage,Fontys University of Applied Sciences
Roy Lindelauf,Netherlands Defense Academy
Pin-Yu Chen,IBM
Soumi Dutta,Indian Institute of Engineering Science and Technology
Sujata Ghatak,Institute of Engineering & Management
Ratnadeep Dey,Institute of Engineering & Management
Saptarshi Ghosh 0001,Indian Institute of Engineering Science and Technology
Ilhem Feddaoui,Tunis University
Faîçal Felhi,Tunis University
Jalel Akaichi,Tunis University
Yannick Léo,CNRS
Márton Karsai,CNRS
Eric Fleury,CNRS
Jing Tang 0004,Nanyang Technological University
Xueyan Tang,Nanyang Technological University
Junsong Yuan,State University of New York at Buffalo
Nagendra Kumar 0001,Indian Institute of Technology
Gopi Ande,Indian Institute of Technology
Jessu Shirish Kumar,Indian Institute of Technology
Manish Singh 0002,Indian Institute of Technology
Madhumangal Pal,Vidyasagar University
Alexander Strang,Case Western Reserve University
Oliver Haynes,Rochester Institute of Technology
Nathan D. Cahill,Rochester Institute of Technology
Darren A. Narayan,Rochester Institute of Technology
Pivithuru Wijegunawardana,Syracuse University
Vatsal Ojha,Carnegie Mellon University
Sucheta Soundarajan,Syracuse University
Chandan K. Reddy,Virginia Tech
Yike Liu,University of Michigan
Tara Safavi,University of Michigan
Neil Shah,Carnegie Mellon University
Yasin N. Silva,Arizona State University
Deborah L. Hall,Arizona State University
Christopher Rich,Arizona State University
JooYoung Lee,Innopolis University
Rasheed Hussain,Innopolis University
Victor Rivera,Innopolis University
Davlatbek Isroilov,Innopolis University
Germán Creamer,Stevens Institute of Technology
Supattana Sukrat,Prince of Songkla University
Borworn Papasratorn,King Mongkut's University of Technology Thonburi
Mohammad Ghane'i-Ostad,University of Birjand
Hamed Vahdat-Nejad,University of Birjand
Majid Abdolrazzagh-Nezhad,Bozorgmehr University of Qaenat
Xiaotao Gu,Tsinghua University
Jie Tang 0001,Tsinghua University
Jing Zhang 0001,Renmin University
Fanjin Zhang,Tsinghua University
Debing Liu,Tsinghua University
Haeran Cho,University of Bristol
Yi Yu 0003,University of Bristol
Dima Kagan,Ben-Gurion University of the Negev
Yuval Elovici,Ben-Gurion University of the Negev
Michael Fire,University of Washington
Kashfia Sailunaz,University of Calgary
Manmeet Dhaliwal,University of Calgary
Jon G. Rokne,University of Calgary
Reda Alhajj,University of Calgary
Taufik Sutanto,Syarif Hidayatullah State Islamic University Jakarta
Hiba Sebei,Sfax University
Mohamed Ali Hadj Taieb,Sfax University
Mohamed Ben Aouicha,Sfax University
Andreea Nita,University of Bucharest
Cristiana Maria Ciocanea,University of Bucharest
Steluta Manolache,University of Bucharest
Laurentiu Rozylowicz,University of Bucharest
Negar Emami,Shiraz University
Niloofar Mozafari,Shiraz University
Hamidreza Mahyar,Sharif University of Technology
Rouzbeh Hasheminezhad,TU Wien
Elaheh Ghalebi,ETH Zurich
Ali Nazemian,TU Wien
Radu Grosu,Sharif University of Technology
Ali Movaghar 0001,TU Wien
Maryam Zamanian,Arak University of Medical Sciences
Farzaneh Zolala,Institute for Futures Studies
Ali Akbar Haghdoost,Institute for Futures Studies
Mohammad Reza Baneshi,Institute for Futures Studies
Sorin Adam Matei,Purdue University
Amani Abu Jabal,Purdue University
Elisa Bertino,Purdue University
Sean M. Fitzhugh,U.S. Army Research Laboratory
Arwen H. DeCostanza,U.S. Army Research Laboratory
Elaheh Raisi,Virginia Tech
Bert Huang,Virginia Tech
Diego Perna,University of Calabria
Andrea Tagarelli,University of Calabria
Majed Al Zayer,University of Nevada
Mehmet Hadi Gunes,University of Nevada
Razieh Malekhosseini,Islamic Azad University
Mehdi Hosseinzadeh 0001,Iran University of Medical Sciences
Keyvan Navi,University of Human Development
Xingyu Niu,Columbia University
Irwin King,Chinese University of Hong Kong
Michael R. Lyu,Chinese University of Hong Kong
Jerry Scripps,Grand Valley State University
Christian Trefftz,Grand Valley State University
Zachary Kurmas,Grand Valley State University
Fattane Zarrinkalam,Ryerson University
Ebrahim Bagheri,Ryerson University
Hossein Fani,Ryerson University
Feras N. Al-Obeidat,Zayed University
Negar Ahmadi,Eindhoven University of Technology
Rene M. H. Besseling,Eindhoven University of Technology
Mykola Pechenizkiy,Eindhoven University of Technology
Brian Heredia,Florida Atlantic University
Joseph D. Prusa,Florida Atlantic University
Taghi M. Khoshgoftaar,Florida Atlantic University
L. Venkata Subramaniam,IBM
Yingjie Shi,Tianjin University
Xuechang Zhu,Tianjin University
Shuhan Yuan,University of Arkansas
Xintao Wu,University of Arkansas
Zahra Mousavilou,Zanjan University of Medical Sciences
Rozita Jamili Oskouei,Islamic Azad University
Jisun An,Qatar Computing Research Institute
Haewoon Kwak,Qatar Computing Research Institute
Soon-Gyo Jung,Qatar Computing Research Institute
Joni Salminen,Qatar Computing Research Institute
Yaser Sobhanifard,Iran University of Science and Technology
Ghodrat Allah Balighi,Iran University of Science and Technology
Juan Esteban Suarez Lopez,National University of Colombia
Mohammed Al-Taie,Universiti Teknologi Malaysia
Seifedine Nimer Kadry,Beirut Arab University
Matthieu Latapy,CNRS
Tiphaine Viard,CNRS
Clémence Magnien,CNRS
L. Richard Carley,Carnegie Mellon University
Manika Lamba,University of Delhi
Margam Madhusudhan,University of Delhi
Bhavtosh Rath,University of Minnesota
Wei Gao 0001,Victoria University of Wellington
Jing Ma 0004,Chinese University of Hong Kong
Jaideep Srivastava,University of Minnesota
Radhika Arava,Nanyang Technological University
Rishi Ranjan Singh,Indian Institute of Technology
Shubham Chaudhary 0001,Indian Institute of Technology
Manas Agarwal,Indian Institute of Technology
Yayati Gupta,Indian Institute of Technology
Debarati Das 0002,University of Minnesota
Akrati Saxena,Indian Institute of Technology
Ralucca Gera,Naval Postgraduate School
S. R. S. Iyengar,Indian Institute of Technology
Loris Belcastro,University of Calabria
Fabrizio Marozzo,University of Calabria
Paolo Trunfio,University of Calabria
Jyoti Sunil More,Affiliated to Mumbai University
Chelpa Lingam,Affiliated to Mumbai University
Ashkan Ebadi,University of Florida
Patrick J. Tighe,University of Florida
Parisa Rashidi,University of Florida
Tjeerd Zandberg,NHL-Stenden university of Applied Sciences
Mark Huisman,University of Groningen
Mehjabin Khatoon,B S Abdur Rahman Crescent Institute of Science and Technology
W. Aisha Banu,B S Abdur Rahman Crescent Institute of Science and Technology
Kelsey Suyehira,Boise State University
Arif Mohaimin Sadri,Florida International University
Samiul Hasan,University of Central Florida
Satish V. Ukkusuri,Purdue University
Keshab Nath,North Eastern Hill University
Swarup Roy,Sikkim University
Ruocheng Guo,Arizona State University
Ruggero G. Pensa,University of Turin
Gianpiero di Blasi,University of Turin
Livio Bioglio,University of Turin
Mohan Timilsina,National University of Ireland
Mathieu d'Aquin,National University of Ireland
Haixuan Yang,National University of Ireland
Laxmi Amulya Gundala,Boise State University
Shreekanth M. Prabhu,PES University
Balasubramanya Murthy Kannanedhi Narasimha Sastry,PES University
Natarajan Subramanyam,PES University
Anas Aloudat,University of Jordan
Ons Al-Shamaileh,Zayed University
Katina Michael,University of Wollongong
T. M. G. Tennakoon,Queensland University of Technology
Ali Vardasbi,University of Tehran
Mehdi Azaouzi,Institute of Computer Science
Delel Rhouma,Institute of Computer Science
Biraj Dahal,Clemson University
Sathish A. P. Kumar,Clemson University
Zhenlong Li,Coastal Carolina University
Aqsa Mehreen,University of Science and Technology of China
Yang Hui,University of Science and Technology of China
Ali Zulqurnain,University of Science and Technology of China
Tomilayo Komolafe,Virginia Tech
Sarah Henrickson Parker,Virginia Tech
Warren K. Bickel,Virginia Tech
Navaljeet Singh Arora,Indian Institute of Technology
Jürgen Lerner,University of Konstanz
Alessandro Lomi,University of Lugano
Adam Badawy,USC Information Sciences Institute
Aseel Addawood,University of Illinois at Urbana-Champaign
Kristina Lerman,USC Information Sciences Institute
Emilio Ferrara,USC Information Sciences Institute
Mohammad Ali Zare Chahooki,Yazd University
Raazesh Sainudiin,Uppsala University
Kumar Yogeeswaran,University of Canterbury
Kyle Nash,University of Alberta
Rania Sahioun,University of Canterbury
Oguzhan Çitlak,Gazi University
Murat Dörterler,Gazi University
Ibrahim Alper Dogru,Gazi University
Derek Doran,Wright State University
Luisa Massari,University of Pavia
Maria Carla Calzarossa,University of Pavia
Daniele Tessera,Catholic University
Junjie Zhang 0004,Wright State University
Yafang Wang,Shandong University
Gerard de Melo,Shandong University
Gerhard Weikum,Rutgers University
Ajitesh Srivastava,University of Southern California
Robin Petering,University of Southern California
Nicholas Barr,University of Southern California
Rajgopal Kannan,University of Southern California
Eric Rice,University of Southern California
Viktor K. Prasanna,University of Southern California
Panagiotis Symeonidis,Free University
Stergios Chairistanidis,Free University
Padam Kumar,Jaypee Institute of Information Technology
Ismail Kassou,Carnegie Mellon University
Xukun Li,Kansas State University
Doina Caragea,Kansas State University
Huaiyu Zhang,Kansas State University
Muhammad Imran 0002,Khalifa University
Zakariya Ghalmane,Mohammed V University
Mohammed El Hassouni,Mohammed V University
Hocine Cherifi,CNRS
Matteo Francia,University of Bologna
Enrico Gallinucci,University of Bologna
Matteo Golfarelli,University of Bologna
Mohammad Hajarian,Islamic Azad University
Azam Bastanfard,Islamic Azad University
Javad Mohammadzadeh,Islamic Azad University
Madjid Khalilian,Islamic Azad University
Bahareh Ashenagar,Shiraz University
Ali Hamzeh,Shiraz University
Didier Grimaldi,Ramon Llull University
Ammara Habib,Gomal University
Muhammad Zubair Asghar,Gomal University
Anam Habib,University of Peshawar
Aurangzeb Khan,Gomal University
Ammar Mohammed,Cairo University
Rania Kora,Cairo University
Jenny Jin,University of California - Irvine
Guigang Zhang,University of California - Irvine
Phillip C.-Y. Sheu,University of California - Irvine
Abdelmalek Habi,CNRS
Brice Effantin,CNRS
Hamamache Kheddouci,CNRS
Soumajyoti Sarkar,Arizona State University
Mohammad Almukaynizi,Arizona State University
Paulo Shakarian,Arizona State University
Tanya Y. Berger-Wolf,University of Illinois at Chicago
Taleb Khafaei,Islamic Azad University
Alireza Tavakoli Taraghi,Shahid Beheshti University
Ali Rezaee,University of Human Development
Zachary K. Stine,University of Arkansas
Karsten Ladner,Oklahoma Baptist University
Ruchishya Ramineni,Oklahoma State University
K. M. George,Oklahoma State University
Mikel Joaristi,Boise State University
Edoardo Serra,Boise State University
Francesca Spezzano,Boise State University
Roberto Interdonato,CNRS
Dingyi Yin,China Telecom Beijing Research Institute
Reza Motamedi,University of Oregon
Soheil Jamshidi,University of Oregon
Reza Rejaie,University of Oregon
Arefeh Yavary,University of Tehran
Hedieh Sajedi,University of Tehran
Mohammad Saniee Abadeh,Tarbiat Modares University
Auroop R. Ganguly,Northeastern University
Tanay Mehta,Northeastern University
Tirthak Patel,Northeastern University
Ravi Sundaram,Northeastern University
Devesh Tiwari,Northeastern University
Joshua Goldstein,University of Virginia
Ian Davidson,University of California - Davis
Claire Kelling,Penn State University
Sallie Keller,University of Virginia
Markos Aivazoglou,Institute of Computer Science
Antonios O. Roussos,Institute of Computer Science
Dionisis Margaris,University of Athens
Costas Vassilakis,University of the Peloponnese
Sotiris Ioannidis,Institute of Computer Science
Jason Polakis,University of Illinois at Chicago
Dimitris Spiliotopoulos,University of the Peloponnese
Ayoub Jibouni,Mohammed V University
Dounia Lotfi,Mohammed V University
Mohamed El Marraki,Mohammed V University
Ahmed Hammouch,Mohammed V University
Mohammadreza Keyvanpour,Alzahra University
Zahra Karimi Zandian,Alzahra University
Maryam Heidarypanah,Islamic Azad University
Vanessa Cedeno-Mieles,Virginia Tech
Zhihao Hu,Virginia Tech
Xinwei Deng,Virginia Tech
Christopher L. Barrett,Virginia Tech
Noshir Contractor,University of Virginia
Saliya Ekanayake,University of Virginia
Joshua M. Epstein,University of Virginia
Brian J. Goode,Northwestern University
Dustin Machi,Virginia Tech
Michael W. Macy,University of Virginia
Madhav V. Marathe,University of Virginia
Naren Ramakrishnan,University of Virginia
Parang Saraf,University of Virginia
Nathan Self,University of Virginia
Roshanak Aghabaghery,Amirkabir University of Technology
Alireza Hashemi Golpayegani,Amirkabir University of Technology
Leila Esmaeili,Amirkabir University of Technology
Jundong Chen,Dickinson State University
Md. Shafaeat Hossain,Southern Connecticut State University
Isuru Udayangani Hewapathirana,University of Kelaniya
Dominic Lee,University of Canterbury
Elena Moltchanova,University of Canterbury
Jeanette C. McLeod,University of Canterbury
Nouhaila Idrissi,Mohammed V University
Ahmed Zellou,Mohammed V University
Renhao Cui,Ohio State University
Gagan Agrawal,Augusta University
Rajiv Ramnath,Ohio State University
Mohammad Reza Sanatkar,Duke University
Tyler Derr,Michigan State University
Zhiwei Wang 0001,Michigan State University
Jamell Dacon,Michigan State University
Jiliang Tang,Michigan State University
Santhoshkumar Srinivasan,Vellore Institute of Technology
L. D. Dhinesh Babu,Vellore Institute of Technology
Ruta Uzupyte,VU Institute of Data Science and Digital Technologies
Ernst C. Wit,Vytautas Magnus University
Hemant Purohit,George Mason University
Carlos Castillo 0001,Universitat Pompeu Fabra
Rahul Pandey,George Mason University
Asal Jalilvand,Shahid Beheshti University
Mahmood Neshati,Shahid Beheshti University
Hamid Khalifi,Moulay Ismail University
Sarah Dahir,Moulay Ismail University
Abderrahim El Qadi,Mohammed V University
Youssef Ghanou,Moulay Ismail University
Ranjan Kumar Behera,National Institute of Technology
Debadatta Naik,Indian Institute of Technology
Dharavath Ramesh,Indian Institute of Technology
Santanu Kumar Rath,National Institute of Technology
Akhil Kumar Srivastav,Vellore Institute of Technology
S. Athithan,SRM Institute of Technology
Mini Ghosh,Vellore Institute of Technology
Amin Rezaeipanah,University of Rahjuyan Danesh Borazjan
Gholamreza Ahmadi,Persian Gulf University
Samaneh Sechin Matoori,Islamic Azad University
George A. Barnett,University of California - Davis
Carlos Algara,University of California - Davis
Wenquan Li,Shandong University
Qinma Kang,Shandong University
Hanzhang Kong,Shandong University
Yunfan Kang,University of California - Riverside
Ali Choumane,Lebanese University
Ali Awada,Lebanese University
Ali Harkous,Lebanese University
Maria Prokofieva,Victoria University Business School
Shah Jahan Miah,Victoria University Business School
Mohammadreza Doostmohammadian,Semnan University
Hamid R. Rabiee,Sharif University of Technology
Usman A. Khan,Tufts University
Behnaz Eslami,Islamic Azad University
Zahra Rezaei,University of Kashan
Majid Fouladian,Islamic Azad University
Hossein Ebrahimpour-Komleh,University of Kashan
R. Nagamanjula,Mother Teresa Women's University
Bhawna Saxena,Jaypee Institute of Information Technology
Vikas Saxena,Jaypee Institute of Information Technology
Sotirios Gyftopoulos,Democritus University of Thrace
George Drosatos,Institute for Language and Speech Processing
Giorgos Stamatelatos,Democritus University of Thrace
Pavlos S. Efraimidis,Democritus University of Thrace
Sara Rajabzadeh,K. N. Toosi University of Technology
Pedram Shahsafi,K. N. Toosi University of Technology
Mostafa Khoramnejadi,Amirkabir University of Technology
Jean Marie Tshimula,University of Sherbrooke
Belkacem Chikhaoui,TELUQ University
Shengrui Wang,University of Sherbrooke
Shuyang Gu,Texas A&M University
Chuangen Gao,Shandong University
Ruiqi Yang,Beijing University of Technology
Dachuan Xu,Beijing University of Technology
Soufiene Jaffali,Imam Abdurrahman bin Faisal University
Salma Jamoussi,University of Sfax
Abdelmajid Ben Hamadou,University of Sfax
Vijay Verma,National Institute of Technology
Rajesh Kumar Aggarwal,National Institute of Technology
Silivanxay Phetsouvanh,Nanyang Technological University
Saba A. Al-Sayouri,Binghamton University
Ekta Gujral,University of California - Riverside
Danai Koutra,University of Michigan
Evangelos E. Papalexakis,University of California - Riverside
Sarah S. Lam,Binghamton University
Nemi Chandra Rathore,Indian Institute of Technology
Yusuf Mücahit Çetinkaya,Middle East Technical University
Ismail Hakki Toroslu,Middle East Technical University
Hasan Davulcu,Arizona State University
Feiyu Long,Beijing University of Posts and Telecommunications
Nianwen Ning,Beijing University of Posts and Telecommunications
Chenguang Song,Beijing University of Posts and Telecommunications
Pengpeng Zhou,Beijing University of Posts and Telecommunications
Bin Wu 0001,Beijing University of Posts and Telecommunications
Abubakr H. Ombabi,Sudan University of Science and Technology
Wael Ouarda,University of Sfax
Adel M. Alimi,University of Sfax
Inácio de Sousa Fadigas,State University of Feira de Santana
Marcos Grilo Rosa,State University of Feira de Santana
Trazíbulo Henrique,State University of Feira de Santana
Ikechukwu E. Onyenwe,Nnamdi Azikiwe University
Samuel Nwagbo,Nnamdi Azikiwe University
Njideka Mbeledogu,Nnamdi Azikiwe University
Ebele G. Onyedinma,Nnamdi Azikiwe University
Leonardo Ranaldi,Guglielmo Marconi University
Fabio Massimo Zanzotto,University of Rome Tor Vergata
Jianxiong Guo,University of Texas at Dallas
Weili Wu 0001,University of Texas at Dallas
Sabina Priyadarshini,Birla Institute of Technology
Ahmad Hany Hossny,University of Adelaide
Cameron Wong,University of Auckland
Yo-Der Song,University of Auckland
Aniket Mahanti,University of Auckland
Huda Nassar,Stanford University
Austin R. Benson,Cornell University
David F. Gleich,Purdue University
Iraklis Moutidis,University of Exeter
Hywel T. P. Williams,University of Exeter
Madichetty Sreenivasulu,National Institute of Technology
M. Sridevi,National Institute of Technology
Saif ur Rehman,University Institute of Information Technology
Sohail Asghar,COMSAT University Islamabad
Li-An Daniel Wang,Sam Houston State University
George Rochester,Northeastern University
Masaomi Kimura,Shibaura Institute of Technology
Mahboubeh Ahmadalinezhad,University of Ontario Institute of Technology
Masoud Makrehchi,University of Ontario Institute of Technology
Abdelhadi Abta,Cadi Ayyad University
Hassan Laarabi,Hassan II University
Mostafa Rachik,Hassan II University
Hamad Talibi Alaoui,Chouaib Doukkali University
Salahaddine Boutayeb,Cadi Ayyad University
Imane Guellil,Aston University and Folding Space
Yang Zhang 0031,University of Notre Dame
Daniel Zhang 0001,University of Notre Dame
Alexander Kalinin 0005,ITMO University
Danila Vaganov,ITMO University
Ashutosh Bhoi,IIT Bhubaneswar
Sthita Pragyan Pujari,IIT Bhubaneswar
Rakesh Chandra Balabantaray,IIT Bhubaneswar
Orsolya Kardos,University of Szeged
András London,University of Szeged
Tamás Vinkó,University of Szeged
Zahra Aghaee,Shahid Rajaee Teacher Training University
Sahar Kianian,Shahid Rajaee Teacher Training University
Md. Rafiqul Islam 0006,University of Technology Sydney
Shaowu Liu,University of Technology Sydney
Xianzhi Wang 0001,University of Technology Sydney
Guandong Xu,University of Technology Sydney
Xubo Zhang,University of International Business and Economics
Rajesh Basak,Indian Institute of Technology
Soumya K. Ghosh 0001,Indian Institute of Technology
Shamik Sural,Indian Institute of Technology
Wataru Kudo,University of Tokyo
Mao Nishiguchi,University of Tokyo
Fujio Toriumi,University of Tokyo
Nazanin Sabri,University of Tehran
Sadaf Sadeghian,University of Tehran
Behnam Bahrak,University of Tehran
Daobing He,Xihua University
Frances Albert Santos,University of Campinas
Antonio A. F. Loureiro,University of Toronto
Leandro A. Villas,Federal University of Minas Gerais
Sarthak Sengupta,Indian Institute of Information Technology
Anurika Vaish,Indian Institute of Information Technology
Ariel Rodríguez,Kyushu University
Koji Okamura,Kyushu University
Lea Vega,Research Center for Advanced Study from the National Polytechnic Institute
Andres Mendez-Vazquez,Research Center for Advanced Study from the National Polytechnic Institute
Armando López-Cuevas,Technological and Higher Education Institute of Monterrey
Amin Kaveh,Uppsala University
Matteo Magnani,Uppsala University
Christian Rohner,Uppsala University
Farzaneh Ghayour-Baghbani,University of Tehran
Masoud Asadpour,University of Tehran
Heshaam Faili,University of Tehran
Javier Perez-Aranda,University of Malaga
Antonio Pelaez-Verdet,University of Malaga
Esraa Karam,Ain Shams University
Wedad Hussein,Ain Shams University
Tarek F. Gharib,Ain Shams University
Eun Jin Kwak,University of Georgia
John E. Grable,University of Georgia
Rongjian Mu,Tianjin University
Björn Bebensee,Seoul National University
Nagmat Nazarov,Seoul National University
Byoung-Tak Zhang,Seoul National University
Adwitiya Sinha,Jaypee Institute of Information Technology
Frédérique E. Oggier,Nanyang Technological University
Anwitaman Datta,Nanyang Technological University
Pratibha Mahajan,Guru Nanak Dev University Regional Campus
Pankaj Deep Kaur,Guru Nanak Dev University Regional Campus
Fen Zhao,University of Windsor
Yi Zhang 0054,University of Windsor
Jianguo Lu,University of Windsor
Amira Dhokar,High Institute of Computer Science and Commmunication Techniques
Lobna Hlaoua,High Institute of Computer Science and Commmunication Techniques
Lotfi Ben Romdhane,High Institute of Computer Science and Commmunication Techniques
Sreeja Nair 0002,University of South Florida
Kin Wai Ng,University of South Florida
Adriana Iamnitchi,University of South Florida
John Skvoretz,University of South Florida
Anasse Bari,York University
Aashish Khubchandani,York University
Junzhang Wang,York University
Matthias Heymann,York University
Megan Coffee,York University
Abdulaziz Alblwi,Taibah University
John McAlaney,Bournemouth University
Dena Ahmed S. Al Thani,Khalifa University
Keith Phalp,Bournemouth University
Raian Ali,Khalifa University
Shu-Hsien Liao 0001,Tamkang University
Ching-An Yang,Tamkang University
Faisal Nabi,University of Southern Queensland
Xiaohui Tao,University of Southern Queensland
Jianming Yong,University of Southern Queensland
Hasib Zunair,Concordia University
A. Ben Hamza,Concordia University
Ahmad Al-Rubaie,Khalifa University
Benjamin Hirsch,Khalifa University
Mareike Bockholt,University of Kaiserslautern
Katharina Anna Zweig,University of Kaiserslautern
Nikhilesh Prabhakar,Vellore Institute of Technology
L. Jani Anbarasi,Vellore Institute of Technology
Laxmi Chaudhary,Jawaharlal Nehru University
Buddha Singh,Jawaharlal Nehru University
Ahmet Anil Müngen,Ostim Technical University
Kavita Pankaj Shirsat,Veermata Jijabai Technological Institute
Girish P. Bhole,Veermata Jijabai Technological Institute
Xiaoyang Liu 0001,Chongqing University
Songyang Wu,Chongqing University
Candice L. Lanius,University of Alabama
Ryan Weber,University of Alabama
William I. MacKenzie,University of Alabama
Mrityunjay Singh,Jaypee University of Information Technology
Amit Kumar Jakhar,Jaypee University of Information Technology
Shivam Pandey,Bundelkhand Institute of Engineering and Technology
Putra Wanda,Harbin University of Science and Technology
Huang Jin Jie,Universitas Respati Yogyakarta
Julian Fares,University of Sydney
Kon Shing Kenneth Chung,Notre Dame University
Vinh-Loc Dao,CNRS
Cécile Bothorel,CNRS
Philippe Lenca,CNRS
Md. Mazharul Islam,University of Dhaka (Affiliated)
Faroque Ahmed,University of Dhaka (Affiliated)
Afrin Sadia Rumana,Bangladesh University of Professionals (BUP)
Brian C. Britt,University of Alabama
Jameson Hayes,University of Alabama
Aibek Musaev,Georgia Institute of Technology
Pezhman Sheinidashtegol,University of Alabama
Scott Parrott,University of Alabama
David L. Albright,University of Alabama
Purushottam Kumar,Shiv Nadar University
Dolly Sharma,Shiv Nadar University
Suchi Kumari,Bennett University
Swarup Chattopadhyay,Indian Statistical Institute
Tanujit Chakraborty,Indian Institute of Engineering Science and Technology
Kuntal Ghosh,Indian Statistical Institute
Asit Kumar Das,Indian Statistical Institute
Thomas Marcoux,University of Arkansas
Katrin Kania Galeano,University of Arkansas
Rick Galeano,University of Arkansas
Karen DiCicco,University of Arkansas
Hayder Al Rubaye,University of Arkansas
Esther Mead,University of Arkansas
Anna Galeano,University of Arkansas
Wilson Ceron,University of Sao Paulo
Gabriela Gruszynski Sanseverino,University of Toulouse
Mathias-Felipe de-Lima-Santos,University of Navarra
Marcos G. Quiles,University of Sao Paulo
Maram Kurdi,Taif University
Nuha Albadi,University of Colorado
Shivakant Mishra,Taibah University
Md Arquam,National Institute of Technology
Dun Li,Zhengzhou University
Zijian Fu,Zhengzhou University
Frédéric Simard,University of Ottawa
Mohammed Alqmase,King Fahd University of Petroleum and Minerals
Husni Al-Muhtaseb,King Fahd University of Petroleum and Minerals
Habib Rabaan,King Fahd University of Petroleum and Minerals
Chandrima Bhattacharya,The HRH Prince Alwaleed Bin Talal Bin Abdulaziz Alsaud Institute for Computational Biomedicine
Debaroti Chowdhury,Indian Institute of Engineering Science and Technology
Nova Ahmed,North South University
Su Özgür,Ege University Faculty of Medicine
Bodhisatwa Bhattacharya,Birla Institute of Technology
Sankar Kumar Mridha,Indian Institute of Engineering Science and Technology
Malay Bhattacharyya 0001,Indian Statistical Institute
Fernando C. Erd,Federal University of Paraná
André Luís Vignatti,Federal University of Paraná
Murilo V. G. da Silva,Federal University of Paraná
Risul Islam,University of California - Riverside
Md Omar Faruk Rokon,University of California - Riverside
Ahmad Darki,University of California - Riverside
Michalis Faloutsos,University of California - Riverside
Xinyi Zhou,Syracuse University
Reza Zafarani,Syracuse University
Sarra Ouni,University of Sousse
Fethi Fkih,University of Sousse
Mohamed Nazih Omri,Qassim University
Midde. Venkateswarlu Naik,NTUA
A. P. Siva Kumar,NTUA
Xiaoyun Fu,Iowa State University
Madhavan R. Padmanabhan,Iowa State University
Raj Gaurav Kumar,Iowa State University
Samik Basu 0001,Iowa State University
Shawn Dorius,Iowa State University
A. Pavan 0001,Iowa State University
Lewis Mitchell,Flinders University
Lucia Falzon,CSIRO
Cindarella Petz,Technical University of Munich
Paul Wagenseller III,Arizona State University
Yunpeng Zhao,Arizona State University
Feng Wang 0002,Arizona State University
Adrian Avram,Arizona State University
Raji Ghawi,Technical University of Munich
Siegfried Müller,Technical University of Munich
Jürgen Pfeffer,Technical University of Munich
Soroosh Shalileh,HSE University
Boris G. Mirkin,HSE University
Mohmed Y. Mohmed Al-Sabaawi,University of Mosul
Halina Mohamed Dahlan,Universiti Teknologi Malaysia
Hafiz Muhammad Faisal Shehzad,University of Sargodha
Ali Abdulfattah Alshaher,University of Mosul
Md. Abul Bashar,Queensland University of Technology
Richi Nayak,Queensland University of Technology
Khanh Luong,Queensland University of Technology
Thirunavukarasu Balasubramaniam,Queensland University of Technology
Takayasu Fushimi,Tokyo University of Technology
Kazumi Saito,Kanagawa University
Masahiro Kimura,Aoyama Gakuin University
Hiroshi Motoda,Ryukoku University
Marcos Wander Rodrigues,Catholic University
Mark Alan Junho Song,Catholic University
Luis Enrique Zárate,Catholic University
Wassim El-Hajj,American University of Beirut
Ghassen Ben Brahim,Prince Mohammad Bin Fahd University
Ayman Al Zaatari,American University of Beirut
Ashlynn R. Daughton,Los Alamos National Laboratory
Michael J. Paul,University of Colorado
Jia-Huey Hsu,Tamkang University
Karl Löfgren,Victoria University of Wellington
Wonhyuk Cho,Victoria University of Wellington
Debashish Roy,Ryerson University
Chen Ding 0004,Ryerson University
Susanta Chakraborty,Indian Institute of Engineering Science and Technology
Samya Muhuri,Bennett University
Debasree Das,Indian Institute of Technology
Giacomo Villa,University of Milan
Gabriella Pasi,University of Milan
Marco Viviani,University of Milan
Stefan Poier,University of Gdansk
Gerrit Jan de Bruin,Leiden University
Cor J. Veenman,Leiden University
Frank W. Takes,Leiden University
Mahreen Nasir Butt,University of Windsor
C. I. Ezeife,University of Windsor
Abdulrauf Gidado,University of Windsor
Mostafa Alwash,University of Oslo
Bastin Tony Roy Savarimuthu,University of Otago
Mathew Parackal,University of Otago
Eiman Alothali,United Arab Emirates University
Kadhim Hayawi,Zayed University
Hany Alashwal,United Arab Emirates University
David B. Skillicorn,Queen's University
Christian Leuprecht,Royal Military College of Canada
Mohammad Vahid Sebt,Kharazmi University (KHU)
S. H. Ghasemi,Kharazmi University (KHU)
S. S. Mehrkian,Kharazmi University (KHU)
Aman Tyagi,Carnegie Mellon University
Joshua Uyheng,Carnegie Mellon University
Kathleen M. Carley,Carnegie Mellon University
Eric Tadeu Camacho de Oliveira,Federal University of ABC (UFABC)
Fabrício Olivetti de França,Federal University of ABC (UFABC)
Kristi A. Tullis,Western Michigan University
Megan Grunert Kowalske,Western Michigan University
Miklós Krész,University of Primorska
Félicité Gamgne Domgue,University of Yaounde I
Norbert Tsopzé,Sorbonne University
René Ndoundam,University of Yaounde I
Valéria Cesário Times,UFPE
Stan Matwin,Dalhousie University
Marisa Vasconcelos,IBM
Meysam Ghaffari,Florida State University
Ashok Srinivasan,University of West Florida
Xiuwen Liu,Florida State University
Shayok Chakraborty,Florida State University
Samer Al-khateeb,Creighton University
Nitin Agarwal,University of Arkansas
Anto Aasa,University of Tartu
Salvatore Citraro,University of Pisa
Stefanos Antaris,KTH Royal Institute of Technology
M. Abdul Hamid,Universitas Islam Negeri Maulana Malik Ibrahim Malang
Abdul Basid,Universitas Islam Negeri Maulana Malik Ibrahim Malang
Isma Nida Aulia,Universitas Islam Negeri Maulana Malik Ibrahim Malang
Subhasis Thakur,National University of Ireland
John G. Breslin,National University of Ireland
Rahul Goel,University of Tartu
Loïc Bonnetain,University of Lyon
Rajesh Sharma,University of Tartu
Angelo Furno,University of Lyon
Ash Mohammad Abbas,Aligarh Muslim University
Ranjana Roy Chowdhury,Indian Institute of Technology
Sravanthi Chede,Indian Institute of Technology
Ruchi Mittal,Chitkara University
Amit Mittal,Chitkara University
Petr Chunaev,ITMO University
Timofey Gradov,ITMO University
Klavdiya Bochenina,ITMO University
A. V. Ramana,GMR Institute of Technology Rajam
K. Lakshmanarao,GMR Institute of Technology Rajam
Routhu Srinivasa Rao,GMR Institute of Technology Rajam
Derek Weber,University of Adelaide
Alexandru Razvan Florea,Bucharest University of Economic Studies
Monica Roman,Bucharest University of Economic Studies
Rui Portocarrero Sarmento,University of Porto
Kemmily Dearo,University of Twente
Pavel Brazdil,Porto
João Gama 0001,Porto
Thomas Mandl 0001,University of Hildesheim
Zeeshan Akbar,Xi'an Jiaotong University
Chris J. Kuhlman,University of Virginia
Gizem Korkmaz,University of Virginia
S. S. Ravi,University of Virginia
Fernando Vega-Redondo,Bocconi University
Guang Yu,Harbin Institute of Technology
Yong-tian Yu,Harbin Institute of Technology
F. Batista,ISCTE University Institute of Lisbon
J. C. Ferreira,ISCTE University Institute of Lisbon
Lanyu Shang,University of Illinois at Urbana-Champaign
Daniel Yue Zhang,University of Notre Dame
Jialie Shen,Queen's University
Eamon Lopez Marmion,University of Notre Dame
Dong Wang 0002,University of Illinois at Urbana-Champaign
Seyed Mohsen Ebadi Jokandan,Islamic Azad University
Peyman Bayat,Islamic Azad University
Mehdi Farrokhbakht Foumani,Islamic Azad University
