name,affiliation
Abhijit Chakraborty,University of Hyogo
Adam Boessen,University of Missouri
Adam Goodie,University of Georgia
Adam R. Roth,Indiana University
Aditya S. Khanna,University of Chicago
Adrian E. Raftery,University of Washington
Adriana P. A. van Beek,NIVEL: Netherlands Institute for Health Services Research
Aili Malm,California State University at Long Beach
Ajay Mehra,University of Kent
Alain Barrat,CNRS
Alain Degenne,CNRS
Alayne M. Adams,Columbia University
Alberto Aziani,Università Cattolica del Sacro Cuore
Alberto Caimo,Technological University Dublin
Alden S. Klovdahl,Australian National University
Alejandro Arnulfo Ruiz-León,National Autonomous University of Mexico
Alejandro Rivero,University of Zaragoza
Ales Ziberna,University of Ljubljana
Alessandro Lomi,University of Italian Switzerland
Alessandro Spelta,Catholic University
Alessio D'Angelo,Middlesex University
Alex D. Stivala,University of Melbourne
Alexander G. Nikolaev,State University of New York at Buffalo
Alexander Gutfraind,University of Illinois at Chicago
Alexander Veremyev,University of Florida
Alexandra Marin,University of Toronto
Alexandre Hannud Abdo,University of São Paulo
Alexia Gaudeul,Max Planck Institute
Alfredo Jose Morales,Polytechnic University of Madrid
Alina Lungeanu,Pennsylvania State University
Alistair G. Sutcliffe,University of Manchester
Allison B. Duke,Lipscomb University
Alon Bartal,Ben Gurion University of the Negev
Alyssa M. Yetter,Pennsylvania State University
Amalya L. Oliver,The Hebrew University
Ami R. Moore,University of North Texas
Amy Hukin,University of Sheffield
An Boeren,University of Leuven
Ana Salomé García Muñiz,University of Oviedo
Anand E. Sokhey,University of Colorado
Anatoliy A. Gruzd,Dalhousie University
Andrea Austin,Brown University
Andrea Baronchelli,City University London
Andrea Flori,Politecnico di Milano
Andrea M. Hussong,University of North Carolina
Andrea Passarella,Institute of Informatics and Telematics of CNR
Andrea Röper,Utrecht University
Andreas Flache,University of Groningen
Andreas Geyer-Schulz,University of Groningen
Andreas Herz,University of Hildesheim
Andreas Tutic,University of Leipzig
Andreas Wimmer,University of California - Los Angeles
Andrej Mrvar,University of Ljubljana
Andrew J. Slaughter,US Army Research Institute for the Behavioral and Social Sciences
Andrew Parker 0003,University of Exeter
Andrew Slaughter,US Army Research Institute for the Behavioral and Social Sciences
Andrew V. Papachristos,Yale University
András Vörös 0002,ETH Zurich
André F. Gygax,University of Melbourne
Andrés Cardona,Bielefeld University
Angela Bohn,Institute for Statistics and Mathematics
Angela Mariuccia Andriano,University of Foggia
Anh Ta,University of North Texas
Anindya S. Chakrabarti,Indian Institute of Management
Anja Dirkzwager,Netherlands Institute for the Study of Crime and Law enforcement (NSCR)
Anja Znidarsic,University of Maribor
Anke Munniksma,University of Amsterdam
Anna Fruzsina Gyor,Corvinus University of Budapest
Anna L. Smith,Ohio State University
Anna Priante,University of Twente
Anna Rácz,Semmelweis University
Anna Torriero,Università Cattolica del Sacro Cuore
Annatina Aerne,University of St. Gallen
Annie Cody Holdren,University of California - Los Angeles
Annie Waldherr,University of Münster
Anthea Bill,University of Newcastle
Anton Grau Larsen,Copenhagen Business School
Antonio D. Sirianni,Dartmouth College
Antonio Lopolito,University of Foggia
Antonio Páez,McMaster University
Antonio Stasi,University of Foggia
Antonius H. N. Cillessen,Radboud University
António J. Santos,ISPA University Institute of Psychological Sciences
Anuska Ferligoj,University of Ljubljana
Ariana Need,University of Twente
Arnout van de Rijt,Stony Brook University
Arthi Ramachandran,University of Chicago
Arthur Schram,University of Amsterdam
Arun Sundararajan,York University
Arunabha Sen,Arizona State University
Ashton M. Verdery,Pennsylvania State University
Ashwin Kucheriya,State University of New York at Buffalo
Avner Bar-Hen,University Paris Descartes
Axel Franzen,University of Bern
Balázs Kovács,Yale University
Barbara B. Brewer,University of Arizona
Barbara Entwisle,University of North Carolina
Barbara Pfetsch,FU Berlin
Barry Markovsky,University of South Carolina
Barry Wellman,University of Toronto
Bart Husslage,Fontys University of Applied Sciences
Bart Van de Putte,Ghent University
Bas Hofstra,Stanford University
Basak Bilecen,Bielefeld University
Beata Dávid,Hungarian Academy of Sciences
Beata Lopaciuk-Gonczaryk,University of Warsaw
Beate Volker,Utrecht University
Beate Völker,University of Amsterdam
Beau Dabbs,Carnegie Mellon University
Bella Struminskaya,Utrecht University
Benjamin Cornwell,Cornell University
Benjamin D. Zablocki,Rutgers University
Benjamin Lubin,Boston University
Benjamin W. Campbell,Ohio State University
Beom Jun Kim,Ajou University
Bernard Grofman,University of California - Irvine
Bernd Heidergott,VU Amsterdam
Bernhard Leidner,University of Massachusetts
Bernice A. Pescosolido,Indiana University
Bernie Hogan,University of Oxford
Bert De Cuyper,KU Leuven
Beth Molnar,Northeastern University
Bettina Hoser,University of Karlsruhe (TH)
Bill Mitchell,University of Newcastle
Bin Zhou,Jiangsu University
Blake C. Stacey,New England Complex Systems Institute
Bradley Crouch,University of Illinois at Urbana-Champaign
Brandon Brooks,Michigan State University
Brandy Aven,Carnegie Mellon University
Brea L. Perry,Indiana University
Brendan Nyhan,University of Michigan
Brent Simpson,University of South Carolina
Brian Carolan,City University of New York
Brian E. Vaughn,Auburn University
Brian F. Schaffner,University of Massachusetts
Brian Francis,Lancaster University
Brian Rubineau,McGill University
Brian S. Mustanski,Northwestern University
Brigham S. Anderson,Carnegie Mellon University
Britta Renner,University of Konstanz
Britta Ruhnau,University of Dortmund
Brooke Foucault Welles,Northeastern University
Bruce A. Desmarais,Pennsylvania State University
Bruce C. Straits,University of California - Santa Barbara
Bruce Cronin,University of Greenwich
Bálint Néray,Hungarian Academy of Sciences
Béla Janky,Budapest University of Technology and Economics
C. Christina Mehta,Emory University
C. Deniz Yenigün,Istanbul Bilgi University
C. Prem Sankar,University of Kerala
Caitlin E. Hughes,UNSW
Caitlin Porter,Purdue University
Camille Roth,CNRS
Carl A. Latkin,Johns Hopkins University
Carl Nordlund,Linköping University
Carla Fernandes,ISPA University Institute of Psychological Sciences
Carlene Wilson,Flinders University
Carlo Morselli,University of Montreal
Carlo Piccardi,Politecnico di Milano
Carlos Lozares,Autonomous University of Barcelona
Carmen Ramos Carvajal,University of Oviedo
Carol Lynn Martin,Arizona State University
Caroline Acker,Carnegie Mellon University
Carolyn J. Anderson,University of Illinois at Urbana-Champaign
Carter T. Butts,University of California - Irvine
Cassie McMillan,Pennsylvania State University
Caterina Giannetti,University of Bologna
Catherine A. Calder,Ohio State University
Catherine Riegle-Crumb,University of Texas at Austin
Catherine T. Shea,Carnegie Mellon University
Cecilia Menjívar,University of Kansas
Chandra Muller,University of Texas at Austin
Charles Carroll,University of Groningen
Charles F. Mann,Southern Methodist University
Charles J. Gomez,Stanford University
Charles Kadushin,Brandeis University
Charlotte Struyve,KU Leuven
Cheng Wang 0010,University of Notre Dame
Chengwei Liu,University of Warwick
Chiara Broccatelli,University of Glasgow
Chien-Te Wu,National Taiwan University
Chih-Ping Chou,University of Southern California
Ching-Ling Cheng,National Taiwan Normal University
Chloé Meredith,KU Leuven
Chloé Provost,University of Montreal
Chris Baerveldt,University of Utrecht
Chris Hankin,Imperial College London
Chris Muelder,University of California - Davis
Chris Snijders,Eindhoven University of Technology
Christian Aßmann,University of Bamberg
Christian Buchta,Institute for Service Marketing and Tourism
Christian E. G. Steglich,University of Groningen
Christian Henning,University of Kiel
Christian R. Shelton,University of California - Riverside
Christian Steglich,University of Groningen
Christian Tallberg,Stockholm University
Christina Prell,University of Maryland - College Park
Christina Salmivalli,University of Turku
Christofer R. Edling,Lund University
Christoph H. Loch,HP Labs
Christoph Houman Ellersgaard,Copenhagen Business School
Christoph Stadtfeld,ETH Zurich
Christophe Vandeviver,Ghent University
Christopher J. Cameron,Cornell University
Christopher L. Magee,Massachusetts Institute of Technology
Christopher Marquis,Harvard University
Christopher McCarty,University of Florida
Christopher R. Browning,Ohio State University
Christopher Steven Marcum,National Human Genome Research Institute
Christopher Sukhu,University of Chicago
ChuanRen Liu,University of Tennessee
Chyi-In Wu,Academia Sinica
Claire Bidart,CNRS
Claude S. Fischer,University of California - Berkeley
Clemens Kroneberg,Institute of Sociology
Cliff Lampe,University of Michigan
Clémence Magnien,CNRS
Cohen R. Simpson,University of Oxford
Conrad Lee,University College Dublin
Conrado Manuel,Universidad Complutense de Madrid
Cordula Wagner,NIVEL: Netherlands Institute for Health Services Research
Corina Graif,Pennsylvania State University
Craig Pearson,University of Melbourne
Csaba Pléh,Central European University
Cuihua Shen,University of California - Davis
Cynthia Giguère,University of Montreal
Cynthia M. Lakon,University of California - Irvine
Cynthia M. Webster,University of New South Wales
Cyprian Wejnert,Cornell University
Cécile Emery,London School of Economics and Political Science
D. Wayne Osgood,Pennsylvania State University
Dali Ma,Drexel University
Dan Braha,New England Complex Systems Institute
Dan J. Wang,Stanford University
Dan Wang,Columbia University
Dana L. Haynie,Ohio State University
Danching Ruan,Hong Kong Baptist University
Daniel A. McFarland,Stanford University
Daniel A. Newman,University of Illinois at Urbana-Champaign
Daniel DellaPosta,Cornell University
Daniel Diermeier,University of Chicago
Daniel J. Brass,University of Kent
Daniel K. Sewell,University of Iowa
Daniel Lavenu,University of Caen
Daniel Maier,Free University
Daniel P. Enemark,University of Southern California
Daniel S. Halgin,University of Kent
Daniel W. Soto,University of Southern California
Daniel Z. Levin,Rutgers University
Daniela Stoltenberg,University of Münster
Daniele Mascia,University of Bologna
Daniël Paulusma,Durham University
Dante Contreras,University of Chile
Dario Gregori,University of Torino
Darren C. Treadway,State University of New York at Buffalo
Darren M. Scott,McMaster University
David A. Bright,Flinders University
David A. Rolls,University of Melbourne
David A. Smith,University of California - Irvine
David B. Tindall,University of British Columbia
David C. Bell,Indiana University
David D. Rowlee,University of South Carolina
David E. Eagle,Duke University
David Hachen,University of Notre Dame
David Holman,University of Sheffield
David J. Roelfs,University of Louisville
David Knoke,University of Minnesota
David Krackhardt,Carnegie Mellon University
David Kretschmer,University of Mannheim
David Lazer,Harvard University
David Melamed,Ohio State University
David R. Hunter,Penn State University
David R. Schaefer,University of California - Irvine
David Savage,Massachusetts Institute of Technology
David Schoch,ETH Zurich
David Tuckett,University College London
David W. Matula,Southern Methodist University
David Willer,University of South Carolina
Davide Barrera,Utrecht University
Dawn Iacobucci,Vanderbilt University
Dean Lusher,Swinburne University of Technology
Dehai Liu,Dongbei University of Finance & Economics
Deirdre M. Kirke,National University of Ireland
Delia Baldassarri,York University
Denis Bouyssou,CNRS
Dennis Li,The University of Texas Health Science Center at Houston
Derek Kreager,Pennsylvania State University
Derek L. Hansen,Brigham Young University
Devon D. Brewer,University of Washington
Diana Mok,University of Western Ontario
Diane Felmlee,Pennsylvania State University
Dianne A. Van Hemert,Tilburg University
Diliara Valeeva,University of Amsterdam
Dimitri Fazito,Federal University of Minas Gerais
Dinnus H. M. Frijters,VU Amsterdam
Dino Dittrich,Tilburg University
Dino P. Christenson,Boston University
Djoerd Hiemstra,University of Twente
Domenico Brunetto,Politecnico di Milano
Domenico De Stefano,Ca' Foscari University of Venice
Dongkyun Im,Seoul National University
Dorothy Espelage,University of Florida
Dorottya Kisfalusi,Hungarian Academy of Sciences
Douglas D. Heckathorn,Cornell University
Douglas L. Steinley,University of Missouri
Douglas W. Lowery-North,Emory University
Drazen Cepic,University of Zadar
Duy Quang Vu,University of Melbourne
Duy Vu,University of Melbourne
Ece Batchelder,University of California - Irvine
Ed Sleebos,VU Amsterdam
Edward Bishop Smith,Northwestern University
Ee-Peng Lim,Singapore Management University
Eelke M. Heemskerk,University of Amsterdam
Eithne Quinn,University of Manchester
Elaine M. Hernandez,Indiana University
Eleonora Patacchini,Sapienza University of Rome
Eli V. Olinick,Southern Methodist University
Elisa Bellotti,University of Manchester
Elisa Jayne Bienenstock,Stanford University
Elisabeth L. Terhell,Vrije University Amsterdam
Elise Cappella,York University
Elisenda Molina,University Carlos III of Madrid
Elizabeth Costenbader,Johns Hopkins University
Ellen Harries,University of Manchester
Emily Hoagland,Cornell University
Emily Smith,University of California - Irvine
Emma McBryde,University of Melbourne
Emma S. Spiro,University of California - Irvine
Emmanuel Lazega,CNRS
Enrica Iannuzzi,University of Foggia
Enrico Bozzo,University of Udine
Enrique González-Arangüena,Universidad Complutense de Madrid
Eran Shor,McGill University
Eric D. Kolaczyk,Boston University
Eric D. Widmer,University of Geneva
Eric Giannella,University of California - Berkeley
Eric Gladstone,University of Kent
Eric J. Neuman,University of Illinois at Urbana-Champaign
Eric Quintane,University of Los Andes
Eric Rice,University of Southern California
Eric Schoon,University of Arizona
Eric Turkheimer,University of Virginia
Eric W. Welch,Arizona State University
Erik M. Volz,University of Texas at Austin
Erin Pullen,Indiana University
Esteban Moro,University Carlos III of Madrid
Eszter Berán,Catholic University
Eugen Pircalabelu,KU Leuven
Eugene C. Johnsen,University of California - Santa Barbara
Eva Huszti,University of Debrecen
Eva Jaspers,Utrecht University
Eva Kyndt,KU Leuven
Eva Vriens,Utrecht University
Evan Finley,Indiana University
Evelien Demaerschalk,University of Leuven
Eytan Adar,HP Labs
F. Marijn Stok,University of Konstanz
Fabiana Zollo,IMT School for Advanced Studies
Fabio Pammolli,Politecnico di Milano
Fang Yang,West Virginia University
Federico Bianchi,University of Brescia
Felicia F. Tian,Fudan University
Felix Reed-Tsochas,University of Oxford
Feng Shi 0005,University of Chicago
Fengjie Xie,Xi'an Jiaotong University
Feniosky Peña-Mora,Columbia University
Filip Agneessens,University of Trento
Filip Boen,KU Leuven
Flaminio Squazzoni,University of Brescia
Florian Eßer,University of Hildesheim
Florian Maire,University College Dublin
Floriana Gargiulo,CNRS
Foster Amey,Middle Tennessee State University
Francesca Grippa,University of Salento
Francesca Pallotti,University of Greenwich
Francesco Calderoni,Università Cattolica del Sacro Cuore
Francis Lee,University of California - Irvine
Francis Tuerlinckx,University of Leuven
Francisco I. Bastos,Institute of Scientific and Technological Communication & Information in Health
Frank Kee,Queen's University
Frank Tutzauer,University at Buffalo
Frank W. Takes,University of Amsterdam
Frank van Tubergen,Utrecht University
Fredrik Liljeros,Stockholm University
Frits van Merode,Maastricht University
Fruzsina Albert,Károli Gáspár University of the Reformed Church
Frédéric Varone,University of Geneva
Gabriel Otero,University of Amsterdam
Gabriele Plickert,University of Toronto
Gad Yair,The Hebrew University
Galina Daraganova,University of Melbourne
Gang Wu,Southwestern University of Finance and Economics
Garry L. Adams,Auburn University
Garry Robins,University of Melbourne
Gasper Koren,University of Ljubljana
Gbemisola Adejumo,University of Waterloo
Gemma Edwards,University of Manchester
Gene A. Shelley,Georgia State University
Geoff K. Nicholls,University of Oxford
Georg Wolff,University of Freiburg
George A. Barnett,University at Buffalo
George B. Davis,Carnegie Mellon University
George Berry,Cornell University
George Cotsonis,Emory University
George G. Vega Yon,University of Southern California
George Leckie,University of Bristol
George Loizou,University of London
George R. Barnes,University of Louisville
George Wood,University of Oxford
Gerald C. Kane,Boston College
Gerald Mollenhorst,Utrecht University
Gerda Claeskens,KU Leuven
Gerhard G. Van De Bunt,VU Amsterdam
Gerhard Krug,University of Erlangen-Nuremberg
Germà Coenders,University of Girona
Gerrit Rooks,Eindhoven University of Technology
Gert Stulp,Department of Sociology & Inter-University Center for Social Science Theory and Methodology
Gert Vande Broek,KU Leuven
Giacomo Solano,Eindhoven University of Technology
Giancarlo Ragozini,University of Naples
Giangiacomo Bravo,Linnaeus University
Gianluca Carnabuci,University of Amsterdam
Gijs Huitsing,University of Groningen
Gil Viry,University of Geneva
Gilad Ravid,Ben Gurion University of the Negev
Gina Lai,Hong Kong Baptist University
Gina S. Lovasi,Columbia University
Giorgia Di Tommaso,Sapienza University of Rome
Giovanni Stilo,University of L'Aquila
Gisele Moura,Rio de Janeiro State University
Giulia Berlusconi,National University of Ireland
Giuseppe (Joe) Labianca,University of Kent
Giuseppe Giordano,University of Salerno
Gregory Lee Phillips II,Northwestern University
Gueorgi Kossinets,Columbia University
Guido Caldarelli,IMT School for Advanced Studies
Guido Conaldi,University of Greenwich
Guillaume Favre,University Paris-Dauphine
Guillermo Owen,Naval Postgraduate School
Gábor Péli,University of Groningen
Gönül Dogan,Tilburg University
Göran Kauermann,University of Munich
Günes Ertan,University of Pittsburgh
H. Russell Bernard,University of Florida
H. T. Habekothé,University of Amsterdam
Haifeng Du,Xi'an Jiaotong University
Hannah Schmid-Petri,University of Passau
Hanno Kruse,University of Mannheim
Hans Maarse,Maastricht University
Hans Noel,Georgetown University
Hans Waege,Ghent University
Harald Wiese,University of Leipzig
Hazem Krichene,University of Hyogo
Heather Edelblute,University of Texas at San Antonio
Hein de Vries,Care and Public Health Research Institute (CAPHRI)
Helge Giese,University of Konstanz
Helian Xu,Hunan University
Henk Flap,Utrecht University
Herbert Hamers,Tilburg University
Herbert W. Hethcote,University of Iowa
Hester H. S. Moerbeek,Wageningen University
Hetty van Emmerik,Utrecht University
Hideyuki Imai,Hokkaido University
Hiroyasu Inoue,University of Hyogo
Holly B. Shakya,University of California - San Diego
Hongyi Jiang,Wake Forest University
Hongyi Li,Chinese University of Hong Kong
Hongzhong Deng,National University of Defense Technology
Hossein Akbari,Ferdowsi University of Mashhad
Hsiu Man Chen,Academia Sinica
Hsuan-Wei Lee,University of Nebraska
Hubert Buch-Hansen,Copenhagen Business School
Hugh Louch,Princeton University
Hugo Valenzuela-García,Autonomous University of Barcelona
Hui-Ju Kuo,National Taiwan University
Huso Yi,National Development and Research Institute
Hwai-Chung Ho,Academia Sinica
Hywel T. P. Williams,University of Exeter
Håkan Stattin,University of Örebro
Iain S. Weaver,University of Exeter
Ian McCulloh,United States Military Academy
Ichigaku Takigawa,Hokkaido University
Ildikó Barna,Eötvös Loránd University
Imran Chowdhury,Pace University
Ineke Maas,Utrecht University
Ines Lindner,VU Amsterdam
Inessa Levi,University of Louisville
Ingegerd Jansson,Stockholm University
Inês Peceguina,ISPA University Institute of Psychological Sciences
Ioana van Deurzen,Tilburg University
Iris Wanzenböck,Utrecht University
Isabella Gollini,University College Dublin
Isidro Maya Jariego,Sevilla University
Itaru Ishiguro,Japan Women's University
Iulia Cioroianu,University of Exeter
Ivar E. Vermeulen,University of Amsterdam
J. Ashwin Rambaran,University of Groningen
J. C. Barnes,University of Texas at Dallas
J. Jill Suitor,Louisiana State University
J. Santana,Stanford University
Jacob Dijkstra,University of Groningen
Jacob G. Foster,University of California - Los Angeles
Jacob Habinek,University of California - Berkeley
Jacob Hileman,Stockholm University
Jacob T. N. Young,Arizona State University
Jacob W. Breland,University of Idaho
Jake Bowers,University of Illinois at Urbana-Champaign
Jake Burchard,Cornell University
James A. Coutinho,Swinburne University of Technology
James A. Evans,University of Chicago
James A. Rolfsen,Creighton University
James D. Montgomery,University of Wisconsin - Madison
James D. Wilson,University of San Francisco
James H. Fowler,University of California - San Diego
James Hollway,University of Oxford
James Mac Hyman,Los Alamos National Laboratory
James Moody,Duke University
James Nastos,University of British Columbia
James P. Spillane,Northwestern University
James Pustejovsky,Northwestern University
James Sanders,Washington State University
James Stiller,University of Liverpool
Jan Kleinnijenhuis,VU Amsterdam
Jan Kornelis Dijkstra,University of Groningen
Janet M. Box-Steffensmeier,Ohio State University
Janice Yap,Singapore Management University
Jar-der Luo,Tsinghua University
Jari Saramäki,Helsinki University of Technology
Jason Baumgardner,Emory University
Jason Bello,London School of Economics and Political Science
Jason Kaufman,Harvard University
Jason M. Smith,Utah State University
Jason Owen-Smith,University of Michigan
Jason W. Morgan,Ohio State University
Jasper L. de Bie,Leiden University
Javier Borge-Holthoefer,Open University
Javier Borondo,Polytechnic University of Madrid
Javier Ávila,Autonomous University of Barcelona
Jean McGuire,Northeastern University
Jeffrey A. Hall,University of Kansas
Jeffrey A. Smith,University of Nebraska
Jeffrey C. Johnson,East Carolina University
Jeffrey Cormier,University of Western Ontario
Jeffrey Lienert,National Human Genome Research Institute
Jeffrey Reminga,Carnegie Mellon University
Jennifer A. Stoloff,University of North Carolina
Jennifer B. Unger,University of Southern California
Jennifer Golbeck,University of Maryland - College Park
Jennifer L. Glanville,University of North Carolina
Jennifer L. Merluzzi,Tulane University
Jennifer Lawlor,University of Michigan
Jennifer M. Badham,Queen's University
Jennifer Salau,Christian-Albrechts-University
Jennifer Watling Neal,Michigan State University
Jenny Chalmers,UNSW
Jens F. Binder,Nottingham Trent University
Jens Rydgren,Stockholm University
Jeong-Yoo Kim,Kyung Hee University
Jeremy M. Koster,University of Cincinnati
Jeremy Mennis,Temple University
Jeroen Bruggeman,University of Amsterdam
Jeroen K. Vermunt,Tilburg University
Jeroen Weesie,Utrecht University
Jesse M. Fagan,University of Kent
Jesse Shore,Boston University
Jessica A. Crowe,Washington State University
Jessica Vitak,University of Maryland - College Park
Ji Li,National University of Defense Technology
Ji Ma 0003,Indiana University
Ji Youn (Rose) Kim,University of Kent
Jia-Ping Huang,Shenzhen University
Jialin Hua,Beijing Jiaotong University
Jian Yu,Beijing Jiaotong University
Jichang Zhao,Beihang University
Jieting Cheng,Shandong University
Jifan Liu,Tsinghua University
Jing Huang,Dongbei University of Finance & Economics
Jing Shen,University of Mannheim
Jing-Shiang Hwang,Academia Sinica
Jo Holliday,Cardiff University
Joachim Krieter,Christian-Albrechts-University
Jochem Tolsma,Radboud University
Jodie Woolcock,University of Melbourne
Joel Martí,Autonomous University of Barcelona
Joeri M. Mol,University of Melbourne
Johan Braeken,Tilburg University
Johan H. Koskinen,University of Melbourne
Johanne Saint-Charles,University of Quebec in Montreal
Johannes Glückler,Heidelberg University
Johannes Hedtrich,University of Kiel
Johannes Zschache,University of Leipzig
John A. Schneider,University of Chicago
John Bryden,Royal Holloway University of London
John Domini,University of Florida
John Griffith,Northeastern University
John Levi Martin,University of Chicago
John Lievens,Ghent University
John M. Light,Oregon Research Institute
John M. Roberts Jr.,University of New Mexico
John P. Boyd 0002,University of California - Irvine
John R. Hipp,University of California - Irvine
John Sandberg,McGill University
John Skvoretz,University of South Florida
John Ternovski,Yale University
John W. McDonald,University of Southampton
Jon A. Krosnick,Stanford University
Jonathan Brauer,Indiana University
Jonathan H. Morgan,Duke University
Jonathan J. Forster,University of Southampton
Jonathan Stewart,Rice University
Jonathon N. Cummings,Massachusetts Institute of Technology
Joonmo Son,National University of Singapore
Joop J. Hox,University of Amsterdam
Jooske T. van Busschbach,University of Groningen
Joris Mulder,Tilburg University
Joris van der Veer,Utrecht University
Jose Manuel Sánchez-Santos,University of A Coruña
Josef Woldense,University Minnesota
Joshua D. Freilich,City University of New York
Joshua E. Marineau,Dakota State University
Josiane Chatellet,University Paris-Dauphine
José Atilano Pena-López,University of A Coruña
José Luis Iribarren,Autonomous University of Madrid
José Luis Molina,Autonomous University of Barcelona
José Ramiro Caballero Hoyos,Epidemiological Research and Adolescence Health Center Unit; Mexican Institute of Social Security
João R. Daniel,ISPA University Institute of Psychological Sciences
Juan Carlos Losada,Polytechnic University of Madrid
Juan D. Díaz,University of Chile
Juan I. Casse,University of California - Riverside
Judith A. Effken,University of Arizona
Juha Roslakka,University of Joensuu
Jukka Nyblom,University of Joensuu
Jukka-Pekka Onnela,Oxford University
Julia Brennecke,Swinburne University of Technology
Julia Lee,University of Michigan
Juliana Cobre,USP
Julien Brailly,University Paris-Dauphine
Juliette Stehlé,CNRS
Jun Wu 0004,National University of Defense Technology
Jure Leskovec,Stanford University
Justin H. Gross,University of North Carolina
Justin H. Kirkland,University of Houston
Justus Uitermark,University of Amsterdam
Júlia Koltai,Eötvös Loránd University
Jürgen Lerner,University of Konstanz
Jürgen Pfeffer,Technical University of Munich
K. Jean Forney,Florida State University
K. Satheesh Kumar,University of Kerala
Kai J. Jonas,Georg-August-Universitaet
Karen Klein Ikkink,Vrije University Amsterdam
Karin E. Willert,University of South Carolina
Karl E. Bauman,University of North Carolina
Karl Finger,University of Kiel
Karl M. van Meter,CNRS
Karl Pillemer,Cornell University
Karl-Dieter Opp,University of Leipzig
Karl-Oskar Lindgren,Uppsala University
Katarzyna Growiec,University of Social Sciences and Humanities
Kate Eddens,University of Kent
Katherine Faust,University of California - Irvine
Kathleen M. Carley,Carnegie Mellon University
Kathleen M. O'Connor,Cornell University
Kathrin Büttner,Christian-Albrechts-University
Kathrin Lämmermann,Institute of Sociology
Kathryn McAlindon,Michigan State University
Kathryn Schiller,University at Albany
Katia Iglesias,University of Neuchâtel
Katia Petit,University of Montreal
Katja Lozar Manfreda,University of Ljubljana
Katrien Fransen,KU Leuven
Kaustav Basu,Arizona State University
Kay W. Axhausen,ETH Zurich
Kayla de la Haye,University of Southern California
Kayo Fujimoto,The University of Texas Health Science Center at Houston
Kazuo Yamaguchi,University of Chicago
Ke Xu 0001,Beihang University
Ken Sharpe,University of Melbourne
Kenneth A. Frank,Michigan State University
Kenneth S. Berenhaut,Wake Forest University
Kerstin Sailer,University College London
Kevin Lewis,Harvard University
Kevin M. Beaver,Florida State University
Kevin White 0002,University of Pennsylvania
Kimberly M. Davidson,Pennsylvania State University
Kimmo Kaski,Aalto University
King-To Yeung,The State University of New Jersey
Klarita Gërxhani,University of Amsterdam
Klaus Hamberger,CNRS
Koen Van der Bracht,Ghent University
Koen Vanbrabant,University of Leuven
Kolter Kalberg,University of Hawaii at Manoa
Krista Gile,University of Washington
Kristen J. Mills,Ohio State University
Kristin Lees Haggerty,Northeastern University
Kuishuang Feng,University of Maryland - College Park
Kurt Hornik,Institute for Statistics and Mathematics
Kwan-Liu Ma,University of California - Davis
Kwok-Leung Tsui,City University of Hong Kong
Kyle Emich,University of Delaware
Károly Takács,Linköping University
Lada A. Adamic,HP Labs
Lampros Bouranis,University College Dublin
Lars Leszczensky,University of Mannheim
Lasse Folke Henriksen,Copenhagen Business School
Laura A. Williams,University of Mississippi
Laura D. Hanish,Arizona State University
Laura M. Koehly,National Human Genome Research Institute
Laura Prota,University of Salerno
Laura Sartori,University of Bologna
Lauren Rhue,York University
Laurence Brandenberger,University of Bern
Laurence Moore,Cardiff University
Lauri Kovanen,Helsinki University of Technology
Lea Ellwardt,University of Groningen
Lei Zhang 0042,University of Minnesota
Leonie J. Pearson,University of Melbourne
Li-Ting Wang,National Taiwan Normal University
Liesbeth A. G. Mercken,Maastricht University
Liesbeth Mercken,Care and Public Health Research Institute (CAPHRI)
Lijia Ma,Xidian University
Lijun Song,Vanderbilt University
Lin Tao,Peking University
Lindsay E. Young,University of Chicago
Lindsey Trimble O'Connor,California State University Channel Islands
Ling Heng Henry Wong,University of Melbourne
Linton C. Freeman,University of California - Irvine
Lisa K. Elon,Emory University
Lise Mounier,CNRS
Lisha Yu,City University of Hong Kong
Lluís Coromina,University of Girona
Long Doan,Indiana University
Lotte Vermeij,Utrecht University
Louise Ryan,University of Sheffield
Love Bohman,Stockholm University
Luca Giommoni,Cardiff University
Lucas G. Drouhot,Cornell University
Lukas Norbutas,Utrecht University
László Lorincz,Corvinus University of Budapest
M. E. J. Newman,University of Michigan
Maarten Marx,University of Amsterdam
Maarten van Zalk,University Osnabrück
Mackenzie Hart,Simon Fraser University
Makoto Kakinaka,Hiroshima University
Manish Purohit,University of Maryland - College Park
Manuel Fischer,University of Bern
Maoguo Gong,Xidian University
Marc A. C. Sarazin,University of Oxford
Marc Punkay,University of Chicago
Marcel A. L. M. van Assen,Tilburg University
Marco Cinnirella,Royal Holloway University of London
Marco Conti,Institute of Informatics and Telematics of CNR
Marco Gonzalez,Harvard University
Marco T. Bastos,University of London
Margaret Hellard,Burnet Institute
Margaret K. Chojnacki,Barry University
Margaret Kerr,University of Örebro
Marge M. Benham-Hutchins,Texas A&M University
Maria Grazia Vigliotti,Imperial College London
Maria Prosperina Vitale,University of Salerno
Maria Rosaria D'Esposito,University of Salerno
Mariarosaria Lombardi,University of Foggia
Marie Ouellet,University of Montreal
Marie-Odile Lebeaux,CNRS
Marie-Thérèse Jourda,CNRS
Marieke Vlaemynck,University of Gent
Marieke Wissink,Maastricht University
Mariela Szwarcberg,University of Chicago
Marije Wouters,University of Amsterdam
Marijtje A. J. Van Duijn,University of Groningen
Marina Hennig,Humboldt University of Berlin
Mario Diani,Universitat Pompeu Fabra
Mario Luis Small,Harvard University
Marjolein I. Broese van Groenou,Vrije University Amsterdam
Mark Caudell,Washington State University
Mark E. Feinberg,Pennsylvania State University
Mark E. J. Newman,Santa Fe Institute
Mark Frederickson,University of Illinois at Urbana-Champaign
Mark Handcock,University of Washington
Mark Hasegawa-Johnson,University of Illinois at Urbana-Champaign
Mark House,University of Florida
Mark Huisman,University of Groningen
Mark Levene,University of London
Mark Lubell,University of California - Davis
Mark M. Fredrickson,University of Michigan
Mark Patrick Roeling,University of Oxford
Mark S. Handcock,University of Washington
Mark S. Mizruchi,University of Michigan
Mark Tranmer,University of Glasgow
Mark Wittek,Institute of Sociology
Markus Gamper,University of Cologne
Marlène Sapin,University of Lausanne
Marshall Scott Poole,University of Illinois at Urbana-Champaign
Martijn J. Burger,Erasmus University Rotterdam
Martin Abraham,University of Erlangen-Nuremberg
Martin Bouchard 0002,Simon Fraser University
Martin G. Everett,University of Manchester
Martin Hilbert,University of California - Davis
Martin Hällsten,Stockholm University
Martin Kilduff,Pennsylvania State University
Martin Mader,University of Konstanz
Martin Ruef,University of North Carolina
Martin Van Der Gaag,Free University
Martin Watts,University of Newcastle
Martina Morris,University of Washington
Mary K. Feeney,Arizona State University
Mary Selden,University of Georgia
Marçal Mora Cantallops,University of Alcalá
María Guadalupe Ramírez López,Epidemiological Research and Adolescence Health Center Unit; Mexican Institute of Social Security
María Guadalupe Ramírez Ortiz,Epidemiological Research and Adolescence Health Center Unit; Mexican Institute of Social Security
Masaki Tomochi,Chuo University
Masarah Paquet-Clouston,University of Montreal
Mason A. Porter,University of California - Los Angeles
Massimo Franceschet,University of Udine
Mathew D. McCubbins,University of Southern California
Mathieu O'Neil,Australian National University
Mathijs Kros,Utrecht University
Mathijs de Vaan,University of California - Berkeley
Matthew C. Mahutga,University of California - Riverside
Matthew Dabkowski,University of Arizona
Matthew E. Brashears,University of South Carolina
Matthew Hamilton,Ohio State University
Matthew J. Denny,Pennsylvania State University
Matthew J. Salganik,Princeton University
Matthew J. Silk,University of Exeter
Matthew Johnson 0002,Durham University
Matthew Smith 0009,University of Greenwich
Matthew T. Pietryka,University of California - Davis
Matthew Williams,University of Exeter
Matthias Kowald,ETH Zurich
Matthieu Latapy,CNRS
Matthijs Kalmijn,Tilburg University
Maurice Koster,University of Amsterdam
Maurits de Klepper,VU Amsterdam
Maurizio Prosperi,University of Foggia
Mauro Gatti,Sapienza University of Rome
Max E. Coleman,Indiana University
Maxime Reeves-Latour,University of Montreal
Mayank Aggarwal,Indian Institute of Management
Mayukh Dass,Texas Tech University
Meera Vengadasubbu,Stanford University
Melissa A. Clark,University of Massachusetts
Mengxiao Zhu,Rutgers University
Meredith Rolfe,London School of Economics and Political Science
Meredith W. Francis,Case Western Reserve University
Micha Mandel,The Hebrew University
Michael Bourgeois,University of California - Santa Barbara
Michael Brzezinski,Purdue University
Michael Caldara,University of California - Irvine
Michael D. Siciliano,University of Illinois at Chicago
Michael Genkin,Singapore Management University
Michael Howard,Texas A&M University
Michael J. Barber,AIT Austrian Institute of Technology GmbH
Michael J. Brusco,Florida State University
Michael J. Mason,Villanova University
Michael Johnston,University of California - Los Angeles
Michael K. Orbach,Duke University
Michael Levy,University of California - Davis
Michael Macy,Cornell University
Michael Masuch,University of Amsterdam
Michael McBride,University of California - Irvine
Michael Mäs,University of Groningen
Michael Neblo,Ohio State University
Michael S. Kowal,University of Massachusetts
Michael Salter-Townshend,University of Oxford
Michael Schweinberger,Rice University
Michael Szell,University of Vienna
Michael T. Heaney,University of Michigan
Michael TenEyck,University of Texas at Dallas
Michael Windzio,University of Bremen
Michael Withers,Texas A&M University
Michael Wältermann,University of Freiburg
Michaela Hoffman,University of Missouri
Michal Bojanowski,Kozminski University
Michel Grossetti,CNRS
Michel L. Ehrenhard,University of Twente
Michela Del Vicario,IMT School for Advanced Studies
Michela Iannotta,Sapienza University of Rome
Michele Coscia,University of Namur
Michele L. Barnes,University of Hawaii at Manoa
Michele Starnini,University of Barcelona
Michele Tumminello,University of Palermo
Michelle Birkett,Northwestern University
Miel W. Ribbe,VU Amsterdam
Miguel-Ángel Sicilia,University of Alcalá
Miia Sainio,University of Turku
Miin-Shen Yang,Chung Yuan Christian University
Mike Steketee,University of South Carolina
Mikko A. Salo,University of Joensuu
Mikko Kivelä,Helsinki University of Technology
Milind Tambe,Harvard University
Min Fan,Shandong University
Min Zhou,University of Victoria
Min-Woong Sohn,University of Chicago
Mineichi Kudo,Hokkaido University
Ming Cao 0005,The University of Texas Health Science Center at Houston
Miranda J. Lubbers,Autonomous University of Barcelona
Miranda Jessica Lubbers,Autonomous University of Barcelona
Mireia Bolíbar,University of Bremen
Mirjam Kretzschmar,University of Bielefeld
Miruna Petrescu-Prahova,University of Washington
Mo-Han Hsieh,Massachusetts Institute of Technology
Mohammad Hossein Fazel Zarandi,Amirkabir University of Technology (Polytechnic of Tehran)
Mohammed Ben Said Al-Ghamdi,King Abdul Aziz University
Molly E. Brown,University of Maryland - College Park
Monica Bianchi,Università Cattolica del Sacro Cuore
Monica C. Higgins,Harvard University
Monica Ihli,University of Tennessee
Moo Young Choi,Seoul National University
Muhammad Azfar Nisar,Lahore University of Management and Sciences
Mulye Grima,Hawassa University
Murray Aitkin,University of Melbourne
Mustafa Cosar Ünal,Bilkent University
Mónica del Pozo,Universidad Complutense de Madrid
N. Lancki,University of Chicago
Nadine Tamburrini,Royal Holloway University of London
Nahomi Ichino,University of Michigan
Nan Lin,Duke University
Nancy P. Barnett,Brown University
Naomi Braine,National Development and Research Institute
Natalia Zotova,Ohio State University
Natalie C. Cotton-Nessler,Bentley University
Natalie Indlekofer,University of Konstanz
Nathalie Del Vecchio,University Paris 2
Nava Pliskin,Ben Gurion University of the Negev
Neha Gondal,Boston University
Neha P. Shah,Rutgers University
Neil McRoberts,University of California - Davis
Neng Fan,University of Arizona
Nial Friel,University College Dublin
Niccolò Casnici,University of Brescia
Nicholas Charron,University of Gothenburg
Nicholas Christakis,Harvard University
Nicholas Harrigan,Singapore Management University
Nicholas M. Harrigan,Macquarie University
Nicholas N. Nagle,University of Tennessee
Nicholas V. Findler,Arizona State University
Nicholas Weller,University of Southern California
Nick Crossley,University of Manchester
Nicola Mirc,CNRS
Nicole B. Ellison,University of Michigan
Nicole Bohme Carnegie,York University
Nicolás Suárez,University of Chile
Nicolò Pecora,Catholic University
Nikita Basov,St. Petersburg State University
Nikki van Gerwen,Utrecht University
Ning Wang 0013,University of Oxford
Nitesh V. Chawla,University of Notre Dame
Noah E. Friedkin,University of California - Santa Barbara
Noli Brazil,University of Southern California
Nora F. Almosaed,King Abdul Aziz University
Norbert Vanbeselaere,KU Leuven
Norio Konno,Yokohama National University
Norman Braun,University of Munich
Norman Conti,Duquesne University
Norman P. Hummon,University of Pittsburgh
Noshir S. Contractor,Northwestern University
Nyi Nyi Htwe,Hiroshima University
Nynke van Miltenburg,Utrecht University
Obaid Ali Al-Modaf,King Abdul Aziz University
Odalia Wong,Hong Kong Baptist University
Ofer Engel,London School of Economics and Political Science
Olaf N. Rank,University of Freiburg
Olga Kornienko,Arizona State University
Olivier Toubia,Columbia University
Omar Lizardo,University of Notre Dame
Osei Appiah,Ohio State University
Ove Frank,Stockholm University
P. Robert Duimering,University of Waterloo
Pablo Piedrahíta,University of Zaragoza
Palakorn Achananuparp,Singapore Management University
Pamela A. Popielarz,University of Illinois at Chicago
Pamela Emanuelson,Dakota State University
Paola Tubaro,University of Greenwich
Paola Velardi,Sapienza University of Rome
Paola Zappa,University of Lugano
Paolo Campana,University of Cambridge
Paolo Parigi,Stanford University
Pascal Sciarini,University of Geneva
Patricia B. Cerrito,University of Louisville
Patrick Doreian,University of Ljubljana
Patrick Janulis,Northwestern University
Patrick Mair,Institute for Statistics and Mathematics
Patrick Park,Northwestern University
Patrick S. Park,Cornell University
Patrizia Vecchi,Washington University in St. Louis
Paul A. Beck,Ohio State University
Paul A. Djupe,Denison University
Paul D. McLean,Rutgers University
Paul Nieuwbeerta,Netherlands Institute for the Study of Crime and Law enforcement (NSCR)
Paulette Lloyd,Indiana University
Pauli Miettinen,University of Eastern Finland
Paulina Preciado,University of Oxford
Pauline Chou,Massachusetts Institute of Technology
Pauline W. Hoffmann,University at Buffalo
Pavel N. Krivitsky,University of Washington
Peng Wang 0002,Swinburne University of Technology
Per Block,ETH Zurich
Pete Jones,University of Manchester
Peter Abell,London School of Economics and Political Science
Peter Borm,Tilburg University
Peter D. Hoff,Duke University
Peter Elliott,Swinburne University of Technology
Peter Kuppens,University of Leuven
Peter McMahan,University of Chicago
Peter Miltner,FU Berlin
Peter Monge,University of Southern California
Peter Mühlau,Trinity College Dublin
Peter P. Groenewegen,NIVEL: Netherlands Institute for Health Services Research
Peter Pal Zubcsek,University of Florida
Peter Totterdell,University of Sheffield
Peter V. Marsden,Harvard University
Peter W. F. Smith,University of Southampton
Peter van der Laan,Netherlands Institute for the Study of Crime and Law enforcement (NSCR)
Petr Matous,University of Sydney
Petter Holme,Tokyo Institute of Technology
Philip A. Sinclair,Manchester Metropolitan University
Philip Andrew Sinclair,Manchester Metropolitan University
Philip Mohr,CSIRO
Philippa E. Pattison,University of Melbourne
Philippa Pattison,University of Sydney
Philippe Ramirez,CNRS
Phillip Bonacich,University of California - Los Angeles
Phillip Schumm,University of Chicago
Pierre Mongeau,University of Quebec in Montreal
Pieter-Paul Verhaeghe,Ghent University
Pietro Panzarasa,Queen Mary University of London
PingSun Leung,University of Hawaii at Manoa
Pip Pattison,University of Melbourne
Poong Oh,University of Pennsylvania
Pritha Dev,Indian Institute of Management
Pádraig Cunningham,University College Dublin
Pádraig Mac Carron,University of Oxford
Pál Czobor,Semmelweis University
Péter Soltész,Catholic University
Qiguang Miao,Xidian University
Qingmai Wang,Massachusetts Institute of Technology
Qiwen Zheng,University of Maryland - College Park
R. Karl Rethemeyer,University at Albany
R. Neelamegham,University of Colorado
Rachel Garshick Kleit,University of Washington
Rachel Sacks-Davis,Burnet Institute
Rachel Stevenson,University of Manchester
Rae Jean Proeschold-Bell,Duke University
Rafael T. Mikolajczyk,University of Bielefeld
Rafael Wittek,University of Groningen
Rafaël Stofer,University Paris Dauphine
Raffaele Vacca,University of Florida
Raihan Razib,State University of New York at Buffalo
Raine Hoover,Stanford University
Ramasuri Narayanam,Indian Institute of Science
Rami Puzis,University of Maryland - College Park
Ramón Flores,University Carlos III of Madrid
Ran Xu,Virginia Polytechnic Institute and State University
Rance P. L. Lee,Chinese University of Hong Kong
Raymond V. Liedka,University of New Mexico
Rebecca C. Kotsonis,Wake Forest University
Rebecca Jenkinson,Burnet Institute
Rebecca Nash,Simon Fraser University
Rebeka Johnson,University of Lugano
Rense Corten,Utrecht University
Renáta Hosnedlová,CNRS
René Veenstra,University of Groningen
René van den Brink,Free University
Riccardo Boero,University of Torino
Richard A. Fabes,Arizona State University
Richard Heidler,Bergische University Wuppertal
Rick Grannis,University of California - Los Angeles
Rickard Nyman,University College London
Riitta Toivonen,Helsinki University of Technology
Rob Cross,University of Virginia
Robb Willer,University of Iowa
Robert A. Hanneman,University of California - Riverside
Robert Ackland,Australian National University
Robert Elliott Smith,University College London
Robert Faris,University of California - Davis
Robert Huckfeldt,University of California - Davis
Robert J. Beck,University of California - Irvine
Robert P. Gilles,Virginia Polytechnic Institute and State University
Robert Panitz,Heidelberg University
Robert R. Faulkner,University of Massachusetts
Robert W. Faris,University of California - Davis
Robert W. Krause,Linköping University
Roberto Corradetti,University of Torino
Robin Dunbar,University of Oxford
Robin I. M. Dunbar,University of Oxford
Rochelle R. Côté,University of Toronto
Roger Th. A. J. Leenders,Tilburg University
Rolf Ziegler,University of Munich
Romina Cachia,Sevilla University
Romualdo Pastor-Satorras,Polytechnic University of Catalonia
Ronald L. Breiger,University of Arizona
Ronald R. Rindfuss,University of North Carolina
Ronald S. Burt,University of Chicago
Rosa M. Benito,Polytechnic University of Madrid
Rosa M. V. Figueiredo,University of Aveiro
Rosanna Grassi,University of Milan Bicocca
Roy Gava,University of Geneva
Roy Lindelauf,Netherlands Defense Academy
Rozemarijn van der Ploeg,University of Groningen
Ruben De Cuyper,Netherlands Institute for the Study of Crime and Law enforcement (NSCR)
Rupa Jose,University of California - Irvine
Ruth F. Hunter,Queen's University
Ruud Hendrickx,Tilburg University
Ryan M. Acton,University of Massachusetts
Ryan W. Quinn,University of Louisville
Rémi Boivin,University of Montreal
Róbert Tardos,Eotvos Lorand University Faculty of Social Sciences
Sabina Kef,University of Amsterdam
Sabine De Moor,Ghent University
Sadamori Koujaku,Hokkaido University
Salvatore Miccichè,University of Palermo
Sam Field,University of Texas at Austin
Sam G. B. Roberts,University of Chester
Sam Schramski,Federal University of Amazonas
Samira Malek Mohamadi Golsefid,Amirkabir University of Technology (Polytechnic of Tehran)
Samrachana Adhikari,York University
Samuel Friedman,National Development and Research Institute
Samuel Wilson,Monash University
Sandra Cristina Oliveira,Universidade Estadual Paulista
Sandra González-Bailón,University of Pennsylvania
Sandro Sperandei,Institute of Scientific and Technological Communication & Information in Health
Sang Eun Woo,Purdue University
Sangeetha Madhavan,University of the Witwatersrand
Sangick Jeon,Stanford University
Sangwon Suh,University of California - Santa Barbara
Sanne Smith,Utrecht University
Sara Bastomski,Yale University
Sara Bojarczuk,Trinity College Dublin
Sara Geven,Utrecht University
Sara Gorgoni,University of Greenwich
Sara Y. Del Valle,Los Alamos National Laboratory
Sara Yeatman,University of Colorado
Sarah Gielen,KU Leuven
Sarah K. Cowan,York University
Satyam Mukherjee,Northwestern University
Scott Baum,Griffith University
Scott D. Gest,Pennsylvania State University
Scott D. McClurg,Southern Illinois University
Scott L. Feld,Purdue University
Scott W. Duxbury,Ohio State University
Sean M. Fitzhugh,University of California - Irvine
Sebastian Bähr,University of Erlangen-Nuremberg
Sebastian Pink,University of Mannheim
Sebastian Schnettler,Yale University
Sergio Chavez,Rice University
Sergiy Butenko,Texas A&M University
Seunghoo Lim,International University of Japan
Shanfeng Wang,Xidian University
Shankar Bhamidi,University of North Carolina
Sharique Hasan,Stanford University
Sheena Iyengar,Columbia University
Shigemi Kagawa,Kyushu University
Shin-Kap Han,University of Illinois at Urbana-Champaign
Shira Offer,Bar-Ilan University
Shunsuke Okamoto,Kyushu University
Siddhartha Bhattacharyya,University of Illinois at Chicago
Silke Adam,University of Bern
Silvia Snidero,University of Torino
Simi Wang,University of North Carolina
Simon DeDeo,Carnegie Mellon University
Simon Rodan,San José State University
Simona Bignami-Van Assche,Harvard University
Siyun Peng,Indiana University
Skyler J. Cranmer,Ohio State University
Song Yang,University of Minnesota
Sonja Opper,Lund University
Sonja Pointner,University of Bern
Soong Moon Kang,University College London
Spiro Maroulis,Arizona State University
Srinivas K. Reddy,Singapore Management University
Stanley Wasserman,University of Illinois at Urbana-Champaign
Stef Van Puyenbroeck,KU Leuven
Stefan Thurner,University of Vienna
Stefanie Bailey,Stanford University
Stefano Nasini,CNRS
Stefano Tasselli,Erasmus University Rotterdam
Stellan Ohlsson,University of Illinois at Chicago
Stephan Günnemann,Technical University of Munich
Stephanie Thiemichen,University of Munich
Stephen G. Eubank,Los Alamos National Laboratory
Stephen J. Walsh,University of North Carolina
Stephen P. Borgatti,University of Kent
Steve McDonald,North Carolina State University
Steven M. Chermak,Michigan State University
Steven M. Giles,Wake Forest University
Steven M. Goodreau,University of Washington
Steven Rytina,McGill University
Stijn Ruiter,Utrecht University
Stéphane Helleringer,Johns Hopkins University
Stéphane Legendre,CNRS
Sudheer Dhulipalla,Arizona State University
Susan Banducci,University of Exeter
Susan Bastani,Alzahra University
Susan C. Weller,University of Texas Medical Branch
Susan Cotts Watkins,University of Pennsylvania
Susan T. Ennett,University of North Carolina
Susanna Zaccarin,University of Trieste
Sven Banisch,Bielefeld University
Sze-Chuan Suen,University of Southern California
Sören Petermann,Ruhr-University Bochum
Tackseung Jun,Kyung Hee University
Tadeusz Sozanski,Institute of Sociology
Taha Yasseri,University of Oxford
Tahereh Dehdarirad,University of Barcelona
Taiane de Paula Ferreira,Universidade Estadual Paulista
Tal Spalter,Tel Aviv University
Tamar Yogev,University of Haifa
Tanja Nitschke,University of Karlsruhe (TH)
Tanya Araújo,Technical University of Lisbon
Tanya Menon,Ohio State University
Tarik Crnovrsanin,University of California - Davis
Ted Mouw,University of North Carolina
Terrence D. Jorgensen,University of Amsterdam
Terry D. Clark,Creighton University
Theo A. Arentze,Eindhoven University of Technology
Theo van Tilburg,Vrije University Amsterdam
Thierry Marchant,Ghent University
Thijs A. Velema,Sun Yat-sen University
Thomas F. Oltmanns,Washington University in St. Louis
Thomas Gautschi,University of Bern
Thomas Grund,University College Dublin
Thomas Häussler,University of Bern
Thomas J. Fararo,University of Pittsburgh
Thomas Lux,University of Kiel
Thomas N. Friemel,IPM
Thomas Rotolo,Washington State University
Thomas Scherngell,AIT Austrian Institute of Technology GmbH
Thomas U. Grund,Univeristy College Dublin
Thomas V. Pollet,University of Groningen
Thomas W. Valente,University of Southern California
Tian-Yun Chang,Vanderbilt University
Tijs A. van den Broek,University of Twente
Timothy J. Brazill,Mercer University
Tina Kogovsek,University of Ljubljana
Ting Li,University of North Carolina
Ting Luo,Manchester Metropolitan University
Tobias H. Stark,Utrecht University
Tobias Heinrich,University of South Carolina
Tobias Roth,University of Mannheim
Todd C. Lehmann,University of Michigan
Todd M. Loughead,University of Windsor
Tom A. B. Snijders,University of Groningen
Tom Decorte,University of Gent
Tom Vander Beken,Ghent University
Tomas Diviak,University of Manchester
Toon Kuppens,Catholic University
Tore Opsahl,Imperial College London
Tracy M. Sweet,University of Maryland - College Park
Travis Coan,University of Exeter
Travis G. Tatum,Univeristy College Dublin
Trevor I. Fenner,University of London
Troy Raeder,University of Notre Dame
Tso-Jung Yen,Academia Sinica
Tucker McGrimmon,University of South Carolina
Twan Burg,Tilburg University
Tünde Cserpes,University of Illinois at Chicago
Ueli Reber,University of Bern
Ulrik Brandes,University of Konstanz
Uwe Matzat,Eindhoven University of Technology
V. K. Narayanan,Drexel University
V. S. Subrahmanian,University of Maryland - College Park
Valentin Danchev,University of Oxford
Valentina Hlebec,University of Ljubljana
Valentina Mazzucato,Maastricht University
Valerio Arnaboldi,University of Oxford
Valerio Leone Sciabolazza,University of Naples
Valérie Delaunay,Aix Marseille University
Vangie A. Foshee,University of North Carolina
Vanina Jasmine Torló,University of Greenwich
Vasja Vehovar,University of Ljubljana
Verónica de Miguel Luken,Autonomous University of Barcelona
Vicki Stover Hertzberg,Emory University
Victor Agadjanian,University of Kansas
Victor Asal,University at Albany
Victor R. Prybutok,University of North Texas
Vincent A. A. Jansen,Royal Holloway University of London
Vincent A. Traag,Leiden University
Vincent Buskens,Utrecht University
Vincent Chua,National University of Singapore
Vincent G. Moscardelli,University of Connecticut
Vincent Lorant,Catholic University
Vincenz Frey,Bocconi University
Virginie Kidwell-Lopez,University of Texas at Dallas
Vittorio Fuccella,University of Salerno
Viviana Amati,ETH Zurich
Vladimir Barash,Cornell University
Vladimir Batagelj,University of Ljubljana
Volker Stocké,University of Kassel
Vontrese Deeds Pamphile,Northwestern University
Víctor Martínez-de-Albéniz,University of Navarra
W. Craig Carter,Middle Tennessee State University
W. Scott Comulada,University of California - Los Angeles
Walter Quattrociocchi,IMT School for Advanced Studies
Wayne E. Baker,University of Michigan
Wei Du 0004,Xi'an Jiaotong University
Wei Wang 0211,University of Central Florida
Weiai Xu,University of Massachusetts
Weiguo Wang,Dongbei University of Finance & Economics
Weihua An,Indiana University
Weiwei Gu,Tsinghua University
Wen-Chi Chuang,National Chengchi University
Wendy D. Brynildsen,Duke University
Wenhong Chen,University of Texas at Austin
Wentian Cui,Xi'an Jiaotong University
Werner Raub,Utrecht University
Willem E. Saris,University of Amsterdam
William C. Carter,University of North Carolina
William H. Woodall,Virginia Tech
William J. Burk,Radboud University
William J. Fitzgerald 0002,University of California - Irvine
William P. Eveland,Ohio State University
William S. Lovejoy,University of Michigan
Wim van den Noortgate,KU Leuven
Wouter de Nooy,University of Amsterdam
Xianbi Huang,La Trobe University
Xiangju Qin,University College Dublin
Xiaolin Shi,Microsoft
Xin Liu,Fudan University
Xin Lu 0002,Central South University
Xinghuo Yu 0001,Massachusetts Institute of Technology
Xingqin Qi,Shandong University
Xiumei Zhu,Purdue University
Xiuzhen Zhang,Massachusetts Institute of Technology
Y. Narahari,Indian Institute of Science
Ya-Wen Chiu,University of Washington
Yamir Moreno,University of Zaragoza
Yan-An Hwang,National Dong Hwa University
Yaneer Bar-Yam,New England Complex Systems Institute
Yang-chih Fu,Academia Sinica
Yanick Charette,Yale Institute for Network Science and Université Laval
Yanjie Bian,Xi'an Jiaotong University
Yanlong Zhang,Peking University
Yao Lu,Columbia University
Yasushi Kondo,Waseda University
Yee Heng Tan,Tokyo International University
Yen-Sheng Chiang,Academia Sinica
Yen-Wen Chen,National Taiwan University
Yi Cheng Loh,University of Cambridge
Yisook Lim,Yonsei University
Ylva Almquist,Stockholm University
Yong Gao 0001,University of British Columbia
Yong-Hak Kim,Yonsei University
Yongren Shi,University of Iowa
Yoshi Fujiwara,University of Hyogo
Yoshihisa Kashima,University of Melbourne
Yothin Sawangdee,Mahidol University
Yuan Hsiao,University of Washington
Yuejin Tan,National University of Defense Technology
Yuguo Chen,University of Illinois at Urbana-Champaign
Yuki Yasuda,University of Tokyo
Yun Huang 0001,Northwestern University
Yunpeng Zhao,George Mason University
Yunsong Chen,Nanjing University
Yuri Takhteyev,University of Toronto
Yuval Kalish,The Hebrew University
Yves Zenou,Stockholm University
Zachary Navabi,Ohio State University
Zachary Neal,Michigan State University
Zachary P. Neal,Michigan State University
Zack W. Almquist,University of California - Irvine
Zeljka Tonkovic,University of Zadar
Zeynep Ertem,Texas A&M University
Zhehui Zhong,University of Waterloo
Zhenkun Zhou,Beihang University
Zhi Huang,University of Kent
Zhijin Wu,Brown University
Zhulou Cao,Shandong University
Zoltán Kmetty,Eotvos Lorand University Faculty of Social Sciences
Zsolt Katona,University of California - Berkeley
Zsolt Unoka,Semmelweis University
Zsófia Boda,ETH Zurich
jimi adams,University of Colorado
Örjan Bodin,Stockholm University
Adama S. Marra,The Research Institute for Development
Alberto Caimo,Dublin Institute of Technology
Alessandro Lomi,University of Italian Switzerland
Andrea Mendoza-Silva,us
Andrew Shipilov,de
Andrew T. Stephen,de
Angelo Mondaini Calvão,de
Anna Nieboer,Institute of Health Policy and Management
Anne-Marie Niekamp,us
Arnaud Bringé,National Institute of Demographic Studies
Benedetta Belli-McQueen,us
Benoît R. Mâsse,de
Binh Phan,us
Bogumil Kaminski,Institute of Econometrics
C. Ferrara,de
Catherine J. Chu,us
Christian J. P. A. Hoebe,us
Christian Licoppe,de
Christianne J. de Poot,us
Ciro Cattuto,Institute for Scientific Interchange (ISI) Foundation
Claire Bidart,de
Claude S. Fischer,University of California - Berkeley
Crysttian Arantes Paixão,de
David C. Bell,us
Dominique Cardon,us
Dominique Simon,de
Ehsan Fakharizadi,de
Emmanuel Lazega,Institute of Political Studies in Paris
Erik Jan van Leeuwen,Max Planck Institute
Erkki Vartiainen,National Public Health Institute
F. Petruzzella,de
Fabien Granjon,us
Ferenc Szidarovszky,de
Flávio Codeço Coelho,de
Francisco I. Bastos,de
Francisco J. Granados,Institut Barcelona d'Estudis Internacionals (IBEI)
Francois Collet,us
François Charbonnier,de
Giovanna Miritello,Telefónica Research
Gunnar Flötteröd,KTH - Royal Institute of Technology
Günes Ertan,Coach University
Helena Buhr,The Northwestern Institute on Complex Systems (NICO)
Henning Silber,GESIS - Leibniz Institute for the Social Sciences
Ines Lindner,Tinbergen Institute
Ion Georgiou,de
James Hollway,Graduate Institute Geneva
Jaume Guia,us
Jean-Philippe Cointet,ISC-PIF
Jerry W. Carlson,us
Jesper J. Rözer,Dutch Institute for Social Science Research (SCP)
Jette Schröder,GESIS - Leibniz Institute for the Social Sciences
Johannes Illenberger,Berlin Institute of Technology
John Belchamber,Telefónica Research
John Dunn,us
John S. Atkinson,us
Jordi Brandts,us
Keisuke Nansai,National Institute for Environmental Studies
Klaus Hamberger,de
Lea-Maria Löbel,German Institute for Economic Research (DIW) Berlin
Lotte Vermeij,The Netherlands Institute for Social Research
Lucia Falzon,us
Maeve B. Mello,de
Manuel Fischer,Swiss Federal Institute for Aquatic Research
Marc Barthelemy,de
Marcelo Ribeiro-Alves,National Institute of Infectious Diseases Evandro Chagas
Marie-Claude Boily,de
Masaaki Terai,RIKEN Advanced Institute for Computational Science
Mathew Mathews,us
Matilde Massó,University of A Coruña
Matt T. Bianchi,us
Mauro Barone,de
Michael Bosnjak,ZPID - Leibniz Institute for Psychology Information
Naoki Masuda,RIKEN Brain Science Institute
Neilane Bertoni,de
Nicholas A. Christakis,Yale Institute for Network Science
Nicole H. T. M. Dukers-Muijrers,us
Olaf N. Rank,us
Oscar Hendrick,de
Peter A. Gloor,Massachusetts Institute of Technology
Peter Griffith,de
Peter Hedström,Institute for Futures Studies
Pierre Barbillon,de
Rebecca Goolsby,de
Renato Rocha Souza,de
Rob Cross,us
Robert Poulin,de
Rocío Martínez-López,Telefónica Research
Ronald Concer,de
Rubén Lara,Telefónica Research
Sabrina Delgado-Arias,de
Saskia Metzler,Max Planck Institute
Sophie Donnet,de
Stephen Q. Muth,us
Tristan Picard,de
Valentyn Kalnysh,Ukrainian Institute of Public Health
Vanessa M. Escobar,de
Vladimir Batagelj,Institute of Mathematics
Xi Zou,us
Yoshiyuki Arata,Research Institute of Economy
Yuri Kalnysh,Ukrainian Academy of Public Service
Zbigniew Smoreda,de
Øystein D. Fjeldstad,us
