John Scott,"University of Plymouth, Plymouth, UK"
Devan Rosen,"Department of Speech, University of Hawaii, Honolulu, USA"
Jang-Hyun Kim 0001,"Department of Speech, University of Hawaii, Honolulu, USA"
Dalhia Mani,"HEC Paris, Jouy en Josas, France"
Nasrullah Memon,"Department of Computer Science, Global University, Beirut, Lebanon"
Fabien Jourdan,"INRA, UMR1089, Toulouse, France"
Benedikt Meuthrath,"Freie Universität Berlin, Berlin, Germany"
Anne Baumgraß,"Vienna University of Economics and Business, Vienna, Austria"
Janette Lehmann,"ISI Foundation, Turin, Italy"
Ilham Esslimani,"KIWI Team-LORIA, Nancy University, Villers-Lès-Nancy, France"
Armelle Brun,"KIWI Team-LORIA, Nancy University, Villers-Lès-Nancy, France"
Anne Boyer,"KIWI Team-LORIA, Nancy University, Villers-Lès-Nancy, France"
Mohamad Nagi,"Department of Computing, School of Computing Informatics and Media, University of Bradford, Bradford, UK"
Radwan Tahboub,"Department of Electrical and Computer Engineering, Palestine Polytechnic University, Hebron, Palestinian Authority"
Mick J. Ridley,"Department of Computing, School of Computing Informatics and Media, University of Bradford, Bradford, UK"
Robert Wyatt,"The Office of Distance Learning, Division of Extended Learning and Outreach, Western Kentucky University, Bowling Green, USA"
Mehmet Kayaalp 0001,"Department of Computer Engineering, TOBB Economics and Technology University, Ankara, Turkey"
Tansel Özyer,"Department of Computer Engineering, TOBB Economics and Technology University, Ankara, Turkey"
Sibel Tariyan Özyer,"Department of Computer Engineering, Çankaya University, Ankara, Turkey"
M. Saravanan 0003,"Ericsson India Private Limited, Ericsson R&D, Chennai, India"
Garigipati Prasad,"Ericsson India Private Limited, Ericsson R&D, Chennai, India"
Karishma Karishma,"Ericsson India Private Limited, Ericsson R&D, Chennai, India"
D. Suganthi,"Ericsson India Private Limited, Ericsson R&D, Chennai, India"
Sofus A. Macskassy,"Fetch Technologies, El Segundo, USA"
Nayer M. Wanas,"Department of Informatics, Electronics Research Institute, Giza, Egypt"
John Yearwood,"Graduate School of ITMS, University of Ballarat, Ballarat, Australia"
Musa A. Mammadov,"Graduate School of ITMS, University of Ballarat, Ballarat, Australia"
Dean Webb,"Graduate School of ITMS, University of Ballarat, Ballarat, Australia"
Stéphane Peters,"LIP6, University Pierre et Marie Curie, Paris, France"
Yann Jacob,"LIP6, University Pierre et Marie Curie, Paris, France"
Ludovic Denoyer,"LIP6, University Pierre et Marie Curie, Paris, France"
Joel Brynielsson,"Swedish Defence Research Agency, Stockholm, Sweden"
Lisa Kaati,"Swedish Defence Research Agency, Stockholm, Sweden"
Pontus Svenson,"Swedish Defence Research Agency, Stockholm, Sweden"
Justus Bross,"FG Internet Technologies and Systems, Hasso-Plattner-Institut, Potsdam, Germany"
Keven Richly,"FG Internet Technologies and Systems, Hasso-Plattner-Institut, Potsdam, Germany"
Matthias Kohnen,"FG Internet Technologies and Systems, Hasso-Plattner-Institut, Potsdam, Germany"
Christoph Meinel,"FG Internet Technologies and Systems, Hasso-Plattner-Institut, Potsdam, Germany"
Alessandro Cucchiarelli,"DIIGA, Università Politecnica delle Marche, Ancona, Italy"
Fulvio D'Antonio,"DIIGA, Università Politecnica delle Marche, Ancona, Italy"
Fernando Ferri,"CNR-IRPPS, National Research Council, Institute of Research on Population and Social Policies, Rome, Italy"
Patrizia Grifoni,"CNR-IRPPS, National Research Council, Institute of Research on Population and Social Policies, Rome, Italy"
Tiziana Guzzo,"CNR-IRPPS, National Research Council, Institute of Research on Population and Social Policies, Rome, Italy"
Lei Tang 0001,"Yahoo! Labs, Santa Clara, USA"
Barbara Caci,"Dipartimento di Psicologia, Università degli Studi di Palermo, Palermo, Italy"
Maurizio Cardaci,"Dipartimento di Psicologia, Università degli Studi di Palermo, Palermo, Italy"
Marco Elio Tabacchi,"Centro Interdipartimentale Tecnologie della Conoscenza, Università degli Studi di Palermo, Palermo, Italy"
Walter Quattrociocchi,"University of Siena, Siena, Italy"
Eugenia Galeota,"Department of Biology, University of Rome Tor Vergata, Rome, Italy"
Juan Antonio Navarro Pérez,"Technische Universität München, Munich, Germany"
Karl Branting,"The MITRE Corporation, McLean, USA"
Florian Skopik,"Safety and Security Department, AIT Austrian Institute of Technology, Seibersdorf, Austria"
Frédéric Amblard,"IRIT, UT1, University of Social Science, Toulouse, France"
Hendrik Wermser,"Technische Universität München, Munich, Germany"
Yi Huang 0002,"Siemens AG, Corporate Technology, Munich, Germany"
Volker Tresp,"Siemens AG, Corporate Technology, Munich, Germany"
Said Kashoob,"Department of Engineering, Salalah College of Technology, Salalah, Oman"
Bradley S. Rees,"Department of Computer Science, Florida Institute of Technology, Melbourne, USA"
Keith B. Gallagher,"Department of Computer Science, Florida Institute of Technology, Melbourne, USA"
Piotr Bródka,"Institute of Informatics, Wrocław University of Technology, Wrocław, Poland"
Stanislaw Saganowski,"Research Engineering Center Sp. z o.o., Wrocław, Poland"
Przemyslaw Kazienko,"Institute of Informatics, Wrocław University of Technology, Wrocław, Poland"
Salvatore Catanese,"Department of Physics, Informatics Section, University of Messina, Messina, Italy"
Giacomo Fiumara,"Department of Physics, Informatics Section, University of Messina, Messina, Italy"
Deepa Anand,"CMR Institute of Management Studies, Bangalore, India"
Oussama Allali,"LIP6, University Pierre and Marie Curie, Paris, France"
Lionel Tabourier,"LIP6, University Pierre and Marie Curie, Paris, France"
Malik Muhammad Saad Missen,"Department of Computer Science and Information Technology, The Islamia University of Bahawalpur, Bahawalpur, Pakistan"
Mohand Boughanem,"Institut de Recherche en Informatique de Toulouse (IRIT), Université de Toulouse, Toulouse, France"
Guillaume Cabanac,"Institut de Recherche en Informatique de Toulouse (IRIT), Université de Toulouse, Toulouse, France"
Darko Obradovic,"German Research Center for AI (DFKI),  University of Kaiserslautern, Kaiserslautern, Germany"
Stephan Baumann 0001,"German Research Center for AI (DFKI), Berlin, Germany"
Andreas Dengel 0001,"German Research Center for AI (DFKI),  University of Kaiserslautern, Kaiserslautern, Germany"
Inayah Rohmaniyah,"Center for Religious and Cross Cultural Studies, Gadjah Mada University, Yogyakarta, Indonesia"
Ali Amin,"State College of Islamic Studies (STAIN), Manado, Indonesia"
Vinti Agarwal,"School of Computer and Systems Sciences, Jawaharlal Nehru University, New Delhi, India"
Kamal Kant Bharadwaj,"School of Computer and Systems Sciences, Jawaharlal Nehru University, New Delhi, India"
Ganesh Ramesh,"Yahoo! Inc., Santa Clara, USA"
Sandra A. Vannoy,"Department of Computer Information Systems, Walker College of Business, Appalachian State University, Boone, USA"
Charlie C. Chen,"Department of Computer Information Systems, Walker College of Business, Appalachian State University, Boone, USA"
B. Dawn Medlin,"Department of Computer Information Systems, Walker College of Business, Appalachian State University, Boone, USA"
Srividhya Venugopal,"Department of Computer Sciences, Florida Institute of Technology, Melbourne, USA"
Evan Stoner,"Department of Computer Sciences, Florida Institute of Technology, Melbourne, USA"
Silvana Rossy de Brito,"Federal Rural University of Amazônia (UFRA), Belém, Brazil"
Aleksandra do Socorro da Silva,"Federal Rural University of Amazônia (UFRA), Belém, Brazil"
Dalton Lopes Martins,"Technology Faculty of São Paulo (FATEC), São Paulo, Brazil"
Nandamudi Lankalapalli Vijaykumar,"National Institute for Space Research (INPE), SP, Brazil"
Cláudio Alex Jorge da Rocha,"Federal Institute of Pará (IFPA), Belém, Brazil"
João Crisóstomo Weyl Albuquerque Costa,"Federal University of Pará (UFPA), Belém, Brazil"
Carlos Renato Lisboa Francês,"Federal University of Pará (UFPA), Belém, Brazil"
Marcin Budka,"Bournemouth University, Poole, UK"
Krzysztof Juszczyszyn,"Wroclaw University of Technology, Wroclaw, Poland"
Katarzyna Musial,"Kings College London, London, UK"
Anna Musial,"Wroclaw University of Technology, Wroclaw, Poland"
Mohamed M. Mostafa,"Gulf University for Science and Technology, Kuwait, Kuwait"
Idrissa Sarr,"Université Cheikh Anta Diop, Dakar, Senegal"
Romain Lalande,"Université du Québec en Outaouais (UQO), Gatineau, Canada"
Dieudonné Tchuente,"IRIT, University of Toulouse, Toulouse, France"
C. Marie-Françoise Canut,"IRIT, University of Toulouse, Toulouse, France"
Nadine Jessel,"IRIT, University of Toulouse, Toulouse, France"
André Péninou,"IRIT, University of Toulouse, Toulouse, France"
Michal Jankowski-Lorek,"Polish-Japanese Institute of Information Technology, Warsaw, Poland"
Lukasz Ostrowski,"Polish-Japanese Institute of Information Technology, Warsaw, Poland"
Piotr Turek,"Polish-Japanese Institute of Information Technology, Warsaw, Poland"
Adam Wierzbicki,"Polish-Japanese Institute of Information Technology, Warsaw, Poland"
Sridhar Mandyam,"Ecometrix Research, Bangalore, India"
Usha Sridhar,"Ecometrix Research, Bangalore, India"
Paolo Boldi,"Dipartimento di Informatica, Università degli Studi di Milano, Milan, Italy"
Marco Rosa,"Dipartimento di Informatica, Università degli Studi di Milano, Milan, Italy"
Sebastiano Vigna,"Dipartimento di Informatica, Università degli Studi di Milano, Milan, Italy"
Eva Zangerle,"Databases and Information Systems Institute of Computer Science, University of Innsbruck, Innsbruck, Austria"
Wolfgang Gassler,"Databases and Information Systems Institute of Computer Science, University of Innsbruck, Innsbruck, Austria"
Günther Specht,"Databases and Information Systems Institute of Computer Science, University of Innsbruck, Innsbruck, Austria"
Tharaka Alahakoon,"Norcross, USA"
Kanliang Wang,"Electronics Information Engineering College, Henan University of Science and Technology, Luoyang, People's Republic of China"
Karen Zita Haigh,"Raytheon BBN Technologies, Louis Park, USA"
Gianni Costa,"ICAR, CNR, Rende (CS), Italy"
Riccardo Ortale,"ICAR, CNR, Rende (CS), Italy"
Jorge Carlos Valverde-Rebaza,"Instituto de Ciências Matemáticas e de Computação, Universidade de São Paulo, São Carlos, Brazil"
Alneu de Andrade Lopes,"Instituto de Ciências Matemáticas e de Computação, Universidade de São Paulo, São Carlos, Brazil"
Raghvendra Mall,"Department of Electrical Engineering, ESAT-SCD, Katholieke Universiteit Leuven, Louvain, Belgium"
Rocco Langone,"Department of Electrical Engineering, ESAT-SCD, Katholieke Universiteit Leuven, Louvain, Belgium"
Johan A. K. Suykens,"Department of Electrical Engineering, ESAT-SCD, Katholieke Universiteit Leuven, Louvain, Belgium"
Mario Cataldi,"École Centrale Paris, Paris, France"
Marie-Aude Aufaure,"École Centrale Paris, Paris, France"
Sean Eyre,"Department of Electrical Engineering and Computer Science, Network Science Center, U.S. Military Academy, West Point, USA"
Damon Paulo,"Department of Electrical Engineering and Computer Science, Network Science Center, U.S. Military Academy, West Point, USA"
Alysson Bolognesi Prado,"Institute of Computing, State University of Campinas, Unicamp, Campinas, Brazil"
Maria Cecília Calani Baranauskas,"Institute of Computing, State University of Campinas, Unicamp, Campinas, Brazil"
Stefan Stieglitz,"Department of Information Systems, University of Muenster, Muenster, Germany"
Linh Dang-Xuan,"Department of Information Systems, University of Muenster, Muenster, Germany"
Peter Laflin,"Bloom Agency, Green Sand Foundry, Leeds, UK"
Alexander V. Mantzaris,"Department of Mathematics and Statistics, University of Strathclyde, Glasgow, UK"
Fiona Ainley,"Bloom Agency, Green Sand Foundry, Leeds, UK"
Amanda Otley,"Bloom Agency, Green Sand Foundry, Leeds, UK"
Desmond J. Higham,"Department of Mathematics and Statistics, University of Strathclyde, Glasgow, UK"
Irena Pletikosa Cvijikj,"Information Management, ETH Zürich, Zurich, Switzerland"
Erica Dubach Spiegler,"Information Management, ETH Zürich, Zurich, Switzerland"
Florian Michahelles,"Information Management, ETH Zürich, Zurich, Switzerland"
Lucas A. Overbey,"Space and Naval Warfare Systems Center Atlantic, North Charleston, USA"
Benjamin Greco,"Space and Naval Warfare Systems Center Atlantic, North Charleston, USA"
Christopher Paribello,"MathWorks, Natick, USA"
Terresa Jackson,"Space and Naval Warfare Systems Center Atlantic, North Charleston, USA"
Antoine Boutet,"INRIA Rennes Bretagne Atlantique, Rennes, France"
Hyoungshick Kim,"Sungkyunkwan University, Suwon, Korea"
Ghufran Al-Shiridah,"Computer Engineering Department, Kuwait University, Kuwait, Kuwait"
Khaled Mahdi,"Chemical Engineering Department, Kuwait University, Kuwait, Kuwait"
Maytham Safar,"Computer Engineering Department, Kuwait University, Kuwait, Kuwait"
Nikolaos Mantas,"Department of Informatics, Aristotle University, Thessaloniki, Greece"
Samantha Lam,"Digital Enterprise Research Institute, NUI Galway, Galway, Ireland"
Daniel Schall 0001,"Siemens Corporate Technology, Vienna, Austria"
Cristiano André da Costa,"Applied Computing Graduate Program (PIPCA), University of Vale do Rio dos Sinos (UNISINOS), São Leopoldo, Brazil"
Dante Zaupa,"Applied Computing Graduate Program (PIPCA), University of Vale do Rio dos Sinos (UNISINOS), São Leopoldo, Brazil"
Jorge Luis Victória Barbosa,"Applied Computing Graduate Program (PIPCA), University of Vale do Rio dos Sinos (UNISINOS), São Leopoldo, Brazil"
Rodrigo da Rosa Righi,"Applied Computing Graduate Program (PIPCA), University of Vale do Rio dos Sinos (UNISINOS), São Leopoldo, Brazil"
João de Camargo,"Applied Computing Graduate Program (PIPCA), University of Vale do Rio dos Sinos (UNISINOS), São Leopoldo, Brazil"
Nikolas Daroit,"Applied Computing Graduate Program (PIPCA), University of Vale do Rio dos Sinos (UNISINOS), São Leopoldo, Brazil"
Bogdan Gliwa,"Department of Computer Science, AGH University of Science and Technology, Kraków, Poland"
Anna Zygmunt,"Department of Computer Science, AGH University of Science and Technology, Kraków, Poland"
Jiawei Han 0001,"University Illinois at Urbana-Champaign, Champaign, USA"
Chhavi Rana,"Department of Computer Science Engineering, University Institute of Engineering and Technology, MD University, Rohtak, India"
Mathias R. Kuhnt,"Dresden University of Technology, Department of Sociology, Dresden, Germany"
Oliver A. Brust,"Dresden University of Technology, Department of Sociology, Dresden, Germany"
Ben Collingsworth,"Computer Sciences BioComplex Laboratory, Florida Institute of Technology, Melbourne, USA"
Jamal Jida,"Department of Informatics, College of Science, Lebanese University, Tripoli, Lebanon"
Mohammad Rifaie,"Department of Information Technology, RBC Royal Bank of Canada, Toronto, Canada"
Christopher McCubbin,"Sqrrl Data, Inc., Boston, USA"
James T. Halbert,"TASC Inc., Chantilly, USA"
Bénédicte Le Grand,"Sorbonne Universités, UPMC Univ Paris 06, UMR 7606, LIP6, Paris, France"
Carlo Morselli,"École de Criminologie, Université de Montréal, Montréal, Canada"
Laurie Grieshober,"Department of Epidemiology and Environmental Health, State University of New York and Buffalo, Buffalo, USA"
Neil Zhenqiang Gong,"Computer Science Division, UC Berkeley, Berkeley, USA"
Sandipan Sikdar,"Department of Computer Science and Engineering, Indian Institute of Technology, Kharagpur, India"
François Queyroi,"Sorbonne Universités, UPMC Univ Paris 06, UMR 7606, LIP6, Paris, France"
Remco Wijn,"Netherlands Organisation for Applied Scientific Research (TNO), Delft, The Netherlands"
Erik M. Boertjes,"Netherlands Organisation for Applied Scientific Research (TNO), Delft, The Netherlands"
Aibek Makazhanov,"Nazarbayev University Research and Innovation System, Astana, Kazakhstan"
Martine Collard,"LAMIA Lab, University of the French West Indies and Guiana, Pointe-à-Pitre, France"
Stephen L. Lenkey,"Division of Economic and Risk Analysis, U.S. Securities and Exchange Commission, Washington, USA"
Rob Procter,"Department of Computer Science, Warwick University, Coventry, England"
Alex Voss,"School of Computer Science, St Andrews University, Fife, Scotland"
Ahmed Abdeen Hamed,"Vermont EPSCoR, University of Vermont, Burlington, USA"
Xindong Wu 0001,"Department of Computer Science, University of Vermont, Burlington, USA"
Alan Rubin,"College of Medicine, University of Vermont, Burlington, USA"
Mingxiang Zhu,"School of Computer Science and Technology, China University of Mining and Technology, Xuzhou, China"
Tianjie Cao,"School of Computer Science and Technology, China University of Mining and Technology, Xuzhou, China"
Xiangying Jiang,"School of Computer Science and Technology, China University of Mining and Technology, Xuzhou, China"
Xuming Zhai,"Taiyuan Institute of Technology, Taiyuan, People's Republic of China"
Andreas Hotho,"Data Mining and Information Retrieval Group, University of Wuerzburg, Wuerzburg, Germany"
Peter-Paul van Maanen,"Netherlands Organisation for Applied Scientific Research (TNO), Delft, The Netherlands"
Bob van der Vecht,"Netherlands Organisation for Applied Scientific Research (TNO), Delft, The Netherlands"
Charles A. Kamhoua,"Information Directorate, US Air Force Research Laboratory (AFRL), Rome, USA"
Kevin A. Kwiat,"Information Directorate, US Air Force Research Laboratory (AFRL), Rome, USA"
Mir-Kamran Mahshid,"Department of Information and Communications Engineering, University Of Zanjan, Zanjan, Iran"
Ahmed Ibrahem Hafez,"Faculty of Computer and Information, Minia University, Minia, Egypt"
Aboul Ella Hassanien,"Scientific Research Group in Egypt (SRGE), Cairo, Egypt"
Aly A. Fahmy,"Scientific Research Group in Egypt (SRGE), Cairo, Egypt"
Mamadou Diaby,"Université Paris 13, Villetaneuse, France"
Tristan Launay,"Université Paris 13, Villetaneuse, France"
Cuneyt Gurcan Akcora,"DISTA, Università degli Studi dell'Insubria, Varese, Italy"
Amir Hossein Razavi,"Department of Computer Science, Université du Québec en Outaouais (UQO), Gatineau, Canada"
Dyah Anggraini,"Department of Computer Science, Université du Québec en Outaouais (UQO), Gatineau, Canada"
Rokia Missaoui,"Department of Computer Science, Université du Québec en Outaouais (UQO), Gatineau, Canada"
Jean Vaillancourt,"Department of Computer Science, Université du Québec en Outaouais (UQO), Gatineau, Canada"
Mohamed Talbi,"Department of Computer Science, Université du Québec en Outaouais (UQO), Gatineau, Canada"
Alexandros Nanopoulos,"Katholische Universität Eichstätt-Ingolstadt, Eichstätt, Germany"
Giuseppe Mangioni,"Department of Electrical Electronics and Computer Engineering, University of Catania, Catania, Italy"
Duen Horng Chau,"School of Computational Science and Engineering, Georgia Tech, Atlanta, USA"
Behrouz H. Far,"Department of Computer Science, Global University, Beirut, Lebanon"
Marcos A. C. Oliveira,"Florida Institute of Technology, Melbourne, USA"
Carmelo J. A. Bastos Filho,"University of Pernambuco, Recife, Brazil"
Ronaldo Menezes,"Florida Institute of Technology, Melbourne, USA"
András A. Benczúr,"Technical University Budapest, Budapest, Hungary"
Rui Zeng,"School of Information Science and Technology, Yunnan Normal University, Kunming, China"
Mahdi Abdelkafi,"Miracl laboratory/ISIM/University of Sfax, Sfax, Tunisia"
Karim Djemame,"Wireless Communication and Mobile Computing research group, Disney Research Zurich, Zurich, Switzerland"
Tanmoy Chakraborty 0002,"Department of Computer Science and Engineering, Indian Institute of Technology, Kharagpur, India"
Niloy Ganguly,"Department of Computer Science and Engineering, Indian Institute of Technology, Kharagpur, India"
Animesh Mukherjee 0001,"Department of Computer Science and Engineering, Indian Institute of Technology, Kharagpur, India"
Pedro Paredes 0002,"CRACS and INESC-TEC, DCC-FCUP, Universidade do Porto, Porto, Portugal"
Pedro Manuel Pinto Ribeiro,"CRACS and INESC-TEC, DCC-FCUP, Universidade do Porto, Porto, Portugal"
Adrien Guille,"ERIC Lab, University of Lyon 2, Bron, France"
Cécile Favre,"ERIC Lab, University of Lyon 2, Bron, France"
Günce Keziban Orman,"Department of Computer Engineering, Galatasaray University, Istanbul, Turkey"
Adham Beykikhoshk,"Centre for Pattern Recognition and Data Analytics (PRaDA), School of Information Technology, Deaking University, Geelong, Australia"
Ognjen Arandjelovic,"Centre for Pattern Recognition and Data Analytics (PRaDA), School of Information Technology, Deaking University, Geelong, Australia"
Dinh Q. Phung,"Centre for Pattern Recognition and Data Analytics (PRaDA), School of Information Technology, Deaking University, Geelong, Australia"
Svetha Venkatesh,"Centre for Pattern Recognition and Data Analytics (PRaDA), School of Information Technology, Deaking University, Geelong, Australia"
Terry Caelli,"Centre for Pattern Recognition and Data Analytics (PRaDA), School of Information Technology, Deaking University, Geelong, Australia"
Stefano Faralli 0001,"Dip. Informatica, La Sapienza, Rome, Italy"
Giovanni Stilo,"Dip. Informatica, La Sapienza, Rome, Italy"
Paola Velardi,"Dip. Informatica, La Sapienza, Rome, Italy"
Anthony Perez 0001,"Université d'Orléans, LIFO EA 4022, Orléans, France"
Zide Meng,"INRIA Sophia Antipolis Méditerranée, Sophia Antipolis, France"
Fabien Gandon,"INRIA Sophia Antipolis Méditerranée, Sophia Antipolis, France"
Ge Song 0001,"INRIA Sophia Antipolis Méditerranée, Sophia Antipolis, France"
Faraz Zaidi,"Levich Institute and Physics Department, City College of New York, New York, USA"
Mohammad Qasim Pasta,"Karachi Institute of Economics and Technology, Karachi, Pakistan"
Arnaud Sallaberry,"Karachi Institute of Economics and Technology, Karachi, Pakistan"
Guy Melançon,"Usman Institute of Technology, Karachi, Pakistan"
Jalal S. Alowibdi,"Faculty of Computing and Information Technology, University of Jeddah, Jeddah, Saudi Arabia"
Sohaib Ghani,"KACST GIS Technology Innovation Center, Umm Al-Qura University, Makkah, Saudi Arabia"
Mohamed F. Mokbel,"KACST GIS Technology Innovation Center, Umm Al-Qura University, Makkah, Saudi Arabia"
Giles Oatley,"Department of Computing & Information Systems, Cardiff Metropolitan University, Cardiff, UK"
Tom Crick,"Department of Computing & Information Systems, Cardiff Metropolitan University, Cardiff, UK"
Caitlin VerSchneider,"Nazareth College, Rochester, USA"
Rocío Abascal-Mena,"Information Tecnhology Department, Universidad Autónoma Metropolitana-Cuajimalpa, Mexico City, Mexico"
Rose Lema,"Information Tecnhology Department, Universidad Autónoma Metropolitana-Cuajimalpa, Mexico City, Mexico"
Florence Sèdes,"Institut de Recherche en Informatique de Toulouse, Toulouse, France"
Jorge Brea,"Grandata Labs, Buenos Aires, Argentina"
Javier Burroni,"Grandata Labs, Buenos Aires, Argentina"
Pablo Blanc,"IMAS, UBA-CONICET, FCEN, Ciudad Universitaria, Buenos Aires, Argentina"
Michael Steurer,"Know-Center, Graz, Austria"
Masahiro Hamasaki,"National Institute of Advanced Industrial Science and Technology (AIST), Tsukuba, Japan"
Bruno Vicente Alves de Lima,"Departamento de Computação, Universidade Federal do Piauí, Teresina, Brasil"
Vinicius Ponte Machado,"Departamento de Computação, Universidade Federal do Piauí, Teresina, Brasil"
Lucas A. Lopes,"Departamento de Computação, Universidade Federal do Piauí, Teresina, Brasil"
Maha Ben Kraiem,"MIR@CL, University of Sfax, Sfax, Tunisia"
Jamel Feki,"MIR@CL, University of Sfax, Sfax, Tunisia"
Kaïs Khrouf,"MIR@CL, University of Sfax, Sfax, Tunisia"
Franck Ravat,"IRIT, University of Toulouse, Toulouse Cedex 9, France"
Olivier Teste,"IRIT, University of Toulouse, Toulouse Cedex 9, France"
Kent Wickstrøm Jensen,"Department of Entrepreneurship and Relationship Management, University of Southern Denmark, Kolding, Denmark"
Thomas Schott,"Department of Entrepreneurship and Relationship Management, University of Southern Denmark, Kolding, Denmark"
Xiaoling Wang,"Institute for Data Science and Engineering, East China Normal University, Shanghai, China"
Aoying Zhou,"Institute for Data Science and Engineering, East China Normal University, Shanghai, China"
Avi Rosenfeld,"Department of Industrial Engineering, Jerusalem College of Technology, Jerusalem, Israel"
Siddharth Bora,"Indian Institute of Technology, New Delhi, India"
Harvineet Singh,"Indian Institute of Technology, New Delhi, India"
Anirban Sen,"Indian Institute of Technology, New Delhi, India"
Amitabha Bagchi,"Indian Institute of Technology, New Delhi, India"
Parag Singla,"Indian Institute of Technology, New Delhi, India"
Amina Madani,"LRDSI Laboratory, Sciences Faculty Blida 1 University, Soumaa Road Blida, Algeria"
Omar Boussaid,"ERIC Laboratory, Lumiere Lyon 2 University, Lyon, France"
Djamel Eddine Zegour,"LCSI Laboratory, National High School of Computer Science, Algiers, Algeria"
Erick Stattner,"LAMIA Lab., University of the French West Indies and Guiana, Pointe-à-Pitre, France"
Ahmed Al Dhanhani,"Etisalat British Telecom Innovation Center, Abu Dhabi, United Arab Emirates"
Mohamed Nader Jelassi,"Université de Tunis El-Manar, Faculté des Sciences de Tunis, LIPAH, Tunis, Tunisia"
Sadok Ben Yahia,"Clermont Université, Université Blaise Pascal, Clermont-Ferrand, France"
Vladimir Barash,"New York, USA"
Sara Hajian,"Eurecat-Technology Centre of Catalonia, Barcelona, Spain"
Francesco Bonchi,"Eurecat-Technology Centre of Catalonia, Barcelona, Spain"
Vladimir A. Oleshchuk,"Department of Information and Communication Technology, Faculty of Engineering and Science, University of Agder, Kristiansand, Norway"
Chenniappan Chellappan,"Department of Computer Science and Engineering, GKM College of Engineering & Technology, Anna University, Chennai, India"
Gregory Tauer,"Data Science and Information Fusion Group, CUBRC, Inc., Buffalo, USA"
Shannon Conley,"Department of Software Engineering, Firat University, Elazig, Turkey"
Sarwar Kamal,"Department of Computer Science and Engineering, East West University Bangladesh, Dhaka, Bangladesh"
Mohammad Shamsul Arefin,"Department of Computer Science and Engineering, Chittagong University of Engineering and Technology, Chittagong, Bangladesh"
Arash Nobari,"Industrial Engineering Department, Faculty of Engineering, Bu-Ali Sina University, Hamedan, Iran"
Vahid Khodakarami,"Industrial Engineering Department, Faculty of Engineering, Bu-Ali Sina University, Hamedan, Iran"
Reza Eslamipoor,"Industrial Engineering Department, Faculty of Engineering, Yazd University, Yazd, Iran"
Hassan Hosseini Nasab,"Industrial Engineering Department, Faculty of Engineering, Yazd University, Yazd, Iran"
Eva García Martín,"Blekinge Institute of Technology, Karlskrona, Sweden"
Niklas Lavesson,"Blekinge Institute of Technology, Karlskrona, Sweden"
Mina Doroud,"Twitter Inc., San Francisco, USA"
Christopher Griffin 0001,"Department of Mathematics, United States Naval Academy, Annapolis, USA"
Rémy Cazabet,"National Institute of Informatics, Tokyo, Japan"
Hideaki Takeda 0001,"National Institute of Informatics, Tokyo, Japan"
Mário Cordeiro,"FEUP, Porto University, Porto, Portugal"
Rui Sarmento,"LIAAD - INESC TEC, FEP, Porto University, Porto, Portugal"
Fatih Sen,"Le Bonheur Children's Hospital, Memphis, USA"
Rafal Kasprzyk,"Military University of Technology, Warsaw, Poland"
David Peleg,"Department of Computer Science, University of Paris Diderot, Paris, France"
Carlos Alessandro Sena de Freitas,"Computer Science Department, Universidade Federal de Minas Gerais, Belo Horizonte, Brazil"
Adriano Veloso,"Computer Science Department, Universidade Federal de Minas Gerais, Belo Horizonte, Brazil"
Jean-Valère Cossu,"Université d'Avignon, Avignon, France"
Vincent Labatut,"Université d'Avignon, Avignon, France"
Nicolas Dugué,"Université d'Orléans, INSA Centre Val de Loire, Blois, France"
Ryosuke Nishi,"National Institute of Informatics, Tokyo, Japan"
Taro Takaguchi,"JST, ERATO, Kawarabayashi Large Graph Project, Tokyo, Japan"
Keigo Oka,"Department of Mechanical and Aerospace Engineering, Graduate School of Engineering, Tottori University, Tottori, Japan"
Takanori Maehara,"National Institute of Informatics, Tokyo, Japan"
Masashi Toyoda,"JST, ERATO, Kawarabayashi Large Graph Project, Tokyo, Japan"
Ken-ichi Kawarabayashi,"National Institute of Information and Communications Technology, Koganei, Japan"
Naoki Masuda,"JST, ERATO, Kawarabayashi Large Graph Project, Tokyo, Japan"
Saptarshi Chakraborty,"Department of Computer Science and Engineering, VIT University, Vellore, India"
B. K. Tripathy,"Department of Computer Science and Engineering, VIT University, Vellore, India"
Shuangfei Zhai,"Department of Computer Science, Binghamton Univeristy, State University of New York, Binghamton, USA"
Noël Crespi,"Universidad Carlos III de Madrid, Madrid, Spain"
Ira S. Moskowitz,"Information Management and Decision Architectures Branch, Code 5580, Naval Research Laboratory, Washington, USA"
Paul Hyden,"Information Management and Decision Architectures Branch, Code 5580, Naval Research Laboratory, Washington, USA"
Stephen Russell 0001,"Battlefield Information Processing Branch, US Army Research Laboratory, Adelphi, USA"
Piergiuseppe Pellè,"Dhitech SCARL, High Technology Cluster, Lecce, Italy"
Amira Soliman 0001,"Software and Computer Systems, School of Information and Communication Technology, Royal Institute of Technology (KTH), Stockholm, Sweden"
Leila Bahri,"DISTA, Insubria University, Varese, Italy"
Barbara Carminati,"DISTA, Insubria University, Varese, Italy"
Elena Ferrari,"DISTA, Insubria University, Varese, Italy"
Gaspar Brogueira,"INESC-ID, Lisbon, Portugal"
Fernando Batista,"ISCTE-IUL – Instituto Universitário de Lisboa, Lisbon, Portugal"
João Paulo Carvalho,"INESC-ID, Lisbon, Portugal"
Billel Hamadache,"Laboratory of Electronic Document Management LabGED, Badji Mokhtar Annaba-University, Annaba, Algeria"
Hassina Seridi-Bouchelaghem,"Laboratory of Electronic Document Management LabGED, Badji Mokhtar Annaba-University, Annaba, Algeria"
Nadir Farah,"Laboratory of Electronic Document Management LabGED, Badji Mokhtar Annaba-University, Annaba, Algeria"
Roc Meseguer,"Universitat Politècnica de Catalunya, Barcelona, Spain"
Felix Freitag,"Universitat Politècnica de Catalunya, Barcelona, Spain"
Monika Singh,"Department of Computer Science and Engineering, PEC University of Technology, Chandigarh, India"
Divya Bansal,"Department of Computer Science and Engineering, PEC University of Technology, Chandigarh, India"
Sanjeev Sofat,"Department of Computer Science and Engineering, PEC University of Technology, Chandigarh, India"
Santi Phithakkitnukoon,"Department of Computer Engineering, Faculty of Engineering, Chiang Mai University, Chiang Mai, Thailand"
Zbigniew Smoreda,"Sociology and Economics of Networks and Services Department, Orange Labs, Issy-les-Moulineaux, France"
Nuno Moniz,"LIAAD - INESC Tec, Oporto, Portugal"
Márcia D. B. Oliveira,"LIAAD - INESC Tec, Oporto, Portugal"
Renato Soeiro,"LIAAD - INESC Tec, Oporto, Portugal"
Puteri N. E. Nohuddin,"Institute of Visual Informatics, Universiti Kebangsaan Malaysia, Bangi, Malaysia"
Maria Patrizia Vittoria,"Institute for Research on Innovation and Services for Development (IRISS), National Research Council (CNR), Naples, Italy"
Pasquale Napolitano,"Institute for Research on Innovation and Services for Development (IRISS), National Research Council (CNR), Naples, Italy"
Elias Athanasopoulos,"FORTH-ICS, Crete, Greece"
Roger Vargas Jr.,"Mathematics and Statistics, Williams College, Williamstown, USA"
Khaled Almgren,"University of Bridgeport, Bridgeport, USA"
Marco Corneli,"Laboratoire SAMM, Université Paris 1 Panthéon-Sorbonne, Paris Cedex 13, France"
Pierre Latouche,"Laboratoire SAMM, Université Paris 1 Panthéon-Sorbonne, Paris Cedex 13, France"
Fabrice Rossi,"Laboratoire SAMM, Université Paris 1 Panthéon-Sorbonne, Paris Cedex 13, France"
Ankur Jain,"Department of Mathematics, UIT-Rajiv Gandhi Proudyogiki Vishwavidyalaya, Bhopal, India"
Vijay K. Gupta,"Department of Mathematics, UIT-Rajiv Gandhi Proudyogiki Vishwavidyalaya, Bhopal, India"
Salvatore Rinzivillo,"KDDLab, ISTI-CNR, Pisa, Italy"
Alireza Rezvanian,"Soft Computing Laboratory, Computer Engineering and Information Technology Department, Amirkabir University of Technology (Tehran Polytechnic), Tehran, Iran"
Mohammad Reza Meybodi,"Soft Computing Laboratory, Computer Engineering and Information Technology Department, Amirkabir University of Technology (Tehran Polytechnic), Tehran, Iran"
Nemanja Spasojevic,"Lithium Technologies|Klout, San Francisco, USA"
Prantik Bhattacharyya,"Lithium Technologies|Klout, San Francisco, USA"
Adithya Rao,"Lithium Technologies|Klout, San Francisco, USA"
Hariton Efstathiades,"Computer Science Department, University of Cyprus, Nicosia, Cyprus"
Demetris Antoniades,"Computer Science Department, University of Cyprus, Nicosia, Cyprus"
George Pallis 0001,"Computer Science Department, University of Cyprus, Nicosia, Cyprus"
Marios D. Dikaiakos,"Computer Science Department, University of Cyprus, Nicosia, Cyprus"
Rong Zhou 0001,"Palo Alto Research Center (PARC, a Xerox Company), Palo Alto, USA"
Shubhangi Rastogi,"Ajay Kumar Garg Engineering College Ghaziabad, Ghaziabad, India"
Hira Zaheer,"Indian Institute of Technology Roorkee, Roorkee, India"
Simindokht Jahangard,"Department of Computer Engineering, Amirkabir University of Technology, Tehran, Iran"
Christopher M. Smith,"Air Force Institute of Technology, Wright Patterson AFB, USA"
Saeed NasehiMoghaddam,"Engineering Faculty, University of Zanjan, Zanjan, Iran"
Mehdi Ghazanfari,"Industrial Engineering, Iran University of Science and Technology, Tehran, Iran"
Md. Saddam Hossain Mukta,"Department of Computer Science and Engineering, Bangladesh University of Engineering and Technology, Dhaka 1000, Bangladesh"
Mohammed Eunus Ali,"Department of Computer Science and Engineering, Bangladesh University of Engineering and Technology, Dhaka 1000, Bangladesh"
Mohammed Korayem,"CareerBuilder, Norcross, USA"
Khalifeh AlJadda,"CareerBuilder, Norcross, USA"
Kiran Lakkaraju,"Sandia National Labs, Albuquerque, USA"
Brigitte Piniewski,"PeaceHealth Laboratories, Vancouver, USA"
David Kil,"HealthMantic, Inc., Los Altos, USA"
Annapurna Jonnalagadda,"School of Computer Science and Engineering, VIT University, Vellore, India"
Lakshmanan Kuppusamy,"School of Computer Science and Engineering, VIT University, Vellore, India"
Paridhi Jain 0001,"Indraprastha Institute of Information Technology (IIIT-Delhi), New Delhi, India"
Anupam Joshi,"University of Maryland, Baltimore County (UMBC), Baltimore, USA"
Subu Surendran,"SCT College of Engineering, Thiruvananthapuram, India"
D. Chithra Prasad,"TKM College of Engineering, Kollam, India"
M. Ramachandra Kaimal,"Amrita Viswa Vidyapeetam, Kollam, India"
Sylvain Lamprier,"Sorbonne Universités, UPMC Univ Paris 06, UMR 7606, LIP6, Paris, France"
Patrick Gallinari,"Sorbonne Universités, UPMC Univ Paris 06, UMR 7606, LIP6, Paris, France"
Shampa Chakraverty,"Netaji Subhas Institute of Technology, New Delhi, India"
Anuradha Yadav,"Netaji Subhas Institute of Technology, New Delhi, India"
Ritu Sibal,"Netaji Subhas Institute of Technology, New Delhi, India"
Robert A. Bridges,"Computational Sciences and Engineering Division, Oak Ridge National Laboratory, Oak Ridge, USA"
John P. Collins,"Computational Sciences and Engineering Division, Oak Ridge National Laboratory, Oak Ridge, USA"
Erik M. Ferragut,"Computational Sciences and Engineering Division, Oak Ridge National Laboratory, Oak Ridge, USA"
Jason A. Laska,"Computational Sciences and Engineering Division, Oak Ridge National Laboratory, Oak Ridge, USA"
Christian Brugger,"Microelectronic System Design Research Group, University of Kaiserslautern, Kaiserslautern, Germany"
André Lucas Chinazzo,"Microelectronic System Design Research Group, University of Kaiserslautern, Kaiserslautern, Germany"
Alexandre Flores John,"Microelectronic System Design Research Group, University of Kaiserslautern, Kaiserslautern, Germany"
Christian de Schryver,"Microelectronic System Design Research Group, University of Kaiserslautern, Kaiserslautern, Germany"
Norbert Wehn,"Microelectronic System Design Research Group, University of Kaiserslautern, Kaiserslautern, Germany"
Wolfgang Eugen Schlauch,"Complex Network Analysis Group, University of Kaiserslautern, Kaiserslautern, Germany"
Mayank Yadav,"Department of Management Studies, Indian Institute of Technology, Roorkee, India"
Dino Pedreschi,"Unversity of Tartu, Tartu, Estonia"
Marlon Dumas,"KDDLab, ISTI -CNR, Pisa, Italy"
Umit Karabiyik,"Department of Computer Science, Sam Houston State University, Huntsville, USA"
Anuradha Goswami,"Symbiosis Centre of Information Technology (SCIT), Symbiosis International University (SIU), Pune, India"
Ajey Kumar,"Symbiosis Centre of Information Technology (SCIT), Symbiosis International University (SIU), Pune, India"
Riadh Bouslimi,"Higher Institute of Technological Studies, Jendouba, Tunisia"
Mouhamed Gaith Ayadi,"Computer Science Department, BESTMOD Lab, ISG-University of Tunis, Bardo, Tunisia"
Kevin Ryczko,"University of Ontario Institute of Technology, Oshawa, Canada"
Isaac Tamblyn,"National Research Council of Canada, Ottawa, Canada"
Imen Moalla,"Multimedia, InfoRmation systems and Advanced Computing Laboratory, MIR@CL, Sfax, Tunisia"
Ahlem Nabli,"University of Tunis El Manar, Faculty of Sciences of Tunis, Tunis, Tunisia"
Lotfi Bouzguenda,"Multimedia, InfoRmation systems and Advanced Computing Laboratory, MIR@CL, Sfax, Tunisia"
Mohamed Hammami,"Al-Baha University,  Faculty of Computer Science and Information Technology, Al-Baha, Kingdom of Saudi Arabia"
Nam P. Nguyen,"Department of Computer and Information Sciences, Towson University, Towson, USA"
My T. Thai,"Division of Algorithms and Technologies for Networks Analysis, Faculty of Information Technology, Ton Duc Thang University, Ho Chi Minh City, Vietnam"
Yasmine Chaabani,"Department of Computer Science, Higher Institute of management, University of Tunis, Bardo, Tunisia"
Parul Goyal Wasan,"Faculty of Media and Humanities, Manav Rachna International University, Faridabad, India"
Neera Jain,"Business Communication Management Development Institute, Gurgaon, India"
Lule Ahmedi,"Computer Engineering Department, Faculty of Electrical and Computer Engineering, University of Prishtina, Prishtina, Kosovo"
Korab Rrmoku,"Computer Engineering Department, Faculty of Electrical and Computer Engineering, University of Prishtina, Prishtina, Kosovo"
Kadri Sylejmani,"Computer Engineering Department, Faculty of Electrical and Computer Engineering, University of Prishtina, Prishtina, Kosovo"
Dardan Shabani,"Computer Engineering Department, Faculty of Electrical and Computer Engineering, University of Prishtina, Prishtina, Kosovo"
Prateek Dewan,"Precog, Indraprastha Institute of Information Technology - Delhi (IIITD), New Delhi, India"
Ponnurangam Kumaraguru,"Precog, Indraprastha Institute of Information Technology - Delhi (IIITD), New Delhi, India"
Amna Dridi,"Higher Institute of Management of Tunis, Tunis, Tunisia"
Yahya Slimani,"High Institute of Multimedia Arts of Manouba, La Manouba, Tunisia"
Theodore Kotsilieris,"Department of Business Administration, TEI Peloponnese, Kalamata, Greece"
Antonia Pavlaki,"Department of Business Administration, TEI Peloponnese, Kalamata, Greece"
Stella C. Christopoulou,"Department of Business Administration, TEI Peloponnese, Kalamata, Greece"
Hiroyuki Ohsaki,"School of Science and Technology, Kwansei Gakuin University, Sanda, Japan"
Niyati Aggrawal,"CSE/IT Department, Jaypee Institute of Information Technology, Noida, India"
Archit Ahluwalia,"CSE/IT Department, Jaypee Institute of Information Technology, Noida, India"
Prashi Khurana,"CSE/IT Department, Jaypee Institute of Information Technology, Noida, India"
Anuja Arora,"CSE/IT Department, Jaypee Institute of Information Technology, Noida, India"
Nikos Salamanos,"Athens University of Economics and Business, Athens, Greece"
Elli Voudigari,"Athens University of Economics and Business, Athens, Greece"
Emmanuel J. Yannakoudakis,"Athens University of Economics and Business, Athens, Greece"
Natarajan Meghanathan,"Jackson State University, Jackson, USA"
Luca Maria Aiello,"CNR, Pisa, Italy"
Muhammad Fahim Uddin,"School of Computer Science and Engineering, University of Bridgeport, Bridgeport, USA"
Jeongkyu Lee,"School of Computer Science and Engineering, University of Bridgeport, Bridgeport, USA"
Imaduddin Amin,"Pulse Lab Jakarta, UN Global Pulse, United Nations, Jakarta, Indonesia"
Jong Gun Lee,"Pulse Lab Jakarta, UN Global Pulse, United Nations, Jakarta, Indonesia"
P. M. Krishnaraj,"Department of Information Science and Engineering, Ramaiah Institute of Technology, Bengaluru, India"
Ankith Mohan,"Department of Information Science and Engineering, Ramaiah Institute of Technology, Bengaluru, India"
Srinivasa K. G. 0001,"Department of Information Technology, CBP Government Engineering College, New Delhi, India"
Michael Crawford,"Florida Atlantic University, Boca Raton, USA"
Reema Aswani,"Indian Institute of Technology, Delhi, Hauz Khas, New Delhi, India"
S. P. Ghrera,"Jaypee University of Information Technology, Waknaghat, India"
Arpan Kumar Kar,"Indian Institute of Technology, Delhi, Hauz Khas, New Delhi, India"
Satish Chandra 0003,"Jaypee Institute of Information Technology, Noida, India"
Angeliki Antoniou,"Department of Informatics and Telecommunications, University of the Peloponnese, Tripoli, Greece"
George Lepouras,"Department of Informatics and Telecommunications, University of the Peloponnese, Tripoli, Greece"
Vassilis Poulopoulos,"ΓΑΒ LAB - Knowledge and Uncertainty Research Laboratory, Department of Informatics and Telecommunications, University of the Peloponnese, Tripoli, Greece"
Stavroula Bampatzia,"Department of Informatics and Telecommunications, University of the Peloponnese, Tripoli, Greece"
Ioannis Bourlakos,"Department of Informatics and Telecommunications, University of the Peloponnese, Tripoli, Greece"
Maximilien Danisch,"Telecom Paris Tech, Paris, France"
Evaggelos Spyrou,"Institute of Informatics and Telecommunications, National Center for Scientific Research - “Demokritos”, Athens, Greece"
Stavros J. Perantonis,"Institute of Informatics and Telecommunications, National Center for Scientific Research - “Demokritos”, Athens, Greece"
Ricardo Linden,"Computer Engineering School, Faculdade Salesiana Maria Auxiliadora, Macaé, Brazil"
Michael Taylor 0002,"Statistical Cybermetrics Research Group, University of Wolverhampton, Wolverhampton, UK"
Marie Guégan,"Laboratoire ERIC, Université de Lyon, Bron, France"
Manas Ranjan Patra,"Berhampur University, Brahmapur, India"
Zillur Rahman,"Department of Management Studies, Indian Institute of Technology, Roorkee, India"
Andreas Kanavos,"Computer Engineering and Informatics Department, University of Patras, Patras, Greece"
Manolis Wallace,"ΓΑΒ LAB, Tripoli, Greece"
Takuya Nishimura 0002,"NTT Service Evolution Laboratories, NTT Corporation, Yokosuka-shi, Japan"
Kyosuke Nishida,"NTT Service Evolution Laboratories, NTT Corporation, Yokosuka-shi, Japan"
Hiroyuki Toda,"NTT Service Evolution Laboratories, NTT Corporation, Yokosuka-shi, Japan"
Hiroshi Sawada,"NTT Service Evolution Laboratories, NTT Corporation, Yokosuka-shi, Japan"
Nicola Lettieri,"ISFOL, Rome, Italy"
Denise Hideko Goya,"Nuvem Research Strategic Unit, Universidade Federal do ABC, Santo André, Brazil"
Claudio Luis de Camargo Penteado,"Nuvem Research Strategic Unit, Universidade Federal do ABC, Santo André, Brazil"
Elisa Mussumeci,"Applied Mathematics School, Fundação Getulio Vargas, Rio de Janeiro, Brazil"
Flávio Codeço Coelho,"Applied Mathematics School, Fundação Getulio Vargas, Rio de Janeiro, Brazil"
Sujata Ghatak,"Department of Computer Science and Engineering, Institute of Engineering & Management, Kolkata, India"
Ratnadeep Dey,"Department of Computer Science and Engineering, Institute of Engineering & Management, Kolkata, India"
Ilhem Feddaoui,"BESTMOD Laboratory, High Institute of Management, Tunis University, Tunis, Tunisia"
Faîçal Felhi,"BESTMOD Laboratory, High Institute of Management, Tunis University, Tunis, Tunisia"
Jalel Akaichi,"BESTMOD Laboratory, High Institute of Management, Tunis University, Tunis, Tunisia"
Carlos Sarraute,"Grandata Labs, San Francisco, USA"
Nagendra Kumar 0001,"Indian Institute of Technology Hyderabad, Sangareddy, India"
Gopi Ande,"Indian Institute of Technology Hyderabad, Sangareddy, India"
Jessu Shirish Kumar,"Indian Institute of Technology Hyderabad, Sangareddy, India"
Manish Singh 0002,"Indian Institute of Technology Hyderabad, Sangareddy, India"
Despoina Antonakaki,"FORTH-ICS, Heraklion, Greece"
Paraskevi Fragopoulou,"FORTH-ICS, Heraklion, Greece"
Madhumangal Pal,"Department of Applied Mathematics with Oceanology and Computer Programming, Vidyasagar University, Midnapore, India"
Vachik S. Dave,"Department of Computer and Information Science, IUPUI, Indianapolis, USA"
Mohammad Al Hasan,"Department of Computer and Information Science, IUPUI, Indianapolis, USA"
Baichuan Zhang,"Facebook, Menlo Park, USA"
JooYoung Lee,"Department of Computer Science, Innopolis University, Innopolis, Russia"
Rasheed Hussain,"Department of Computer Science, Innopolis University, Innopolis, Russia"
Victor Rivera,"Department of Computer Science, Innopolis University, Innopolis, Russia"
Davlatbek Isroilov,"Department of Computer Science, Innopolis University, Innopolis, Russia"
Patricia Conde Céspedes,"LISITE - ISEP, Issy-les-Moulineaux, France"
Blaise Ngonmang,"L2TI, Villetaneuse, France"
Emmanuel Viennet,"L2TI, Villetaneuse, France"
Bernardo Creamer,"Universidad de las Américas, Quito, Ecuador"
Supattana Sukrat,"Prince of Songkla University, Trang Campus, Trang, Thailand"
Mohammad Ghane'i-Ostad,"Perlab, Faculty of Electrical and Computer Engineering, University of Birjand, Birjand, Iran"
Hamed Vahdat-Nejad,"Perlab, Faculty of Electrical and Computer Engineering, University of Birjand, Birjand, Iran"
Majid Abdolrazzagh-Nezhad,"Department of Computer Engineering, Faculty of Engineering, Bozorgmehr University of Qaenat, Qaen, Iran"
Jing Zhang 0001,"Department of Computer Science, Renmin University, Beijing, China"
Wendy Hall 0001,"Huawei Technologies Co. Ltd., Shenzhen, China"
Eisha Nathan,"School of Computational Science and Engineering, Georgia Tech, Atlanta, USA"
David A. Bader,"School of Computational Science and Engineering, Georgia Tech, Atlanta, USA"
Taufik Sutanto,"Syarif Hidayatullah State Islamic University Jakarta, Jakarta, Indonesia"
Hiba Sebei,"Multimedia, InfoRmation systems and Advanced Computing Laboratory, Sfax University, Sfax, Tunisia"
Mohamed Ali Hadj Taieb,"Multimedia, InfoRmation systems and Advanced Computing Laboratory, Sfax University, Sfax, Tunisia"
Mohamed Ben Aouicha,"Multimedia, InfoRmation systems and Advanced Computing Laboratory, Sfax University, Sfax, Tunisia"
Andreea Nita,"Center for Environmental Research and Impact Studies, University of Bucharest, Bucharest, Romania"
Cristiana Maria Ciocanea,"Center for Environmental Research and Impact Studies, University of Bucharest, Bucharest, Romania"
Steluta Manolache,"Center for Environmental Research and Impact Studies, University of Bucharest, Bucharest, Romania"
Laurentiu Rozylowicz,"Center for Environmental Research and Impact Studies, University of Bucharest, Bucharest, Romania"
Mohd Ridzwan Yaakub,"Faculty of Information Science and Technology, “Universiti Kebangsaan Malaysia” (UKM), Bangi, Malaysia"
Azuraliza Abu Bakar,"Faculty of Information Science and Technology, “Universiti Kebangsaan Malaysia” (UKM), Bangi, Malaysia"
Maryam Zamanian,"Department of Epidemiology, School of Health, Arak University of Medical Sciences, Arak, Iran"
Mehdi Hosseinzadeh 0001,"Iran University of Medical Sciences, Tehran, Iran"
Keyvan Navi,"Computer Science, University of Human Development, Sulaimaniyah, Iraq"
Jerry Scripps,"Grand Valley State University, Allendale, USA"
Christian Trefftz,"Grand Valley State University, Allendale, USA"
Zachary Kurmas,"Grand Valley State University, Allendale, USA"
Brian Heredia,"Florida Atlantic University, Boca Raton, USA"
Joseph D. Prusa,"Florida Atlantic University, Boca Raton, USA"
Taghi M. Khoshgoftaar,"Florida Atlantic University, Boca Raton, USA"
Terry Moschuo,"Data to Decision Research Collaboration Centre, Adelaide, Australia"
Sonia Khetarpaul,"Department of Computer Science and Engineering, SNU, Gautam Buddha Nagar, India"
Zahra Mousavilou,"Zanjan University of Medical Sciences, Zanjan, Iran"
Bernard J. Jansen,"Turku School of Economics, Turku, Finland"
Yaser Sobhanifard,"Department of Business Administration and Engineering, Iran University of Science and Technology, Tehran, Iran"
Ghodrat Allah Balighi,"Iran University of Science and Technology, Tehran, Iran"
Juan Esteban Suarez Lopez,"School of Civil Engineering, National University of Colombia, Medellín, Colombia"
Mohammed Al-Taie,"Faculty of Computing, Universiti Teknologi Malaysia, Johor, Malaysia"
Seifedine Nimer Kadry,"Department of Mathematics and Computer Science, Faculty of Science, Beirut Arab University, Beirut, Lebanon"
Obasa Isiaka Adekunle,"Department of Computer Science College of Science and Technology, Kaduna Polytechnic, Kaduna, Nigeria"
Monali Bordoloi,"NIT Silchar, Silchar, India"
Saroj K. Biswas 0001,"NIT Silchar, Silchar, India"
Luís Cavique,"MAS-BioISI, FCUL and Universidade Aberta, Lisbon, Portugal"
Nuno C. Marques,"CITI and FCT, Universidade Nova Lisboa, Lisbon, Portugal"
António Gonçalves,"INESC-ID and EST-IP Setúbal, Setúbal, Portugal"
Manika Lamba,"Department of Library and Information Science, University of Delhi, Delhi, India"
Margam Madhusudhan,"Department of Library and Information Science, University of Delhi, Delhi, India"
Rishi Ranjan Singh,"Department of Computer Science and Engineering, Indian Institute of Technology Bhilai, Raipur, India"
Shubham Chaudhary 0001,"Department of Mathematics, Indian Institute of Technology Roorkee, Roorkee, India"
Manas Agarwal,"Department of Mathematics, Indian Institute of Technology Roorkee, Roorkee, India"
Mohammed Bekkali,"LISA Laboratory, ENSA, USMBA, Fez, Morocco"
Abdelmonaime Lachkar,"ENSA, AEU, Tangier, Morocco"
Yayati Gupta,"Department of Computer Science and Engineering, Indian Institute of Technology Ropar, Rupnagar, India"
Akrati Saxena,"Department of CSE, Indian Institute of Technology Ropar, Rupnagar, India"
S. R. S. Iyengar,"Department of CSE, Indian Institute of Technology Ropar, Rupnagar, India"
Domenico Talia,"DtoK Lab Srl, Rende, Italy"
Jyoti Sunil More,"Department of Computer Engineering, Ramrao Adik Institute of Technology, Affiliated to Mumbai University, Navi Mumbai, India"
Chelpa Lingam,"Pillai HOC College of Engineering and Technology, Affiliated to Mumbai University, Rasayani, India"
Tjeerd Zandberg,"NHL-Stenden university of Applied Sciences, Leeuwarden, The Netherlands"
Mehjabin Khatoon,"Department of Computer Science and Engineering, B S Abdur Rahman Crescent Institute of Science and Technology, Chennai, India"
W. Aisha Banu,"Department of Computer Science and Engineering, B S Abdur Rahman Crescent Institute of Science and Technology, Chennai, India"
Monika Arora,"IET, AKTU, Lucknow, India"
Vineet Kansal,"IET, AKTU, Lucknow, India"
Keshab Nath,"Department of Information Technology, North Eastern Hill University, Shillong, India"
Swarup Roy,"Department of Computer Applications, Sikkim University, Gangtok, India"
Shreekanth M. Prabhu,"Department of Computer Science and Engineering, PES University, Bangalore, India"
Balasubramanya Murthy Kannanedhi Narasimha Sastry,"PES University, Bangalore, India"
Natarajan Subramanyam,"Department of Computer Science and Engineering, PES University, Bangalore, India"
Katina Michael,"Faculty of Engineering and Information Sciences, University of Wollongong, Wollongong, Australia"
Mehdi Azaouzi,"Modeling of Automated Reasoning Systems Research Laboratory LR17ES05, Higher Institute of Computer Science and Telecom, University of Sousse, Sousse, Tunisia"
Delel Rhouma,"Modeling of Automated Reasoning Systems Research Laboratory LR17ES05, Higher Institute of Computer Science and Telecom, University of Sousse, Sousse, Tunisia"
Zhenlong Li,"Department of Computing Sciences, Coastal Carolina University, Conway, USA"
Allan Fong,"National Center for Human Factors in Healthcare, Medstar Health, Washington, USA"
Ella S. Franklin,"National Center for Human Factors in Healthcare, Medstar Health, Washington, USA"
Shimei Pan,"Department of Information Systems, University of Maryland, Baltimore County, USA"
Navaljeet Singh Arora,"Department of Computer Science and Engineering, Indian Institute of Technology, Dhanbad, India"
Steven E. Massey,"Biology Department, University of Puerto Rico – Rio Piedras, San Juan, USA"
Mohammad Ali Zare Chahooki,"Yazd University, Yazd, Iran"
Derek Doran,"Department of Computer Science and Engineering, Wright State University, Dayton, USA"
Junjie Zhang 0004,"Department of Computer Science and Engineering, Wright State University, Dayton, USA"
Padam Kumar,"Department of Computer Science & Engineering and Information Technology, Jaypee Institute of Information Technology, Noida, India"
Imane Khaouja,"Universite Internationale de Rabat, TicLab, Rabat, Morocco"
Ghita Mezzour,"Universite Mohammed V de Rabat, Rabat, Morocco"
Zakariya Ghalmane,"LRIT URAC No 29, Faculty of Science, Rabat IT Center, Mohammed V University, Rabat, Morocco"
Mohammed El Hassouni,"LRIT URAC No 29, Faculty of Science, Rabat IT Center, Mohammed V University, Rabat, Morocco"
Didier Grimaldi,"Department of Strategy, Entrepreneurship and Innovation, La Salle Campus, Ramon Llull University, Barcelona, Spain"
Ammara Habib,"Institute of Computing and Information Technology, Gomal University, D.I. Khan, Pakistan"
Muhammad Zubair Asghar,"Institute of Computing and Information Technology, Gomal University, D.I. Khan, Pakistan"
Adil Khan 0002,"Higher Education Department, KPK, Peshawar, Pakistan"
Anam Habib,"School of Computer Science and Technology, SZIC, Computer Science Department, University of Peshawar, Peshawar, Pakistan"
Aurangzeb Khan,"Institute of Computing and Information Technology, Gomal University, D.I. Khan, Pakistan"
Hugo Hromic,"Insight Centre for Data Analytics, NUI Galway, Galway, Ireland"
Conor Hayes,"Insight Centre for Data Analytics, NUI Galway, Galway, Ireland"
Masahiro Hayakawa,"NEC Solution Innovators, Tokyo, Japan"
Atsushi Kitazawa,"NEC Solution Innovators, Tokyo, Japan"
Jana Shakarian,"Cyber Reconnaissance Inc., Tempe, USA"
Chainarong Amornbunchornvej,"National Electronics and Computer Technology Center (NECTEC), Pathum Thani, Thailand"
Alireza Tavakoli Taraghi,"Computer Science Group of Mathematics Department, Shahid Beheshti University, Tehran, Iran"
Ali Rezaee,"Computer Science, University of Human Development, Sulaimaniyah, Iraq"
Karsten Ladner,"Department of Computer Science, Oklahoma Baptist University, Shawnee, USA"
Ruchishya Ramineni,"Computer Science Department, Oklahoma State University, Stillwater, USA"
K. M. George,"Computer Science Department, Oklahoma State University, Stillwater, USA"
Gabriel Barina,"Department of Computer and Information Technology, Politehnica University of Timişoara, Timisoara, Romania"
Mihai Udrescu,"Department of Computer and Information Technology, Politehnica University of Timişoara, Timisoara, Romania"
Alexandra Barina,"Timişoara Institute of Complex Systems, Timisoara, Romania"
Alexandru Topirceanu,"Department of Computer and Information Technology, Politehnica University of Timişoara, Timisoara, Romania"
Mircea Vladutiu,"Department of Computer and Information Technology, Politehnica University of Timişoara, Timisoara, Romania"
Jean-Loup Guillaume,"L3I, Université de La Rochelle, La Rochelle, France"
Antoine Doucet,"L3I, Université de La Rochelle, La Rochelle, France"
Dingyi Yin,"User Behavior Big Data Research Center, China Telecom Beijing Research Institute, Beijing, China"
Yinchang Cui,"Router and VRP Technology Development Department, Huawei Technologies Co., Ltd., Beijing, China"
Xun Bian,"Shenzhen Branch Information Technology Department, China Merchants Bank, Shenzhen, China"
Walter Willinger,"NIKSUN, Inc., Princeton, USA"
Mohammad Saniee Abadeh,"Faculty of Electrical and Computer Engineering, Tarbiat Modares University, Tehran, Iran"
Antoine Gourru,"Université de Lyon, Lyon 2, ERIC EA 3083, France, Lyon, France"
Julien Velcin,"Université de Lyon, Lyon 2, ERIC EA 3083, France, Lyon, France"
Carol Robbins,"National Science Foundation, Alexandria, USA"
Markos Aivazoglou,"Institute of Computer Science, Foundation for Research and Technology, Iraklio, Greece"
Antonios O. Roussos,"Institute of Computer Science, Foundation for Research and Technology, Iraklio, Greece"
Costas Vassilakis,"Department of Informatics and Telecommunications, University of the Peloponnese, Tripoli, Greece"
Sotiris Ioannidis,"Institute of Computer Science, Foundation for Research and Technology, Iraklio, Greece"
Dimitris Spiliotopoulos,"Department of Informatics and Telecommunications, University of the Peloponnese, Tripoli, Greece"
Ayoub Jibouni,"Rabat IT Center, LRIT, Faculty of Sciences, Mohammed V University, Rabat, Morocco"
Dounia Lotfi,"Rabat IT Center, LRIT, Faculty of Sciences, Mohammed V University, Rabat, Morocco"
Mohamed El Marraki,"Rabat IT Center, LRIT, Faculty of Sciences, Mohammed V University, Rabat, Morocco"
Ahmed Hammouch,"Rabat IT Center, LRIT, Faculty of Sciences, Mohammed V University, Rabat, Morocco"
Yihui Ren,"Escuela Superior Politécnica del Litoral, ESPOL, Guayaquil, Ecuador"
Abhijin Adiga,"Computational Science Initiative, Brookhaven National Laboratory, Upton, USA"
Roshanak Aghabaghery,"ATECS Lab, Department of Computer Engineering and Information Technology, Amirkabir University of Technology, Tehran, Iran"
Alireza Hashemi Golpayegani,"ATECS Lab, Department of Computer Engineering and Information Technology, Amirkabir University of Technology, Tehran, Iran"
Leila Esmaeili,"ATECS Lab, Department of Computer Engineering and Information Technology, Amirkabir University of Technology, Tehran, Iran"
Jundong Chen,"Department of Math and Computer Science, Dickinson State University, Dickinson, USA"
Md. Shafaeat Hossain,"Computer Science Department, Southern Connecticut State University, New Haven, USA"
Isuru Udayangani Hewapathirana,"Faculty of Science, University of Kelaniya, Kelaniya, Sri Lanka"
Nouhaila Idrissi,"AMIPS Research Team, EMI, Mohammed V University, Rabat, Morocco"
Ahmed Zellou,"SPM Research Team, ENSIAS, Mohammed V University, Rabat, Morocco"
Gagan Agrawal,"Augusta University, Augusta, USA"
Ryan A. Rossi,"Adobe Research, San Jose, USA"
Nesreen K. Ahmed,"Intel Labs, Santa Clara, USA"
Ruta Uzupyte,"VU Institute of Data Science and Digital Technologies, Vilnius, Lithuania"
Ernst C. Wit,"Vytautas Magnus University, Kaunas, Lithuania"
Asal Jalilvand,"Faculty of Computer Science and Engineering, Shahid Beheshti University:G.C., Tehran, Iran"
Mahmood Neshati,"Faculty of Computer Science and Engineering, Shahid Beheshti University:G.C., Tehran, Iran"
Hamid Khalifi,"Team TIM, High School of Technology, Moulay Ismail University, Meknes, Morocco"
Sarah Dahir,"Team TIM, High School of Technology, Moulay Ismail University, Meknes, Morocco"
Abderrahim El Qadi,"High School of Technology in Sale, LCS Faculty of Science, Mohammed V University, Rabat, Morocco"
Youssef Ghanou,"Team TIM, High School of Technology, Moulay Ismail University, Meknes, Morocco"
Debadatta Naik,"Department of Computer Science and Engineering, Indian Institute of Technology (ISM), Dhanbad, India"
Dharavath Ramesh,"Department of Computer Science and Engineering, Indian Institute of Technology (ISM), Dhanbad, India"
S. Athithan,"Department of Mathematics, Faculty of Engineering and Technology, SRM Institute of Technology, Chennai, India"
Amin Rezaeipanah,"Department of Computer, Faculty of Computer Science, University of Rahjuyan Danesh Borazjan, Bushehr, Iran"
Gholamreza Ahmadi,"Department of Computer Engineering, Persian Gulf University, Bushehr, Iran"
Ali Choumane,"LaRIFA Lab, Faculty of Sciences, Lebanese University, Beirut, Lebanon"
Ali Awada,"LaRIFA Lab, Faculty of Sciences, Lebanese University, Beirut, Lebanon"
Ali Harkous,"LaRIFA Lab, Faculty of Sciences, Lebanese University, Beirut, Lebanon"
Maria Prokofieva,"Victoria University Business School, Melbourne, Australia"
Shah Jahan Miah,"Victoria University Business School, Melbourne, Australia"
Mohammadreza Doostmohammadian,"Mechanical Engineering Department, Semnan University, Semnan, Iran"
Zahra Rezaei,"Department of Computer and Electrical Engineering, University of Kashan, Kashan, Iran"
Mehdi Habibzadeh,"Data Science Department, P/S/L Consulting Group, Montréal, Québec, Canada"
Hossein Ebrahimpour-Komleh,"Department of Computer and Electrical Engineering, University of Kashan, Kashan, Iran"
R. Nagamanjula,"Mother Teresa Women's University, Kodaikanal, India"
A. Pethalakshmi,"Government Arts College for Women, Nilakottai, India"
Bhawna Saxena,"Department of Computer Science & Engineering and Information Technology, Jaypee Institute of Information Technology, Noida, India"
Vikas Saxena,"Department of Computer Science & Engineering and Information Technology, Jaypee Institute of Information Technology, Noida, India"
Sotirios Gyftopoulos,"Department of Electrical and Computer Engineering, Democritus University of Thrace, Kimmeria, Xanthi, Greece"
George Drosatos,"Institute for Language and Speech Processing, Athena Research Centre, Xanthi, Greece"
Giorgos Stamatelatos,"Department of Electrical and Computer Engineering, Democritus University of Thrace, Kimmeria, Xanthi, Greece"
Pavlos S. Efraimidis,"Department of Electrical and Computer Engineering, Democritus University of Thrace, Kimmeria, Xanthi, Greece"
Emily M. Fischer,"Department of Mathematics, Wheaton College, Norton, USA"
Mostafa Khoramnejadi,"Department of Aerospace, Amirkabir University of Technology (AUT), Tehran, Iran"
Alexandru Topîrceanu,"Department of Computer and Information Technology, Politehnica University Timişoara, Timisoara, Romania"
Radu-Emil Precup,"Department of Automation and Applied Informatics, Politehnica University Timişoara, Timisoara, Romania"
Jean Marie Tshimula,"Prospectus Lab, University of Sherbrooke, Sherbrooke, Canada"
Belkacem Chikhaoui,"LICEF Research Center, TELUQ University, Montreal, Canada"
Shengrui Wang,"Prospectus Lab, University of Sherbrooke, Sherbrooke, Canada"
Soufiene Jaffali,"Community College, Imam Abdurrahman bin Faisal University, Dammam, Kingdom of Saudi Arabia"
Salma Jamoussi,"University of Sfax, Sfax, Tunisia"
Kamel Smaïli,"SMART, LORIA, Vandoeuvre les Nancy, France"
Abdelmajid Ben Hamadou,"University of Sfax, Sfax, Tunisia"
Gustavo Santos,"Universidade Tecnólogica Federal do Paraná, Curitiba, Brazil"
Vinícius F. S. Mota,"Universidade Federal do Espirito Santo, Vitória, Brazil"
Thiago H. P. Silva,"Department of Computer Science, Universidade Federal de Minas Gerais, Belo Horizonte, Brazil"
Alberto H. F. Laender,"Department of Computer Science, Universidade Federal de Minas Gerais, Belo Horizonte, Brazil"
João Victor de Souza,"LApIC Research Group, Federal University of Juiz de Fora, Juiz de Fora, Brazil"
Jorão Gomes Jr.,"LApIC Research Group, Federal University of Juiz de Fora, Juiz de Fora, Brazil"
Fernando Marques de Souza Filho,"LApIC Research Group, Federal University of Juiz de Fora, Juiz de Fora, Brazil"
Alessandreia Marta de Oliveira Julio,"Department of Computer Science, Federal University of Juiz de Fora, Juiz de Fora, Brazil"
Jairo Francisco de Souza,"LApIC Research Group, Federal University of Juiz de Fora, Juiz de Fora, Brazil"
Nemi Chandra Rathore,"Department of Computer Science and Engineering, Indian Institute of Technology, Patna, India"
Somanath Tripathy,"CUSB, Gaya, India"
Vincent Froese,"Faculty IV, Algorithmics and Computational Complexity, Technische Universität Berlin, Berlin, Germany"
Brijnesh J. Jain,"Faculty IV, Distributed Artificial Intelligence Laboratory, Technische Universität Berlin, Berlin, Germany"
Rolf Niedermeier,"Faculty IV, Algorithmics and Computational Complexity, Technische Universität Berlin, Berlin, Germany"
Malte Renken,"Faculty IV, Algorithmics and Computational Complexity, Technische Universität Berlin, Berlin, Germany"
Abubakr H. Ombabi,"Computer Science, Sudan University of Science and Technology, Khartoum, Sudan"
Wael Ouarda,"REGIM-Lab, National School of Engineers, University of Sfax, Sfax, Tunisia"
Adel M. Alimi,"REGIM-Lab, National School of Engineers, University of Sfax, Sfax, Tunisia"
Inácio de Sousa Fadigas,"State University of Feira de Santana (UEFS), Feira de Santana, Brazil"
Marcos Grilo Rosa,"State University of Feira de Santana (UEFS), Feira de Santana, Brazil"
Trazíbulo Henrique,"State University of Feira de Santana (UEFS), Feira de Santana, Brazil"
Hernane Borges de Barros Pereira,"Computational Modeling Program, SENAI Cimatec, Salvador, Brazil"
Ikechukwu E. Onyenwe,"Department of Computer Science, Nnamdi Azikiwe University, Awka, Nigeria"
Samuel Nwagbo,"Department of Political Science, Nnamdi Azikiwe University, Awka, Nigeria"
Njideka Mbeledogu,"Department of Computer Science, Nnamdi Azikiwe University, Awka, Nigeria"
Ebele G. Onyedinma,"Department of Computer Science, Nnamdi Azikiwe University, Awka, Nigeria"
Leonardo Ranaldi,"Department of Innovation and Information Engineering (DIIE), Guglielmo Marconi University, Rome, Italy"
Fabio Massimo Zanzotto,"Center for Language and Knowledge (CLaK), University of Rome Tor Vergata, Rome, Italy"
Mayank Kejriwal,"Marina del Rey, USA"
Peilin Zhou,"Marina del Rey, USA"
Aamir Junaid Ahmad,"Department of Computer Science and Engineering, Maulana Azad College of Engineering and Technology, Patna, India"
Sabina Priyadarshini,"Department of Computer Science and Engineering, Birla Institute of Technology, Mesra, India"
Miguel Romero 0005,"Department of Electronics and Computer Science, Pontificia Universidad Javeriana, Cali, Colombia"
Jorge Finke,"Department of Electronics and Computer Science, Pontificia Universidad Javeriana, Cali, Colombia"
Camilo Rocha,"Department of Electronics and Computer Science, Pontificia Universidad Javeriana, Cali, Colombia"
Luis E. Tobón,"Department of Electronics and Computer Science, Pontificia Universidad Javeriana, Cali, Colombia"
Nick Lothian,"Data to Decisions Cooperative Research Centre (D2D CRC), Adelaide, Australia"
Grant Osborne,"Data to Decisions Cooperative Research Centre (D2D CRC), Adelaide, Australia"
Tomer Tuchner,"Efi Arazi School of Computer Science, IDC Herzliya, Herzliya, Israel"
Gail Gilboa-Freedman,"Adelson School of Entrepreneurship, IDC Herzliya, Herzliya, Israel"
Saif ur Rehman,"University Institute of Information Technology, PMAS Arid Agriculture University, Rawalpindi, Pakistan"
Sohail Asghar,"Department of Computer Science, COMSAT University Islamabad, Islamabad, Pakistan"
Javier Torregrosa,"Departamento de Sistemas Informáticos, Universidad Politécnica de Madrid, Madrid, Spain"
Ángel Panizo-LLedot,"Departamento de Sistemas Informáticos, Universidad Politécnica de Madrid, Madrid, Spain"
Gema Bello Orgaz,"Departamento de Sistemas Informáticos, Universidad Politécnica de Madrid, Madrid, Spain"
David Camacho,"Departamento de Sistemas Informáticos, Universidad Politécnica de Madrid, Madrid, Spain"
A. Criado-Alonso,"Departamento de Economía Financiera y Contabilidad e Idioma Moderno, Grupo de Investigación LiYNMEDIA, Universidad Rey Juan Carlos, Móstoles, Spain"
E. Battaner-Moro,"Departamento de CC. de la Educación, Lenguaje, Cultura y Artes, Ciencias Histórico-Jurídicas y Humanísticas y Lenguas Modernas, Grupo de Investigación LiYNMEDIA, Universidad Rey Juan Carlos, Móstoles, Spain"
D. Aleja,"Departamento de Matemática Aplicada, CC. e Ing. de los Materiales y Tec. Electrónica, Universidad Rey Juan Carlos, Móstoles, Spain"
Miguel Romance,"Departamento de Matemática Aplicada, CC. e Ing. de los Materiales y Tec. Electrónica, Universidad Rey Juan Carlos, Móstoles, Spain"
Regino Criado,"Departamento de Matemática Aplicada, CC. e Ing. de los Materiales y Tec. Electrónica, Universidad Rey Juan Carlos, Móstoles, Spain"
Hautahi Kingi,"Facebook Inc, New York, USA"
Li-An Daniel Wang,"Sam Houston State University, Huntsville, USA"
Tom Shafer,"Elder Research, Inc, Raleigh, USA"
Minh Huynh,"IMPAQ International, Washington DC, USA"
Mike Trinh,"IMPAQ International, Boston, USA"
Aaron Heuser,"IMPAQ International, Columbia, USA"
Antonio Paredes,"U.S. Food and Drug Administration, Silverspring, USA"
Masaomi Kimura,"Shibaura Institute of Technology, Koto City, Japan"
Mahboubeh Ahmadalinezhad,"Faculty of Engineering and Applied Science, University of Ontario Institute of Technology, Oshawa, Canada"
Masoud Makrehchi,"Faculty of Engineering and Applied Science, University of Ontario Institute of Technology, Oshawa, Canada"
Abdelhadi Abta,"Department of Mathematics and Computer Science, Poly-disciplinary Faculty, Cadi Ayyad University, Safi, Morocco"
Hassan Laarabi,"Analysis, Modeling and Simulation Laboratory, Faculty of Sciences Ben M'Sik, Hassan II University, Sidi Othmane, Casablanca, Morocco"
Mostafa Rachik,"Analysis, Modeling and Simulation Laboratory, Faculty of Sciences Ben M'Sik, Hassan II University, Sidi Othmane, Casablanca, Morocco"
Hamad Talibi Alaoui,"Department of Mathematics, Faculty of Sciences El Jadida, Chouaib Doukkali University, El Jadida, Morocco"
Salahaddine Boutayeb,"Department of Mathematics and Computer Science, Poly-disciplinary Faculty, Cadi Ayyad University, Safi, Morocco"
Soubhagya Ranjan Pradhan,"Parala Maharaja Engineering College, Berhampur, India"
Imane Guellil,"Aston University and Folding Space, Birmingham, UK"
Faiçal Azouaou,"Laboratoire des Méthodes de Conception des Systèmes, Ecole nationale Supérieure d'Informatique, Oued-Smar, Algeria"
Francisco Chiclana,"Laboratoire des Méthodes de Conception des Systèmes, Ecole nationale Supérieure d'Informatique, Oued-Smar, Algeria"
Alexander Kalinin 0005,"ITMO University, Saint-Petersburg, Russia"
Danila Vaganov,"ITMO University, Saint-Petersburg, Russia"
Attila Soti,"Doctoral School of Regional- and Economic Sciences, Széchenyi István University, Győr, Hungary"
Alessandro Ancarani,"Szent Gellért, Székesfehérvár, Hungary"
József Stéger,"DICAR, Università di Catania, Catania, Italy"
Gábor Vattay,"Department of Physics of Complex Systems, Eötvős Loránd University, Budapest, Hungary"
Zahra Aghaee,"Department of Computer Science, Shahid Rajaee Teacher Training University, Tehran, Iran"
Sahar Kianian,"Department of Computer Science, Shahid Rajaee Teacher Training University, Tehran, Iran"
Xubo Zhang,"University of International Business and Economics, Beijing, China"
Rajesh Basak,"Department of Computer Science and Engineering, Indian Institute of Technology Kharagpur, Kharagpur, India"
Soumya K. Ghosh 0001,"Department of Computer Science and Engineering, Indian Institute of Technology Kharagpur, Kharagpur, India"
Shamik Sural,"Department of Computer Science and Engineering, Indian Institute of Technology Kharagpur, Kharagpur, India"
Daobing He,"Center of Health Management Promotion, Xihua University, Chengdu, China"
Frances Albert Santos,"University of Campinas, Campinas, Brazil"
Thiago Henrique Silva,"Universidade Tecnologica Federal do Parana, Curitiba, Brazil"
Hanif Emamgholizadeh,"Naqadeh, Islamic Republic of Iran"
Milad Nourizade,"Naqadeh, Islamic Republic of Iran"
Mir Saman Tajbakhsh,"Naqadeh, Islamic Republic of Iran"
Mahdieh Hashminezhad,"Naqadeh, Islamic Republic of Iran"
Farzaneh Nasr Esfahani,"Naqadeh, Islamic Republic of Iran"
Roberta Coeli Neves Moreira,"Computer Science Department, Universidade Federal de Minas Gerais, Belo Horizonte, Brazil"
Pedro O. S. Vaz de Melo,"Computer Science Department, Universidade Federal de Minas Gerais, Belo Horizonte, Brazil"
Gisele L. Pappa,"Computer Science Department, Universidade Federal de Minas Gerais, Belo Horizonte, Brazil"
Lea Vega,"Research Center for Advanced Study from the National Polytechnic Institute, Zapopan, Mexico"
Andres Mendez-Vazquez,"Research Center for Advanced Study from the National Polytechnic Institute, Zapopan, Mexico"
Armando López-Cuevas,"Technological and Higher Education Institute of Monterrey, Monterrey, Mexico"
Javier Perez-Aranda,"Faculty of Economics and Business, Department of Business Management, University of Malaga, Malaga, Spain"
Antonio Pelaez-Verdet,"Faculty of Tourism, Department of Business Management, University of Malaga, Malaga, Spain"
Esraa Karam,"Faculty of Computer and Information Sciences, Ain Shams University, Cairo, Egypt"
Wedad Hussein,"Faculty of Computer and Information Sciences, Ain Shams University, Cairo, Egypt"
Tarek F. Gharib,"Faculty of Computer and Information Sciences, Ain Shams University, Cairo, Egypt"
Wataru Sasaki,"Fujisawa, Japan"
Yuuki Nishiyama,"Meguro-ku, Japan"
Tadashi Okoshi,"Fujisawa, Japan"
Jin Nakazawa,"Fujisawa, Japan"
Alejandro Ros-Galvez,"Departamento de Administración y Dirección de Empresas, Facultad de Ciencias Jurídicas y de la Empresa, UCAM Universidad Católica San Antonio de Murcia, Campus de Los Jerónimos, Guadalupe (Murcia), España"
Angel Meseguer-Martinez,"Departamento de Administración y Dirección de Empresas, Universidad de Castilla-La Mancha, Altagracia, España"
Germán López-Buenache,"Departamento de Administración y Dirección de Empresas, Facultad de Ciencias Jurídicas y de la Empresa, UCAM Universidad Católica San Antonio de Murcia, Campus de Los Jerónimos, Guadalupe (Murcia), España"
Adwitiya Sinha,"Department of Computer Science and Engineering, Jaypee Institute of Information Technology, Noida, India"
Quan Zheng 0001,"Long Ma, Zhuhai, China"
Pratibha Mahajan,"Computer Science and Engineering Department, Guru Nanak Dev University Regional Campus, Jalandhar, India"
Pankaj Deep Kaur,"Computer Science and Engineering Department, Guru Nanak Dev University Regional Campus, Jalandhar, India"
Amira Dhokar,"High Institute of Computer Science and Commmunication Techniques, SDM Research Group, MARS Research Lab, Hammam Sousse, Tunisia"
Lobna Hlaoua,"High Institute of Computer Science and Commmunication Techniques, SDM Research Group, MARS Research Lab, Hammam Sousse, Tunisia"
Lotfi Ben Romdhane,"High Institute of Computer Science and Commmunication Techniques, SDM Research Group, MARS Research Lab, Hammam Sousse, Tunisia"
Abdulaziz Alblwi,"Al-Ula Community College, Taibah University, Al-Ula, Saudi Arabia"
John McAlaney,"Faculty of Science and Technology, Bournemouth University, Poole, UK"
Keith Phalp,"Faculty of Science and Technology, Bournemouth University, Poole, UK"
Ananta Maity,"Department of Mathematics, Raja N. L. Khan Women's College (Autonomous), Midnapore, India"
Kousik Das,"Department of Mathematics, D. J. H. School, Dantan, India"
Sovan Samanta,"Department of Mathematics, Tamralipta Mahavidyalaya, East Medinipur, India"
Sukumar Mondal,"Department of Mathematics, Raja N. L. Khan Women's College (Autonomous), Midnapore, India"
Vivek Kumar Dubey,"Amrita Vishwa Vidyapeetham, Bangalore, India"
Shu-Hsien Liao 0001,"Department of Management Sciences, Tamkang University, New Taipei City, Taiwan"
Ching-An Yang,"Department of Management Sciences, Tamkang University, New Taipei City, Taiwan"
Gregory Cameron Pole,"Statistic Centre Abu Dhabi, Abu Dhabi, UAE"
Mareike Bockholt,"Algorithm Accountability Lab, University of Kaiserslautern, Kaiserslautern, Germany"
Katharina Anna Zweig,"Algorithm Accountability Lab, University of Kaiserslautern, Kaiserslautern, Germany"
G. R. Ramya,"Department of Computer Science and Engineering, Amrita School of Engineering, Coimbatore, India"
Bagavathi Sivakumar P.,"Department of Computer Science and Engineering, Amrita School of Engineering, Coimbatore, India"
Laxmi Chaudhary,"Jawaharlal Nehru University, New Delhi, India"
Buddha Singh,"Jawaharlal Nehru University, New Delhi, India"
Ahmet Anil Müngen,"Department of Software Engineering, Ostim Technical University, Ankara, Turkey"
Esra Gündogan,"Department of Computer Engineering, Fırat University, Elazig, Turkey"
Mehmet Kaya,"Department of Computer Engineering, Fırat University, Elazig, Turkey"
Kavita Pankaj Shirsat,"Veermata Jijabai Technological Institute, Mumbai, Mumbai, India"
Girish P. Bhole,"Veermata Jijabai Technological Institute, Mumbai, Mumbai, India"
Mrityunjay Singh,"Department of CS and IT, Jaypee University of Information Technology, Waknaghat, India"
Amit Kumar Jakhar,"Department of CS and IT, Jaypee University of Information Technology, Waknaghat, India"
Shivam Pandey,"Department of CSE, Bundelkhand Institute of Engineering and Technology, Jhansi, India"
Putra Wanda,"Harbin University of Science and Technology, Harbin, China"
Huang Jin Jie,"Universitas Respati Yogyakarta, Yogyakarta, Indonesia"
Kon Shing Kenneth Chung,"Department of Management and Marketing, Faculty of Business Administration and Economics, Notre Dame University, Zouk Mosbeh, Lebanon"
Eliana Providel,"School of Informatics Engineering, Universidad de Valparaíso, Valparaiso, Chile"
Marcelo Mendoza,"Department of Informatics, Universidad Técnica Federico Santa María, Santiago, Chile"
Md. Mazharul Islam,"Bangladesh Institute of Governance and Management (BIGM), University of Dhaka (Affiliated), Dhaka, Bangladesh"
Faroque Ahmed,"Bangladesh Institute of Governance and Management (BIGM), University of Dhaka (Affiliated), Dhaka, Bangladesh"
Afrin Sadia Rumana,"Faculty of Business Studies, Bangladesh University of Professionals (BUP), Dhaka, Bangladesh"
Divyam Mehta,"Information Technology Department, NITK Surathkal, Mangalore, India"
Aniket Dwivedi,"Information Technology Department, NITK Surathkal, Mangalore, India"
Arunabha Patra,"Information Technology Department, NITK Surathkal, Mangalore, India"
M. Anand Kumar,"Information Technology Department, NITK Surathkal, Mangalore, India"
Purushottam Kumar,"Department of Computer Science and Engineering, Shiv Nadar University, Gautam Buddha Nagar, India"
Dolly Sharma,"Department of Computer Science and Engineering, Shiv Nadar University, Gautam Buddha Nagar, India"
Manju Bala,"Khalsa College of Engineering and Technology, Amritsar, India"
Sarvesh Bhatnagar,"SVKM's NMIMS, MPSTME, Shirpur, India"
Nitin Choubey,"SVKM's NMIMS, MPSTME, Shirpur, India"
Gabriela Gruszynski Sanseverino,"University of Toulouse III - Paul Sabatier, Toulouse Cedex 4, France"
Shivakant Mishra,"Taibah University, Medina, Saudi Arabia"
Mohammed Alqmase,"King Fahd University of Petroleum and Minerals, Dhahran, Saudi Arabia"
Husni Al-Muhtaseb,"King Fahd University of Petroleum and Minerals, Dhahran, Saudi Arabia"
Habib Rabaan,"King Fahd University of Petroleum and Minerals, Dhahran, Saudi Arabia"
Chandrima Bhattacharya,"The HRH Prince Alwaleed Bin Talal Bin Abdulaziz Alsaud Institute for Computational Biomedicine, Weill Cornell Medicine, New York, USA"
Nova Ahmed,"Department of Electrical and Computer Engineering, North South University, Bashundhara, Bangladesh"
Su Özgür,"Department of Biostatistics and Medical Informatics, Ege University Faculty of Medicine, Bornova, Turkey"
Bodhisatwa Bhattacharya,"Department of Electrical and Electronics Engineering, Birla Institute of Technology, Mesra, Ranchi, India"
J. K. Perret,"International School of Management Cologne, Cologne, Germany"
Fernando C. Erd,"Federal University of Paraná, Curitiba, Brazil"
André Luís Vignatti,"Federal University of Paraná, Curitiba, Brazil"
Murilo V. G. da Silva,"Federal University of Paraná, Curitiba, Brazil"
Sarra Ouni,"MARS Research Lab LR 17ES05, University of Sousse, Sousse, Tunisia"
Fethi Fkih,"MARS Research Lab LR 17ES05, University of Sousse, Sousse, Tunisia"
Mohamed Nazih Omri,"Department of Computer Science, College of Computer, Qassim University, Buraydah, Saudi Arabia"
D. Vasumathi 0001,"Department of Computer Science and Engineering, JNTUH College of Engineering, Hyderabad, India"
Mehwish Nasim,"Defence Science and Technology Group, Adelaide, Australia"
Sarra Hasni,"Department of Information and Communication Technologies, Tunisia Polytechnic School, La Marsa, Tunisia"
Sami Faïz,"Laboratory of Remote Sensing and Spatial Information Systems, ENIT, Tunis, Tunisia"
Soroosh Shalileh,"Department of Data Analysis and Artificial Intelligence, HSE University, Moscow, Russian Federation"
Boris G. Mirkin,"Laboratory of Methods for Big Data Analysis, HSE University, Moscow, Russian Federation"
Mohmed Y. Mohmed Al-Sabaawi,"College of Administration and Economics, Department of Management Information Systems, University of Mosul, Mosul, Iraq"
Halina Mohamed Dahlan,"Information Systems Department, Azman Hashim International Business School, Universiti Teknologi Malaysia, Johor Bahru, Malaysia"
Ali Abdulfattah Alshaher,"College of Administration and Economics, Department of Management Information Systems, University of Mosul, Mosul, Iraq"
Takayasu Fushimi,"School of Computer Science, Tokyo University of Technology, Tokyo, Japan"
Kazumi Saito,"Faculty of Science, Kanagawa University, Kanagawa, Japan"
Kouzou Ohara,"Center for Advanced Intelligence Project, RIKEN, Tokyo, Japan"
Masahiro Kimura,"College of Science and Engineering, Aoyama Gakuin University, Kanagawa, Japan"
Hiroshi Motoda,"Faculty of Advanced Science and Technology, Ryukoku University, Shiga, Japan"
Ghassen Ben Brahim,"Computer Science Department, Prince Mohammad Bin Fahd University, Al-Khobar, Saudi Arabia"
Spencer Lee Kirn,"William and Mary Applied Science Department, Williamsburg, USA"
Mark K. Hinders,"William and Mary Applied Science Department, Williamsburg, USA"
Jia-Huey Hsu,"Department of International Business, Tamkang University, Taipei, Taiwan"
Debasree Das,"Indian Institute of Technology, Kharagpur, India"
Stefan Poier,"Faculty of Economics, University of Gdansk, Sopot, Poland"
H. Jaap van den Herik,"Data Science Department, TNO, The Hague, The Netherlands"
Pansy Nandwani,"Computer Science and Engineering Department, Punjab Engineering College, Chandigarh, India"
Rupali Verma,"Computer Science and Engineering Department, Punjab Engineering College, Chandigarh, India"
Mostafa Alwash,"Department of Informatics, University of Oslo, Oslo, Norway"
Eiman Alothali,"College of Information Technology, United Arab Emirates University, AlAin, UAE"
Hany Alashwal,"College of Information Technology, United Arab Emirates University, AlAin, UAE"
Mohammad Vahid Sebt,"Department of Industrial Engineering, Faculty of Engineering, Kharazmi University (KHU), Tehran, Iran"
S. H. Ghasemi,"Department of Industrial Engineering, Faculty of Engineering, Kharazmi University (KHU), Tehran, Iran"
S. S. Mehrkian,"Department of Industrial Engineering, Faculty of Engineering, Kharazmi University (KHU), Tehran, Iran"
Debasis Mohapatra,"Parala Maharaja Engineering College, Berhampur, India"
Eric Tadeu Camacho de Oliveira,"Federal University of ABC (UFABC), Santo André, Brazil"
Fabrício Olivetti de França,"Federal University of ABC (UFABC), Santo André, Brazil"
Kristi A. Tullis,"Department of Chemistry, Western Michigan University, Kalamazoo, USA"
Megan Grunert Kowalske,"Department of Chemistry, Mallinson Institute for Science Education, Western Michigan University, Kalamazoo, USA"
László Hajdu,"Innorenew CoE, Izola, Slovenia"
Miklós Krész,"Faculty of Mathematics, Natural Sciences and Information Technologies, University of Primorska, Koper, Slovenia"
András Bóta,"Innorenew CoE, Izola, Slovenia"
Félicité Gamgne Domgue,"Computer Science Department, University of Yaounde I, Yaoundé, Cameroon"
Norbert Tsopzé,"IRD, UMMISCO, Sorbonne University, Bondy, France"
René Ndoundam,"Computer Science Department, University of Yaounde I, Yaoundé, Cameroon"
Bruno Neiva Moreno,"IFPB, Soledade, Brazil"
Samuel S. Guimarães,"Universidade Federal de Minas Gerais, Belo Horizonte, Brazil"
Julio C. S. Reis,"Universidade Federal de Viçosa, Viçosa, Brazil"
Fabrício Benevenuto,"Universidade Federal de Minas Gerais, Belo Horizonte, Brazil"
Ashok Srinivasan,"University of West Florida, Pensacola, USA"
Fen Yuan,"Department of Travel Service Management, Tourism College of Zhejiang, Hangzhou, China"
Giulio Rossetti,"KDD-Lab, ISTI (CNR), Pisa, Italy"
Dimitrios Rafailidis,"HiveStreaming AB, Stockholm, Sweden"
M. Abdul Hamid,"Universitas Islam Negeri Maulana Malik Ibrahim Malang, Malang, Indonesia"
Abdul Basid,"Universitas Islam Negeri Maulana Malik Ibrahim Malang, Malang, Indonesia"
Isma Nida Aulia,"Universitas Islam Negeri Maulana Malik Ibrahim Malang, Malang, Indonesia"
Christian E. López,"Department of Computer Science and Mechanical Engineering Department, Lafayette College, Easton, USA"
Caleb Gallemore,"International Affairs Program, Lafayette College, Easton, USA"
Jéssica Soares dos Santos,"Institute of Computing, Universidade Federal Fluminense, Niterói, Brazil"
Flávia Bernardini,"Institute of Computing, Universidade Federal Fluminense, Niterói, Brazil"
Aline Paes,"Institute of Computing, Universidade Federal Fluminense, Niterói, Brazil"
Loïc Bonnetain,"LICIT UMR_T9401, University of Lyon, ENTPE, University Gustave Eiffel, Lyon, France"
Angelo Furno,"LICIT UMR_T9401, University of Lyon, ENTPE, University Gustave Eiffel, Lyon, France"
Ash Mohammad Abbas,"Department of Computer Engineering, Zakir Husain College of Engineering and Technology, Aligarh Muslim University, Aligarh, India"
Ranjana Roy Chowdhury,"Department of Computer Science and Engineering, Indian Institute of Technology (IIT), Ropar, Rupnagar, India"
Sravanthi Chede,"Department of Computer Science and Engineering, Indian Institute of Technology (IIT), Ropar, Rupnagar, India"
Ruchi Mittal,"Chitkara University Institute of Engineering and Technology, Chitkara University, Rajpura, India"
Amit Mittal,"Chitkara Business School, Chitkara University, Rajpura, India"
Ishan Aggarwal,"Business Unit of Systems Support R&D, Ericsson India Global Services Pvt. Ltd., Gurugram, India"
Petr Chunaev,"National Centre for Cognitive Technologies, ITMO University, Saint Petersburg, Russia"
Timofey Gradov,"National Centre for Cognitive Technologies, ITMO University, Saint Petersburg, Russia"
Klavdiya Bochenina,"National Centre for Cognitive Technologies, ITMO University, Saint Petersburg, Russia"
A. V. Ramana,"AI Research Lab, Department of Computer Science and Engineering, GMR Institute of Technology Rajam, Srikakulam, India"
K. Lakshmanarao,"AI Research Lab, Department of Computer Science and Engineering, GMR Institute of Technology Rajam, Srikakulam, India"
Routhu Srinivasa Rao,"AI Research Lab, Department of Computer Science and Engineering, GMR Institute of Technology Rajam, Srikakulam, India"
Frank Neumann 0001,"Defence Science and Technology Group, Adelaide, Australia"
Alexandru Razvan Florea,"Bucharest University of Economic Studies, Bucharest, Romania"
Monica Roman,"IZA Bonn and CELSI Bratislava, Bucharest University of Economic Studies, Bucharest, Romania"
Douglas O. Cardoso,"CEFET-RJ, Rio de Janeiro, Brazil"
Pavel Brazdil,"LIAAD, INESC TEC, Porto, Portugal"
João Gama 0001,"LIAAD, INESC TEC, Porto, Portugal"
Sandip Modha,"DA-IICT and LDRP-ITR, Gandhinagar, India"
Prasenjit Majumder,"DA-IICT Gandhinagar and RAJE, TCG CREST, Kolkata, India"
Rishab Singla,"Zomato, Bengaluru, India"
Zahida Latif,"Center for Advanced Studies in Engineering (CASE), Islamabad, Pakistan"
Joana Azinhaes,"Portuguese Army, Lisbon, Portugal"
F. Batista,"ISCTE University Institute of Lisbon, Lisbon, Portugal"
J. C. Ferreira,"ISCTE University Institute of Lisbon, Lisbon, Portugal"
