Raymond V. Liedka,University of New Mexico
Carolyn J. Anderson,University of Illinois at Urbana-Champaign
Stanley Wasserman,University of Illinois at Urbana-Champaign
Bradley Crouch,University of Illinois at Urbana-Champaign
Jennifer A. Stoloff,University of North Carolina
Jennifer L. Glanville,University of North Carolina
Elisa Jayne Bienenstock,Stanford University
Karen Klein Ikkink,Vrije University Amsterdam
Nicholas V. Findler,Arizona State University
Sudheer Dhulipalla,Arizona State University
Jooske T. van Busschbach,University of Groningen
R. Neelamegham,University of Colorado
Brigham S. Anderson,Carnegie Mellon University
Stefanie Bailey,Stanford University
Stephen J. Walsh,University of North Carolina
Yothin Sawangdee,Mahidol University
Ingegerd Jansson,Stockholm University
Cynthia M. Webster,University of New South Wales
Hugh Louch,Princeton University
Sabina Kef,University of Amsterdam
Joop J. Hox,University of Amsterdam
H. T. Habekothé,University of Amsterdam
Bruce C. Straits,University of California - Santa Barbara
Robert P. Gilles,Virginia Polytechnic Institute and State University
Robb Willer,University of Iowa
Micha Mandel,The Hebrew University
J. Jill Suitor,Louisiana State University
Karl Pillemer,Cornell University
Kevin White 0002,University of Pennsylvania
Susan Cotts Watkins,University of Pennsylvania
Britta Ruhnau,University of Dortmund
Peter Elliott,Swinburne University of Technology
Kai J. Jonas,Georg-August-Universitaet
Min-Woong Sohn,University of Chicago
Michael Bourgeois,University of California - Santa Barbara
Willem E. Saris,University of Amsterdam
Odalia Wong,Hong Kong Baptist University
Martin Ruef,University of North Carolina
Devon D. Brewer,University of Washington
Susan C. Weller,University of Texas Medical Branch
John M. Roberts Jr.,University of New Mexico
Timothy J. Brazill,Mercer University
Bernard Grofman,University of California - Irvine
Karin E. Willert,University of South Carolina
David D. Rowlee,University of South Carolina
Ece Batchelder,University of California - Irvine
Martin Kilduff,Pennsylvania State University
Jeffrey C. Johnson,East Carolina University
Michael K. Orbach,Duke University
William C. Carter,University of North Carolina
Ove Frank,Stockholm University
Norman P. Hummon,University of Pittsburgh
Maarten Marx,University of Amsterdam
Michael Masuch,University of Amsterdam
Hester H. S. Moerbeek,Wageningen University
Mark E. J. Newman,Santa Fe Institute
Gianluca Carnabuci,University of Amsterdam
Ivar E. Vermeulen,University of Amsterdam
John Domini,University of Florida
Gene A. Shelley,Georgia State University
George R. Barnes,University of Louisville
Patricia B. Cerrito,University of Louisville
Inessa Levi,University of Louisville
Jukka Nyblom,University of Joensuu
Juha Roslakka,University of Joensuu
Mikko A. Salo,University of Joensuu
Rob Cross,University of Virginia
Shin-Kap Han,University of Illinois at Urbana-Champaign
Kazuo Yamaguchi,University of Chicago
William S. Lovejoy,University of Michigan
Christoph H. Loch,HP Labs
Deirdre M. Kirke,National University of Ireland
Dianne A. Van Hemert,Tilburg University
Robert R. Faulkner,University of Massachusetts
Thomas J. Fararo,University of Pittsburgh
Frits van Merode,Maastricht University
Anna Nieboer,Institute of Health Policy and Management
Hans Maarse,Maastricht University
Fredrik Liljeros,Stockholm University
María Guadalupe Ramírez Ortiz,Epidemiological Research and Adolescence Health Center Unit; Mexican Institute of Social Security
José Ramiro Caballero Hoyos,Epidemiological Research and Adolescence Health Center Unit; Mexican Institute of Social Security
María Guadalupe Ramírez López,Epidemiological Research and Adolescence Health Center Unit; Mexican Institute of Social Security
Annie Cody Holdren,University of California - Los Angeles
Michael Johnston,University of California - Los Angeles
Christian Tallberg,Stockholm University
Jodie Woolcock,University of Melbourne
Masaki Tomochi,Chuo University
W. Craig Carter,Middle Tennessee State University
Scott L. Feld,Purdue University
George A. Barnett,University at Buffalo
Rick Grannis,University of California - Los Angeles
Elizabeth Costenbader,Johns Hopkins University
Martin Van Der Gaag,Free University
M. E. J. Newman,University of Michigan
Alden S. Klovdahl,Australian National University
Charles Kadushin,Brandeis University
Lada A. Adamic,HP Labs
Eytan Adar,HP Labs
Simona Bignami-Van Assche,Harvard University
Rance P. L. Lee,Chinese University of Hong Kong
Karl M. van Meter,CNRS
Marie-Odile Lebeaux,CNRS
Daniel Lavenu,University of Caen
Norman Braun,University of Munich
Thomas Gautschi,University of Bern
Hetty van Emmerik,Utrecht University
Jonathon N. Cummings,Massachusetts Institute of Technology
Monica C. Higgins,Harvard University
H. Russell Bernard,University of Florida
Mark House,University of Florida
Sam Field,University of Texas at Austin
Kenneth A. Frank,Michigan State University
Kathryn Schiller,University at Albany
Catherine Riegle-Crumb,University of Texas at Austin
Chandra Muller,University of Texas at Austin
William J. Fitzgerald 0002,University of California - Irvine
Robert J. Beck,University of California - Irvine
Yuki Yasuda,University of Tokyo
Christopher Marquis,Harvard University
Tackseung Jun,Kyung Hee University
Jeong-Yoo Kim,Kyung Hee University
Beom Jun Kim,Ajou University
Moo Young Choi,Seoul National University
Gueorgi Kossinets,Columbia University
Peter V. Marsden,Harvard University
Naoki Masuda,RIKEN Brain Science Institute
Norio Konno,Yokohama National University
Charles Carroll,University of Groningen
King-To Yeung,The State University of New Jersey
Alayne M. Adams,Columbia University
Sangeetha Madhavan,University of the Witwatersrand
Margaret K. Chojnacki,Barry University
Pauline W. Hoffmann,University at Buffalo
Tadeusz Sozanski,Institute of Sociology
Hans Waege,Ghent University
John Lievens,Ghent University
Ana Salomé García Muñiz,University of Oviedo
Carmen Ramos Carvajal,University of Oviedo
Gábor Péli,University of Groningen
Karl E. Bauman,University of North Carolina
Andrea M. Hussong,University of North Carolina
Vangie A. Foshee,University of North Carolina
Elisabeth L. Terhell,Vrije University Amsterdam
Marjolein I. Broese van Groenou,Vrije University Amsterdam
Theo van Tilburg,Vrije University Amsterdam
Matthijs Kalmijn,Tilburg University
Jeroen K. Vermunt,Tilburg University
Trevor I. Fenner,University of London
Mark Levene,University of London
George Loizou,University of London
James Stiller,University of Liverpool
John W. McDonald,University of Southampton
Peter W. F. Smith,University of Southampton
Jonathan J. Forster,University of Southampton
Cynthia Giguère,University of Montreal
Katia Petit,University of Montreal
Mark Handcock,University of Washington
David R. Hunter,Penn State University
Steven M. Goodreau,University of Washington
Frank Tutzauer,University at Buffalo
David C. Bell,Indiana University
Amalya L. Oliver,The Hebrew University
Yuval Kalish,The Hebrew University
Gad Yair,The Hebrew University
Marina Hennig,Humboldt University of Berlin
Gabriele Plickert,University of Toronto
Rochelle R. Côté,University of Toronto
Diana Mok,University of Western Ontario
Jessica A. Crowe,Washington State University
Davide Barrera,Utrecht University
Silvia Snidero,University of Torino
Roberto Corradetti,University of Torino
Dario Gregori,University of Torino
Sara Y. Del Valle,Los Alamos National Laboratory
James Mac Hyman,Los Alamos National Laboratory
Herbert W. Hethcote,University of Iowa
Stephen G. Eubank,Los Alamos National Laboratory
James D. Montgomery,University of Wisconsin - Madison
Soong Moon Kang,University College London
Tucker McGrimmon,University of South Carolina
Sangick Jeon,Stanford University
Matthieu Latapy,CNRS
Clémence Magnien,CNRS
Nathalie Del Vecchio,University Paris 2
Lluís Coromina,University of Girona
Brian Carolan,City University of New York
Gbemisola Adejumo,University of Waterloo
P. Robert Duimering,University of Waterloo
Zhehui Zhong,University of Waterloo
Rolf Ziegler,University of Munich
Rafael T. Mikolajczyk,University of Bielefeld
Mirjam Kretzschmar,University of Bielefeld
Marie-Thérèse Jourda,CNRS
Rafaël Stofer,University Paris Dauphine
Béla Janky,Budapest University of Technology and Economics
George B. Davis,Carnegie Mellon University
Vasja Vehovar,University of Ljubljana
Katja Lozar Manfreda,University of Ljubljana
Gasper Koren,University of Ljubljana
Charles F. Mann,Southern Methodist University
David W. Matula,Southern Methodist University
Eli V. Olinick,Southern Methodist University
Naomi Braine,National Development and Research Institute
Caroline Acker,Carnegie Mellon University
Huso Yi,National Development and Research Institute
Samuel Friedman,National Development and Research Institute
Peter Totterdell,University of Sheffield
David Holman,University of Sheffield
Amy Hukin,University of Sheffield
Antonio Páez,McMaster University
Darren M. Scott,McMaster University
Erik M. Volz,University of Texas at Austin
Kevin Lewis,Harvard University
Jason Kaufman,Harvard University
Marco Gonzalez,Harvard University
Andreas Wimmer,University of California - Los Angeles
Nicholas Christakis,Harvard University
Ken Sharpe,University of Melbourne
Eric Turkheimer,University of Virginia
Thomas F. Oltmanns,Washington University in St. Louis
Andrea Röper,Utrecht University
Krista Gile,University of Washington
Martijn J. Burger,Erasmus University Rotterdam
Ruud Hendrickx,Tilburg University
René van den Brink,Free University
Gönül Dogan,Tilburg University
Arnout van de Rijt,Stony Brook University
Thomas V. Pollet,University of Groningen
Toon Kuppens,Catholic University
Pietro Panzarasa,Queen Mary University of London
Sebastian Schnettler,Yale University
Eric D. Kolaczyk,Boston University
Pavel N. Krivitsky,University of Washington
Mark S. Handcock,University of Washington
Adrian E. Raftery,University of Washington
Philip Andrew Sinclair,Manchester Metropolitan University
James Pustejovsky,Northwestern University
James P. Spillane,Northwestern University
Lotte Vermeij,The Netherlands Institute for Social Research
Chris Baerveldt,University of Utrecht
Riitta Toivonen,Helsinki University of Technology
Lauri Kovanen,Helsinki University of Technology
Mikko Kivelä,Helsinki University of Technology
Jukka-Pekka Onnela,Oxford University
Jari Saramäki,Helsinki University of Technology
Francesca Grippa,University of Salento
Olivier Toubia,Columbia University
Jean-Philippe Cointet,ISC-PIF
Richard A. Fabes,Arizona State University
Laura D. Hanish,Arizona State University
Carol Lynn Martin,Arizona State University
Liesbeth Mercken,Care and Public Health Research Institute (CAPHRI)
Christian E. G. Steglich,University of Groningen
Erkki Vartiainen,National Public Health Institute
Hein de Vries,Care and Public Health Research Institute (CAPHRI)
Maurits de Klepper,VU University
Ed Sleebos,VU University
Gerhard G. Van De Bunt,VU University
Javier Ávila,Autonomous University of Barcelona
Uwe Matzat,Eindhoven University of Technology
Chris Snijders,Eindhoven University of Technology
Cyprian Wejnert,Cornell University
John P. Boyd 0002,University of California - Irvine
Matthew C. Mahutga,University of California - Riverside
David A. Smith,University of California - Irvine
Darren C. Treadway,State University of New York at Buffalo
Jacob W. Breland,University of Idaho
Garry L. Adams,Auburn University
Allison B. Duke,Lipscomb University
Laura A. Williams,University of Mississippi
Philip Mohr,CSIRO
Carlene Wilson,Flinders University
Simon Rodan,San José State University
Bettina Hoser,University of Karlsruhe (TH)
Tanja Nitschke,University of Karlsruhe (TH)
Mo-Han Hsieh,Massachusetts Institute of Technology
Christopher L. Magee,Massachusetts Institute of Technology
John Skvoretz,University of South Florida
Verónica de Miguel Luken,Autonomous University of Barcelona
Siddhartha Bhattacharyya,University of Illinois at Chicago
Stellan Ohlsson,University of Illinois at Chicago
Karl-Oskar Lindgren,Uppsala University
Mark S. Mizruchi,University of Michigan
Joris van der Veer,Utrecht University
Michael Szell,University of Vienna
Stefan Thurner,University of Vienna
Tal Spalter,Tel Aviv University
Bernice A. Pescosolido,Indiana University
Ramasuri Narayanam,Indian Institute of Science
Y. Narahari,Indian Institute of Science
Matthew J. Salganik,Princeton University
Alexandre Hannud Abdo,University of São Paulo
Dimitri Fazito,Federal University of Minas Gerais
Axel Franzen,University of Bern
Sonja Pointner,University of Bern
Wendy D. Brynildsen,Duke University
Mark E. Feinberg,Pennsylvania State University
Scott D. Gest,Pennsylvania State University
Conrad Lee,University College Dublin
Thomas Scherngell,AIT Austrian Institute of Technology GmbH
Michael J. Barber,AIT Austrian Institute of Technology GmbH
José Luis Iribarren,Autonomous University of Madrid
Rachel Garshick Kleit,University of Washington
Nicole Bohme Carnegie,York University
Barry Markovsky,University of South Carolina
Mike Steketee,University of South Carolina
Robert Ackland,Australian National University
Mathieu O'Neil,Australian National University
Mónica del Pozo,Universidad Complutense de Madrid
Conrado Manuel,Universidad Complutense de Madrid
Enrique González-Arangüena,Universidad Complutense de Madrid
Guillermo Owen,Naval Postgraduate School
Hans Noel,Georgetown University
Brendan Nyhan,University of Michigan
Dan Braha,New England Complex Systems Institute
Blake C. Stacey,New England Complex Systems Institute
Yaneer Bar-Yam,New England Complex Systems Institute
Chih-Ping Chou,University of Southern California
Troy Raeder,University of Notre Dame
Omar Lizardo,University of Notre Dame
David Hachen,University of Notre Dame
Nitesh V. Chawla,University of Notre Dame
Andreas Geyer-Schulz,University of Groningen
James Sanders,Washington State University
Ylva Almquist,Stockholm University
Steve McDonald,North Carolina State University
Gina S. Lovasi,Columbia University
Pip Pattison,University of Melbourne
Bill Mitchell,University of Newcastle
Anthea Bill,University of Newcastle
Martin Watts,University of Newcastle
Scott Baum,Griffith University
Paulina Preciado,University of Oxford
William J. Burk,Radboud University
Håkan Stattin,University of Örebro
Margaret Kerr,University of Örebro
Kerstin Sailer,University College London
Ian McCulloh,United States Military Academy
Gil Viry,University of Geneva
Yuri Takhteyev,University of Toronto
Anatoliy A. Gruzd,Dalhousie University
Barry Wellman,University of Toronto
Barbara Entwisle,University of North Carolina
Katherine Faust,University of California - Irvine
Ronald R. Rindfuss,University of North Carolina
Jeremy Mennis,Temple University
Michael J. Mason,Villanova University
David Krackhardt,Carnegie Mellon University
Koen Vanbrabant,University of Leuven
Peter Kuppens,University of Leuven
Johan Braeken,Tilburg University
Evelien Demaerschalk,University of Leuven
An Boeren,University of Leuven
Francis Tuerlinckx,University of Leuven
David Willer,University of South Carolina
Pamela Emanuelson,Dakota State University
Alexandra Marin,University of Toronto
Jens F. Binder,Nottingham Trent University
Alistair G. Sutcliffe,University of Manchester
Elisa Bellotti,University of Manchester
Mariela Szwarcberg,University of Chicago
John Sandberg,McGill University
Steven Rytina,McGill University
Valérie Delaunay,Aix Marseille University
Love Bohman,Stockholm University
Natalie Indlekofer,University of Konstanz
Martin Mader,University of Konstanz
Lise Mounier,CNRS
Paola Tubaro,University of Greenwich
Thomas N. Friemel,IPM
Philip A. Sinclair,Manchester Metropolitan University
Jo Holliday,Cardiff University
Laurence Moore,Cardiff University
Robert W. Faris,University of California - Davis
Susan T. Ennett,University of North Carolina
Jeffrey Cormier,University of Western Ontario
Dan J. Wang,Stanford University
Xiaolin Shi,Microsoft
Daniel A. McFarland,Stanford University
Jure Leskovec,Stanford University
Nynke van Miltenburg,Utrecht University
Cécile Emery,London School of Economics and Political Science
Vladimir Barash,Cornell University
Rebeka Johnson,University of Lugano
Palakorn Achananuparp,Singapore Management University
Ee-Peng Lim,Singapore Management University
Riccardo Boero,University of Torino
Zack W. Almquist,University of California - Irvine
Sharique Hasan,Stanford University
Marshall Scott Poole,University of Illinois at Urbana-Champaign
Feniosky Peña-Mora,Columbia University
Mark Hasegawa-Johnson,University of Illinois at Urbana-Champaign
Gerhard Krug,University of Erlangen-Nuremberg
Johannes Zschache,University of Leipzig
Sven Banisch,Bielefeld University
Tanya Araújo,Technical University of Lisbon
Ramón Flores,University Carlos III of Madrid
Maurice Koster,University of Amsterdam
Elisenda Molina,University Carlos III of Madrid
Günes Ertan,University of Pittsburgh
Joonmo Son,National University of Singapore
Lea Ellwardt,University of Groningen
Rafael Wittek,University of Groningen
Nick Crossley,University of Manchester
Gemma Edwards,University of Manchester
Ellen Harries,University of Manchester
Rachel Stevenson,University of Manchester
Gijs Huitsing,University of Groningen
Marijtje A. J. Van Duijn,University of Groningen
Miia Sainio,University of Turku
Christina Salmivalli,University of Turku
Lijun Song,Vanderbilt University
Tian-Yun Chang,Vanderbilt University
Yanlong Zhang,Peking University
W. Scott Comulada,University of California - Los Angeles
Carl A. Latkin,Johns Hopkins University
Johannes Illenberger,Berlin Institute of Technology
Tina Kogovsek,University of Ljubljana
Germà Coenders,University of Girona
Valentina Hlebec,University of Ljubljana
João R. Daniel,ISPA University Institute of Psychological Sciences
António J. Santos,ISPA University Institute of Psychological Sciences
Inês Peceguina,ISPA University Institute of Psychological Sciences
Juan I. Casse,University of California - Riverside
Christian R. Shelton,University of California - Riverside
Jochem Tolsma,Radboud University
Ioana van Deurzen,Tilburg University
David Knoke,University of Minnesota
Giovanna Miritello,Telefónica Research
Esteban Moro,University Carlos III of Madrid
Rubén Lara,Telefónica Research
Rocío Martínez-López,Telefónica Research
John Belchamber,Telefónica Research
Sam G. B. Roberts,University of Chester
Dehai Liu,Dongbei University of Finance & Economics
Weiguo Wang,Dongbei University of Finance & Economics
Emma S. Spiro,University of California - Irvine
David B. Tindall,University of British Columbia
Mario Diani,Universitat Pompeu Fabra
Tore Opsahl,Imperial College London
Jan Kleinnijenhuis,VU University
Wouter de Nooy,University of Amsterdam
Paulette Lloyd,Indiana University
Liesbeth A. G. Mercken,Maastricht University
Guido Conaldi,University of Greenwich
Mengxiao Zhu,Rutgers University
Yun Huang 0001,Northwestern University
Noshir S. Contractor,Northwestern University
Vanina Jasmine Torló,University of Greenwich
Hwai-Chung Ho,Academia Sinica
Hsiu Man Chen,Academia Sinica
Peter Hedström,Institute for Futures Studies
Jennifer B. Unger,University of Southern California
Daniel W. Soto,University of Southern California
Alexia Gaudeul,Max Planck Institute
Caterina Giannetti,University of Bologna
Jennifer L. Merluzzi,Tulane University
Andrea Austin,Brown University
Zhijin Wu,Brown University
Adriana P. A. van Beek,NIVEL: Netherlands Institute for Health Services Research
Cordula Wagner,NIVEL: Netherlands Institute for Health Services Research
Dinnus H. M. Frijters,VU University
Miel W. Ribbe,VU University
Peter P. Groenewegen,NIVEL: Netherlands Institute for Health Services Research
Danching Ruan,Hong Kong Baptist University
Gina Lai,Hong Kong Baptist University
Vittorio Fuccella,University of Salerno
Susanna Zaccarin,University of Trieste
Xiumei Zhu,Purdue University
Sang Eun Woo,Purdue University
Caitlin Porter,Purdue University
Michael Brzezinski,Purdue University
Camille Roth,CNRS
Floriana Gargiulo,CNRS
Klaus Hamberger,CNRS
Michael McBride,University of California - Irvine
Michael Caldara,University of California - Irvine
Shigemi Kagawa,Kyushu University
Shunsuke Okamoto,Kyushu University
Sangwon Suh,University of California - Santa Barbara
Yasushi Kondo,Waseda University
Keisuke Nansai,National Institute for Environmental Studies
James Nastos,University of British Columbia
Yong Gao 0001,University of British Columbia
Theo A. Arentze,Eindhoven University of Technology
Matthias Kowald,ETH Zurich
Kay W. Axhausen,ETH Zurich
Enrico Bozzo,University of Udine
Massimo Franceschet,University of Udine
Nicholas Charron,University of Gothenburg
Paul D. McLean,Rutgers University
Joeri M. Mol,University of Melbourne
Klarita Gërxhani,University of Amsterdam
Arthur Schram,University of Amsterdam
Rami Puzis,University of Maryland - College Park
Manish Purohit,University of Maryland - College Park
V. S. Subrahmanian,University of Maryland - College Park
Jacob Dijkstra,University of Groningen
Marcel A. L. M. van Assen,Tilburg University
Sara Geven,Utrecht University
Jeroen Weesie,Utrecht University
Lindsey Trimble O'Connor,California State University Channel Islands
Juliette Stehlé,CNRS
Ciro Cattuto,Institute for Scientific Interchange (ISI) Foundation
Alain Barrat,CNRS
Ryan M. Acton,University of Massachusetts
Eran Shor,McGill University
David J. Roelfs,University of Louisville
Tamar Yogev,University of Haifa
Rosa M. V. Figueiredo,University of Aveiro
Gisele Moura,Rio de Janeiro State University
Rebecca Nash,Simon Fraser University
Rebecca Jenkinson,Burnet Institute
Philippa E. Pattison,University of Melbourne
Rachel Sacks-Davis,Burnet Institute
Galina Daraganova,University of Melbourne
Margaret Hellard,Burnet Institute
Emma McBryde,University of Melbourne
Yoshihisa Kashima,University of Melbourne
Dean Lusher,Swinburne University of Technology
Leonie J. Pearson,University of Melbourne
Craig Pearson,University of Melbourne
Werner Raub,Utrecht University
Scott D. McClurg,Southern Illinois University
David Lazer,Harvard University
Tobias Heinrich,University of South Carolina
Eric Schoon,University of Arizona
Victor Asal,University at Albany
R. Karl Rethemeyer,University at Albany
Lauren Rhue,York University
Arun Sundararajan,York University
Laura Sartori,University of Bologna
Michael T. Heaney,University of Michigan
Justin H. Kirkland,University of Houston
Justin H. Gross,University of North Carolina
Robert Huckfeldt,University of California - Davis
Matthew T. Pietryka,University of California - Davis
Daniel P. Enemark,University of Southern California
Mathew D. McCubbins,University of Southern California
Nicholas Weller,University of Southern California
Jason Bello,London School of Economics and Political Science
Meredith Rolfe,London School of Economics and Political Science
Anand E. Sokhey,University of Colorado
Paul A. Djupe,Denison University
Jason M. Smith,Utah State University
Virginie Kidwell-Lopez,University of Texas at Dallas
Jennifer Golbeck,University of Maryland - College Park
Derek L. Hansen,Brigham Young University
Richard Heidler,Bergische University Wuppertal
Florian Eßer,University of Hildesheim
Mayukh Dass,Texas Tech University
Dawn Iacobucci,Vanderbilt University
Miruna Petrescu-Prahova,University of Washington
Duy Quang Vu,University of Melbourne
Tarik Crnovrsanin,University of California - Davis
Chris Muelder,University of California - Davis
Kwan-Liu Ma,University of California - Davis
Henk Flap,Utrecht University
Brandon Brooks,Michigan State University
Bernie Hogan,University of Oxford
Nicole B. Ellison,University of Michigan
Cliff Lampe,University of Michigan
Jessica Vitak,University of Maryland - College Park
Alejandro Rivero,University of Zaragoza
Maria Rosaria D'Esposito,University of Salerno
Domenico De Stefano,Ca' Foscari University of Venice
J. C. Barnes,University of Texas at Dallas
Kevin M. Beaver,Florida State University
Michael TenEyck,University of Texas at Dallas
Peter Pal Zubcsek,University of Florida
Imran Chowdhury,Pace University
Zsolt Katona,University of California - Berkeley
Murray Aitkin,University of Melbourne
Brian Francis,Lancaster University
Wei Wang 0211,University of Central Florida
Eric J. Neuman,University of Illinois at Urbana-Champaign
Daniel A. Newman,University of Illinois at Urbana-Champaign
Jeremy M. Koster,University of Cincinnati
George Leckie,University of Bristol
David Tuckett,University College London
Robert Elliott Smith,University College London
Rickard Nyman,University College London
Alfredo Jose Morales,Polytechnic University of Madrid
Javier Borondo,Polytechnic University of Madrid
Juan Carlos Losada,Polytechnic University of Madrid
Rosa M. Benito,Polytechnic University of Madrid
Noah E. Friedkin,University of California - Santa Barbara
Eugene C. Johnsen,University of California - Santa Barbara
David Savage,RMIT University
Xiuzhen Zhang,RMIT University
Xinghuo Yu 0001,RMIT University
Pauline Chou,RMIT University
Qingmai Wang,RMIT University
Valentyn Kalnysh,Ukrainian Institute of Public Health
Yuri Kalnysh,Ukrainian Academy of Public Service
Zachary Neal,Michigan State University
Angela Bohn,Institute for Statistics and Mathematics
Christian Buchta,Institute for Service Marketing and Tourism
Kurt Hornik,Institute for Statistics and Mathematics
Patrick Mair,Institute for Statistics and Mathematics
Sam Schramski,Federal University of Amazonas
Mark Caudell,Washington State University
Thomas Rotolo,Washington State University
Mulye Grima,Hawassa University
Vincent G. Moscardelli,University of Connecticut
Brian F. Schaffner,University of Massachusetts
Michael S. Kowal,University of Massachusetts
Martin Hällsten,Stockholm University
Christofer R. Edling,Lund University
Jens Rydgren,Stockholm University
David E. Eagle,Duke University
Rae Jean Proeschold-Bell,Duke University
Nadine Tamburrini,Royal Holloway University of London
Marco Cinnirella,Royal Holloway University of London
Vincent A. A. Jansen,Royal Holloway University of London
John Bryden,Royal Holloway University of London
Vontrese Deeds Pamphile,Northwestern University
Peter McMahan,University of Chicago
Xianbi Huang,La Trobe University
Lei Zhang 0042,University of Minnesota
Robert Faris,University of California - Davis
Alexander G. Nikolaev,State University of New York at Buffalo
Raihan Razib,State University of New York at Buffalo
Ashwin Kucheriya,State University of New York at Buffalo
Pieter-Paul Verhaeghe,Ghent University
Koen Van der Bracht,Ghent University
Bart Van de Putte,Ghent University
Cuihua Shen,University of California - Davis
Wenhong Chen,University of Texas at Austin
Jason Owen-Smith,University of Michigan
Natalie C. Cotton-Nessler,Bentley University
Helena Buhr,The Northwestern Institute on Complex Systems (NICO)
Maria Grazia Vigliotti,Imperial College London
Chris Hankin,Imperial College London
Matthew Johnson 0002,Durham University
Daniël Paulusma,Durham University
Erik Jan van Leeuwen,Max Planck Institute
Todd C. Lehmann,University of Michigan
James A. Rolfsen,Creighton University
Terry D. Clark,Creighton University
Ling Heng Henry Wong,University of Melbourne
André F. Gygax,University of Melbourne
Bart Husslage,Fontys University of Applied Sciences
Peter Borm,Tilburg University
Twan Burg,Tilburg University
Herbert Hamers,Tilburg University
Roy Lindelauf,Netherlands Defense Academy
Weihua An,Indiana University
Long Doan,Indiana University
Jacob Habinek,University of California - Berkeley
John Levi Martin,University of Chicago
Benjamin D. Zablocki,Rutgers University
Michaela Hoffman,University of Missouri
Douglas L. Steinley,University of Missouri
Vladimir Batagelj,Institute of Mathematics
Xiangju Qin,University College Dublin
Pádraig Cunningham,University College Dublin
Michael Salter-Townshend,University of Oxford
Jesse Shore,Boston University
Benjamin Lubin,Boston University
Katrien Fransen,KU Leuven
Stef Van Puyenbroeck,KU Leuven
Todd M. Loughead,University of Windsor
Norbert Vanbeselaere,KU Leuven
Bert De Cuyper,KU Leuven
Gert Vande Broek,KU Leuven
Filip Boen,KU Leuven
Robin I. M. Dunbar,University of Oxford
Valerio Arnaboldi,University of Oxford
Marco Conti,Institute of Informatics and Telematics of CNR
Andrea Passarella,Institute of Informatics and Telematics of CNR
Bálint Néray,Hungarian Academy of Sciences
Feng Shi 0005,University of Chicago
Jacob G. Foster,University of California - Los Angeles
James A. Evans,University of Chicago
Phillip Bonacich,University of California - Los Angeles
Edward Bishop Smith,Northwestern University
Kyle Emich,University of Delaware
C. Prem Sankar,University of Kerala
K. Satheesh Kumar,University of Kerala
Duy Vu,University of Melbourne
Andreas Tutic,University of Leipzig
Harald Wiese,University of Leipzig
J. Ashwin Rambaran,University of Groningen
Jan Kornelis Dijkstra,University of Groningen
Antonius H. N. Cillessen,Radboud University
Samira Malek Mohamadi Golsefid,Amirkabir University of Technology (Polytechnic of Tehran)
Mohammad Hossein Fazel Zarandi,Amirkabir University of Technology (Polytechnic of Tehran)
Susan Bastani,Alzahra University
Charles J. Gomez,Stanford University
Paolo Parigi,Stanford University
Elise Cappella,York University
Helian Xu,Hunan University
Balázs Kovács,Yale University
Chengwei Liu,University of Warwick
Beata Lopaciuk-Gonczaryk,University of Warsaw
Shanfeng Wang,Xidian University
Maoguo Gong,Xidian University
Lijia Ma,Xidian University
Qiguang Miao,Xidian University
Emily Hoagland,Cornell University
Eleonora Patacchini,Sapienza University of Rome
Yves Zenou,Stockholm University
Ning Wang 0013,University of Oxford
Hanno Kruse,University of Mannheim
Sanne Smith,Utrecht University
Ineke Maas,Utrecht University
Sadamori Koujaku,Hokkaido University
Ichigaku Takigawa,Hokkaido University
Mineichi Kudo,Hokkaido University
Hideyuki Imai,Hokkaido University
Linton C. Freeman,University of California - Irvine
Andreas Flache,University of Groningen
Anke Munniksma,University of Amsterdam
Hongzhong Deng,National University of Defense Technology
Peter Abell,London School of Economics and Political Science
Ofer Engel,London School of Economics and Political Science
Jun Wu 0004,National University of Defense Technology
Yuejin Tan,National University of Defense Technology
Molly E. Brown,University of Maryland - College Park
Monica Ihli,University of Tennessee
Gerald C. Kane,Boston College
Eva Huszti,University of Debrecen
Ildikó Barna,Eötvös Loránd University
Paola Zappa,University of Lugano
Julia Brennecke,Swinburne University of Technology
Julien Brailly,University Paris-Dauphine
Guillaume Favre,University Paris-Dauphine
Josiane Chatellet,University Paris-Dauphine
Andrew J. Slaughter,US Army Research Institute for the Behavioral and Social Sciences
Philippa Pattison,University of Sydney
Francesca Pallotti,University of Greenwich
Laura Prota,University of Salerno
Yunsong Chen,Nanjing University
David Melamed,Ohio State University
Brent Simpson,University of South Carolina
Frank van Tubergen,Utrecht University
Obaid Ali Al-Modaf,King Abdul Aziz University
Nora F. Almosaed,King Abdul Aziz University
Mohammed Ben Said Al-Ghamdi,King Abdul Aziz University
Michele L. Barnes,University of Hawaii at Manoa
Kolter Kalberg,University of Hawaii at Manoa
PingSun Leung,University of Hawaii at Manoa
Tso-Jung Yen,Academia Sinica
Cheng Wang 0010,University of Notre Dame
Rupa Jose,University of California - Irvine
Cynthia M. Lakon,University of California - Irvine
Zeynep Ertem,Texas A&M University
Alexander Veremyev,University of Florida
Sergiy Butenko,Texas A&M University
Sebastian Bähr,University of Erlangen-Nuremberg
Martin Abraham,University of Erlangen-Nuremberg
Eugen Pircalabelu,KU Leuven
Gerda Claeskens,KU Leuven
Christina Prell,University of Maryland - College Park
Robert A. Hanneman,University of California - Riverside
Jürgen Pfeffer,Technical University of Munich
Emmanuel Lazega,CNRS
Avner Bar-Hen,University Paris Descartes
Eric Giannella,University of California - Berkeley
Anna L. Smith,Ohio State University
Catherine A. Calder,Ohio State University
Christopher R. Browning,Ohio State University
Martin Hilbert,University of California - Davis
Poong Oh,University of Pennsylvania
Peter Monge,University of Southern California
Beate Völker,University of Amsterdam
Ruben De Cuyper,Netherlands Institute for the Study of Crime and Law enforcement (NSCR)
Gerald Mollenhorst,Utrecht University
Anja Dirkzwager,Netherlands Institute for the Study of Crime and Law enforcement (NSCR)
Peter van der Laan,Netherlands Institute for the Study of Crime and Law enforcement (NSCR)
Paul Nieuwbeerta,Netherlands Institute for the Study of Crime and Law enforcement (NSCR)
Marlène Sapin,University of Lausanne
Eric D. Widmer,University of Geneva
Katia Iglesias,University of Neuchâtel
Mario Luis Small,Harvard University
Christopher Sukhu,University of Chicago
Satyam Mukherjee,Northwestern University
Matthew Dabkowski,University of Arizona
Neng Fan,University of Arizona
Ronald L. Breiger,University of Arizona
Justus Uitermark,University of Amsterdam
Vincent A. Traag,Leiden University
Michael Mäs,University of Groningen
Karl-Dieter Opp,University of Leipzig
Michele Starnini,University of Barcelona
Andrea Baronchelli,City University London
Romualdo Pastor-Satorras,Polytechnic University of Catalonia
Vincent Chua,National University of Singapore
Yi Cheng Loh,University of Cambridge
Pádraig Mac Carron,University of Oxford
Kimmo Kaski,Aalto University
Robin Dunbar,University of Oxford
Alex D. Stivala,University of Melbourne
David A. Rolls,University of Melbourne
Kuishuang Feng,University of Maryland - College Park
George Wood,University of Oxford
Alejandro Arnulfo Ruiz-León,National Autonomous University of Mexico
Tobias H. Stark,Utrecht University
Jon A. Krosnick,Stanford University
Anja Znidarsic,University of Maribor
Anuska Ferligoj,University of Ljubljana
Lucas G. Drouhot,Cornell University
Jeffrey A. Smith,University of Nebraska
James Moody,Duke University
Jonathan H. Morgan,Duke University
Sandra Cristina Oliveira,Universidade Estadual Paulista
Juliana Cobre,USP
Taiane de Paula Ferreira,Universidade Estadual Paulista
Domenico Brunetto,Politecnico di Milano
Nicholas Harrigan,Singapore Management University
Janice Yap,Singapore Management University
Patrick S. Park,Cornell University
Yong-Hak Kim,Yonsei University
Holly B. Shakya,University of California - San Diego
Nicholas A. Christakis,Yale Institute for Network Science
James H. Fowler,University of California - San Diego
Vicki Stover Hertzberg,Emory University
Jason Baumgardner,Emory University
C. Christina Mehta,Emory University
Lisa K. Elon,Emory University
George Cotsonis,Emory University
Douglas W. Lowery-North,Emory University
Joel Martí,Autonomous University of Barcelona
Mireia Bolíbar,University of Bremen
Carlos Lozares,Autonomous University of Barcelona
Stefano Nasini,CNRS
Víctor Martínez-de-Albéniz,University of Navarra
Tahereh Dehdarirad,University of Barcelona
Dino Dittrich,Tilburg University
Roger Th. A. J. Leenders,Tilburg University
Joris Mulder,Tilburg University
Karl Finger,University of Kiel
Thomas Lux,University of Kiel
Gregory Lee Phillips II,Northwestern University
Patrick Janulis,Northwestern University
Brian S. Mustanski,Northwestern University
Michelle Birkett,Northwestern University
J. Santana,Stanford University
Raine Hoover,Stanford University
Meera Vengadasubbu,Stanford University
Jasper L. de Bie,Leiden University
Joshua D. Freilich,City University of New York
Steven M. Chermak,Michigan State University
José Atilano Pena-López,University of A Coruña
Jose Manuel Sánchez-Santos,University of A Coruña
Yunpeng Zhao,George Mason University
James D. Wilson,University of San Francisco
Matthew J. Denny,Pennsylvania State University
Shankar Bhamidi,University of North Carolina
Renáta Hosnedlová,CNRS
Stephanie Thiemichen,University of Munich
Göran Kauermann,University of Munich
Nicolò Pecora,Catholic University
Alessandro Spelta,Catholic University
Bernhard Leidner,University of Massachusetts
Michela Del Vicario,IMT School for Advanced Studies
Fabiana Zollo,IMT School for Advanced Studies
Guido Caldarelli,IMT School for Advanced Studies
Walter Quattrociocchi,IMT School for Advanced Studies
Marc Punkay,University of Chicago
Dorothy Espelage,University of Florida
C. Deniz Yenigün,Istanbul Bilgi University
Chloé Meredith,KU Leuven
Wim van den Noortgate,KU Leuven
Charlotte Struyve,KU Leuven
Sarah Gielen,KU Leuven
Eva Kyndt,KU Leuven
Thomas W. Valente,University of Southern California
Ulrik Brandes,University of Konstanz
Anton Grau Larsen,Copenhagen Business School
Christoph Houman Ellersgaard,Copenhagen Business School
Andreas Herz,University of Hildesheim
Sören Petermann,Ruhr-University Bochum
Norman Conti,Duquesne University
Lampros Bouranis,University College Dublin
Nial Friel,University College Dublin
Florian Maire,University College Dublin
Rémi Boivin,University of Montreal
Yanick Charette,Yale Institute for Network Science and Université Laval
Thomas Grund,University College Dublin
Sara Bastomski,Yale University
Noli Brazil,University of Southern California
Andrew V. Papachristos,Yale University
Corina Graif,Pennsylvania State University
Alina Lungeanu,Pennsylvania State University
Alyssa M. Yetter,Pennsylvania State University
Adam Boessen,University of Missouri
John R. Hipp,University of California - Irvine
Nicholas N. Nagle,University of Tennessee
Emily Smith,University of California - Irvine
N. Lancki,University of Chicago
Jacob T. N. Young,Arizona State University
Derek Kreager,Pennsylvania State University
Giulia Berlusconi,National University of Ireland
Alberto Aziani,Università Cattolica del Sacro Cuore
Luca Giommoni,Cardiff University
Masarah Paquet-Clouston,University of Montreal
Chloé Provost,University of Montreal
Aili Malm,California State University at Long Beach
Tom Decorte,University of Gent
Marieke Vlaemynck,University of Gent
Marije Wouters,University of Amsterdam
Caitlin E. Hughes,UNSW
Jenny Chalmers,UNSW
Daniel DellaPosta,Cornell University
Maxime Reeves-Latour,University of Montreal
Mackenzie Hart,Simon Fraser University
Alexander Gutfraind,University of Illinois at Chicago
Michael Genkin,Singapore Management University
Sarah K. Cowan,York University
Delia Baldassarri,York University
Neha P. Shah,Rutgers University
Daniel Z. Levin,Rutgers University
Felicia F. Tian,Fudan University
Matthew J. Silk,University of Exeter
Kathleen M. O'Connor,Cornell University
Eric Gladstone,University of Kent
Sandro Sperandei,Institute of Scientific and Technological Communication & Information in Health
Marcelo Ribeiro-Alves,National Institute of Infectious Diseases Evandro Chagas
Francisco I. Bastos,Institute of Scientific and Technological Communication & Information in Health
Michael Withers,Texas A&M University
Ji Youn (Rose) Kim,University of Kent
Michael Howard,Texas A&M University
Nikki van Gerwen,Utrecht University
Mary Selden,University of Georgia
Adam Goodie,University of Georgia
Qiwen Zheng,University of Maryland - College Park
Daniel K. Sewell,University of Iowa
Denis Bouyssou,CNRS
Thierry Marchant,Ghent University
Josef Woldense,University Minnesota
Michael D. Siciliano,University of Illinois at Chicago
Eric W. Welch,Arizona State University
Mary K. Feeney,Arizona State University
James Hollway,Graduate Institute Geneva
William P. Eveland,Ohio State University
Osei Appiah,Ohio State University
Paul A. Beck,Ohio State University
Kenneth S. Berenhaut,Wake Forest University
Rebecca C. Kotsonis,Wake Forest University
Hongyi Jiang,Wake Forest University
Zachary Navabi,Ohio State University
Johanne Saint-Charles,University of Quebec in Montreal
Pierre Mongeau,University of Quebec in Montreal
Scott W. Duxbury,Ohio State University
David Kretschmer,University of Mannheim
Lars Leszczensky,University of Mannheim
Sebastian Pink,University of Mannheim
Marco T. Bastos,University of London
Carlo Piccardi,Politecnico di Milano
Michael Levy,University of California - Davis
Neil McRoberts,University of California - Davis
Mark Lubell,University of California - Davis
Miranda J. Lubbers,Autonomous University of Barcelona
Valentin Danchev,University of Oxford
Mason A. Porter,University of California - Los Angeles
Michael Windzio,University of Bremen
Marieke Wissink,Maastricht University
Valentina Mazzucato,Maastricht University
Pamela A. Popielarz,University of Illinois at Chicago
Tünde Cserpes,University of Illinois at Chicago
Ashton M. Verdery,Pennsylvania State University
Ted Mouw,University of North Carolina
Heather Edelblute,University of Texas at San Antonio
Sergio Chavez,Rice University
Basak Bilecen,Bielefeld University
Andrés Cardona,Bielefeld University
Sara Bojarczuk,Trinity College Dublin
Peter Mühlau,Trinity College Dublin
Romina Cachia,Sevilla University
Olga Kornienko,Arizona State University
Victor Agadjanian,University of Kansas
Cecilia Menjívar,University of Kansas
Natalia Zotova,Ohio State University
Markus Gamper,University of Cologne
Louise Ryan,University of Sheffield
Alessio D'Angelo,Middlesex University
Claire Bidart,CNRS
Alain Degenne,CNRS
Michel Grossetti,CNRS
Sonja Opper,Lund University
Terrence D. Jorgensen,University of Amsterdam
K. Jean Forney,Florida State University
Jeffrey A. Hall,University of Kansas
Steven M. Giles,Wake Forest University
David Schoch,ETH Zurich
Niccolò Casnici,University of Brescia
Kathrin Büttner,Christian-Albrechts-University
Jennifer Salau,Christian-Albrechts-University
Joachim Krieter,Christian-Albrechts-University
Eva Vriens,Utrecht University
Kayo Fujimoto,The University of Texas Health Science Center at Houston
Ming Cao 0005,The University of Texas Health Science Center at Houston
Dennis Li,The University of Texas Health Science Center at Houston
Iain S. Weaver,University of Exeter
Hywel T. P. Williams,University of Exeter
Iulia Cioroianu,University of Exeter
Travis Coan,University of Exeter
Susan Banducci,University of Exeter
Daniel J. Brass,University of Kent
Patrizia Vecchi,Washington University in St. Louis
Brooke Foucault Welles,Northeastern University
Weiai Xu,University of Massachusetts
Garry Robins,University of Melbourne
Nikita Basov,St. Petersburg State University
Jake Bowers,University of Illinois at Urbana-Champaign
Mark Frederickson,University of Illinois at Urbana-Champaign
Nahomi Ichino,University of Michigan
Hsuan-Wei Lee,University of Nebraska
Simi Wang,University of North Carolina
Lisha Yu,City University of Hong Kong
William H. Woodall,Virginia Tech
Kwok-Leung Tsui,City University of Hong Kong
Michele Coscia,Naxys – University of Namur
Laurence Brandenberger,University of Bern
Giangiacomo Bravo,Linnaeus University
Flaminio Squazzoni,University of Brescia
Thijs A. Velema,Sun Yat-sen University
Jing-Shiang Hwang,Academia Sinica
Giacomo Solano,Eindhoven University of Technology
Gerrit Rooks,Eindhoven University of Technology
Ji Ma 0003,Indiana University
Simon DeDeo,Carnegie Mellon University
Iris Wanzenböck,Utrecht University
Pablo Piedrahíta,University of Zaragoza
Javier Borge-Holthoefer,Open University
Yamir Moreno,University of Zaragoza
Sandra González-Bailón,University of Pennsylvania
Yan-An Hwang,National Dong Hwa University
Philippe Ramirez,CNRS
Stéphane Legendre,CNRS
Jake Burchard,Cornell University
Benjamin Cornwell,Cornell University
Carlo Morselli,University of Montreal
Marie Ouellet,University of Montreal
Katarzyna Growiec,University of Social Sciences and Humanities
Bogumil Kaminski,Institute of Econometrics
Hannah Schmid-Petri,University of Passau
Silke Adam,University of Bern
Ueli Reber,University of Bern
Thomas Häussler,University of Bern
Peter Miltner,FU Berlin
Barbara Pfetsch,FU Berlin
Chiara Broccatelli,University of Glasgow
Tobias Roth,University of Mannheim
Cassie McMillan,Pennsylvania State University
Diane Felmlee,Pennsylvania State University
D. Wayne Osgood,Pennsylvania State University
John M. Light,Oregon Research Institute
Melissa A. Clark,University of Massachusetts
Nancy P. Barnett,Brown University
Eric Quintane,University of Los Andes
Zoltán Kmetty,Eotvos Lorand University Faculty of Social Sciences
Róbert Tardos,Eotvos Lorand University Faculty of Social Sciences
Fruzsina Albert,Károli Gáspár University of the Reformed Church
Beata Dávid,Hungarian Academy of Sciences
Kate Eddens,University of Kent
Jesse M. Fagan,University of Kent
Ami R. Moore,University of North Texas
Victor R. Prybutok,University of North Texas
Anh Ta,University of North Texas
Foster Amey,Middle Tennessee State University
Zhenkun Zhou,Beihang University
Ke Xu 0001,Beihang University
Jichang Zhao,Beihang University
Andrea Flori,Politecnico di Milano
Fabio Pammolli,Politecnico di Milano
Eszter Berán,Catholic University
Csaba Pléh,Central European University
Péter Soltész,Catholic University
Anna Rácz,Semmelweis University
Pál Czobor,Semmelweis University
Zsolt Unoka,Semmelweis University
Neha Gondal,Boston University
Lin Tao,Peking University
Petr Matous,University of Sydney
Peng Wang 0002,Swinburne University of Technology
Rosanna Grassi,University of Milan Bicocca
Francesco Calderoni,Università Cattolica del Sacro Cuore
Monica Bianchi,Università Cattolica del Sacro Cuore
Anna Torriero,Università Cattolica del Sacro Cuore
Brian Rubineau,McGill University
Yisook Lim,Yonsei University
Michael Neblo,Ohio State University
Henning Silber,GESIS - Leibniz Institute for the Social Sciences
Jette Schröder,GESIS - Leibniz Institute for the Social Sciences
Bella Struminskaya,Utrecht University
Volker Stocké,University of Kassel
Miranda Jessica Lubbers,Autonomous University of Barcelona
José Luis Molina,Autonomous University of Barcelona
Hugo Valenzuela-García,Autonomous University of Barcelona
Michael J. Brusco,Florida State University
Vincenz Frey,Bocconi University
Vincent Buskens,Utrecht University
George Berry,Cornell University
Patrick Park,Northwestern University
Michael Macy,Cornell University
Mustafa Cosar Ünal,Bilkent University
Viviana Amati,ETH Zurich
Daniele Mascia,University of Bologna
Manuel Fischer,University of Bern
Frédéric Varone,University of Geneva
Roy Gava,University of Geneva
Pascal Sciarini,University of Geneva
László Lorincz,Corvinus University of Budapest
Júlia Koltai,Eötvös Loránd University
Anna Fruzsina Gyor,Corvinus University of Budapest
Peter D. Hoff,Duke University
Brian E. Vaughn,Auburn University
Weiwei Gu,Tsinghua University
Jar-der Luo,Tsinghua University
Jifan Liu,Tsinghua University
Jia-Ping Huang,Shenzhen University
Bernd Heidergott,VU University
Ines Lindner,Tinbergen Institute
Yuan Hsiao,University of Washington
Ching-Ling Cheng,National Taiwan Normal University
Ya-Wen Chiu,University of Washington
Hubert Buch-Hansen,Copenhagen Business School
Lasse Folke Henriksen,Copenhagen Business School
Ronald S. Burt,University of Chicago
Saskia Metzler,Max Planck Institute
Stephan Günnemann,Technical University of Munich
Pauli Miettinen,University of Eastern Finland
Dante Contreras,University of Chile
Gabriel Otero,University of Amsterdam
Juan D. Díaz,University of Chile
Nicolás Suárez,University of Chile
Christian Henning,University of Kiel
Christian Aßmann,University of Bamberg
Johannes Hedtrich,University of Kiel
Marçal Mora Cantallops,University of Alcalá
Miguel-Ángel Sicilia,University of Alcalá
Tijs A. van den Broek,University of Twente
Ariana Need,University of Twente
Michel L. Ehrenhard,University of Twente
Anna Priante,University of Twente
Djoerd Hiemstra,University of Twente
Jeffrey Lienert,National Human Genome Research Institute
Laura M. Koehly,National Human Genome Research Institute
Felix Reed-Tsochas,University of Oxford
Christopher Steven Marcum,National Human Genome Research Institute
Catherine T. Shea,Carnegie Mellon University
Julia Lee,University of Michigan
Tanya Menon,Ohio State University
Dongkyun Im,Seoul National University
Elaine M. Hernandez,Indiana University
Erin Pullen,Indiana University
Jonathan Brauer,Indiana University
Hazem Krichene,University of Hyogo
Yoshi Fujiwara,University of Hyogo
Abhijit Chakraborty,University of Hyogo
Yoshiyuki Arata,Research Institute of Economy
Hiroyasu Inoue,University of Hyogo
Masaaki Terai,RIKEN Advanced Institute for Computational Science
Stefano Tasselli,Erasmus University Rotterdam
Kristin Lees Haggerty,Northeastern University
John Griffith,Northeastern University
Jean McGuire,Northeastern University
Beth Molnar,Northeastern University
Vincent Lorant,Catholic University
Mark Tranmer,University of Glasgow
Jennifer Watling Neal,Michigan State University
Kristen J. Mills,Ohio State University
Jennifer Lawlor,University of Michigan
Kathryn McAlindon,Michigan State University
Matthew Smith 0009,University of Greenwich
Sara Gorgoni,University of Greenwich
Bruce Cronin,University of Greenwich
Alon Bartal,Ben Gurion University of the Negev
Nava Pliskin,Ben Gurion University of the Negev
Gilad Ravid,Ben Gurion University of the Negev
Per Block,ETH Zurich
Zsófia Boda,ETH Zurich
Jonathan Stewart,Rice University
Michael Schweinberger,Rice University
Michal Bojanowski,Kozminski University
Martina Morris,University of Washington
Daniela Stoltenberg,University of Münster
Daniel Maier,Free University
Annie Waldherr,University of Münster
Stéphane Helleringer,Johns Hopkins University
jimi adams,University of Colorado
Sara Yeatman,University of Colorado
Janet M. Box-Steffensmeier,Ohio State University
Dino P. Christenson,Boston University
Jason W. Morgan,Ohio State University
Giancarlo Ragozini,University of Naples
Maria Prosperina Vitale,University of Salerno
Mark M. Fredrickson,University of Michigan
Yuguo Chen,University of Illinois at Urbana-Champaign
Nicholas M. Harrigan,Macquarie University
Filip Agneessens,University of Trento
Jürgen Lerner,University of Konstanz
Alessandro Lomi,University of Italian Switzerland
Daniel S. Halgin,University of Kent
Zhi Huang,University of Kent
Mark Wittek,Institute of Sociology
Clemens Kroneberg,Institute of Sociology
Kathrin Lämmermann,Institute of Sociology
Dorottya Kisfalusi,Hungarian Academy of Sciences
Travis G. Tatum,Univeristy College Dublin
Thomas U. Grund,Univeristy College Dublin
Rozemarijn van der Ploeg,University of Groningen
René Veenstra,University of Groningen
Zachary P. Neal,Michigan State University
Jialin Hua,Beijing Jiaotong University
Miin-Shen Yang,Chung Yuan Christian University
Christoph Stadtfeld,ETH Zurich
Károly Takács,Linköping University
András Vörös 0002,ETH Zurich
Matthew Hamilton,Ohio State University
Jacob Hileman,Stockholm University
Örjan Bodin,Stockholm University
Barbara B. Brewer,University of Arizona
Kathleen M. Carley,Carnegie Mellon University
Marge M. Benham-Hutchins,Texas A&M University
Judith A. Effken,University of Arizona
Jeffrey Reminga,Carnegie Mellon University
Lea-Maria Löbel,German Institute for Economic Research (DIW) Berlin
Nyi Nyi Htwe,Hiroshima University
Seunghoo Lim,International University of Japan
Makoto Kakinaka,Hiroshima University
Nicola Mirc,CNRS
Andrew Parker 0003,University of Exeter
Spiro Maroulis,Arizona State University
Daniel Diermeier,University of Chicago
Muhammad Azfar Nisar,Lahore University of Management and Sciences
Claude S. Fischer,University of California - Berkeley
Shira Offer,Bar-Ilan University
Skyler J. Cranmer,Ohio State University
Bruce A. Desmarais,Pennsylvania State University
Benjamin W. Campbell,Ohio State University
Sabine De Moor,Ghent University
Christophe Vandeviver,Ghent University
Tom Vander Beken,Ghent University
Cohen R. Simpson,University of Oxford
Carl Nordlund,Linköping University
John Ternovski,Yale University
Taha Yasseri,University of Oxford
Ales Ziberna,University of Ljubljana
Robert Panitz,Heidelberg University
Johannes Glückler,Heidelberg University
Valerio Leone Sciabolazza,University of Naples
Raffaele Vacca,University of Florida
Christopher McCarty,University of Florida
Annatina Aerne,University of St. Gallen
Brandy Aven,Carnegie Mellon University
Sheena Iyengar,Columbia University
Mayank Aggarwal,Indian Institute of Management
Anindya S. Chakrabarti,Indian Institute of Management
Pritha Dev,Indian Institute of Management
Mark Patrick Roeling,University of Oxford
Geoff K. Nicholls,University of Oxford
Drazen Cepic,University of Zadar
Zeljka Tonkovic,University of Zadar
Li-Ting Wang,National Taiwan Normal University
Martin G. Everett,University of Manchester
Stephen P. Borgatti,University of Kent
Giorgia Di Tommaso,Sapienza University of Rome
Mauro Gatti,Sapienza University of Rome
Michela Iannotta,Sapienza University of Rome
Ajay Mehra,University of Kent
Giovanni Stilo,University of L'Aquila
Paola Velardi,Sapienza University of Rome
Diliara Valeeva,University of Amsterdam
Eelke M. Heemskerk,University of Amsterdam
Frank W. Takes,University of Amsterdam
Helge Giese,University of Konstanz
F. Marijn Stok,University of Konstanz
Britta Renner,University of Konstanz
Georg Wolff,University of Freiburg
Michael Wältermann,University of Freiburg
Olaf N. Rank,University of Freiburg
Robert W. Krause,Linköping University
Mark Huisman,University of Groningen
Christian Steglich,University of Groningen
Tom A. B. Snijders,University of Groningen
Jeroen Bruggeman,University of Amsterdam
Meredith W. Francis,Case Western Reserve University
Mariarosaria Lombardi,University of Foggia
Antonio Lopolito,University of Foggia
Angela Mariuccia Andriano,University of Foggia
Maurizio Prosperi,University of Foggia
Antonio Stasi,University of Foggia
Enrica Iannuzzi,University of Foggia
Pete Jones,University of Manchester
Eithne Quinn,University of Manchester
Min Fan,Shandong University
Zhulou Cao,Shandong University
Jieting Cheng,Shandong University
Xingqin Qi,Shandong University
Xin Lu 0002,Central South University
Petter Holme,Tokyo Institute of Technology
James A. Coutinho,Swinburne University of Technology
Tomas Diviak,University of Manchester
David A. Bright,Flinders University
Johan H. Koskinen,University of Melbourne
Ting Luo,Manchester Metropolitan University
Yen-Sheng Chiang,Academia Sinica
Yen-Wen Chen,National Taiwan University
Wen-Chi Chuang,National Chengchi University
Chyi-In Wu,Academia Sinica
Chien-Te Wu,National Taiwan University
Francis Lee,University of California - Irvine
Jesper J. Rözer,Dutch Institute for Social Science Research (SCP)
Bas Hofstra,Stanford University
Matthew E. Brashears,University of South Carolina
Beate Volker,Utrecht University
Sze-Chuan Suen,University of Southern California
Milind Tambe,Harvard University
Eric Rice,University of Southern California
Beau Dabbs,Carnegie Mellon University
Samrachana Adhikari,York University
Tracy M. Sweet,University of Maryland - College Park
Isabella Gollini,University College Dublin
Alberto Caimo,Technological University Dublin
Paolo Campana,University of Cambridge
Lukas Norbutas,Utrecht University
Stijn Ruiter,Utrecht University
Rense Corten,Utrecht University
Dali Ma,Drexel University
V. K. Narayanan,Drexel University
ChuanRen Liu,University of Tennessee
Lindsay E. Young,University of Chicago
Arthi Ramachandran,University of Chicago
Phillip Schumm,University of Chicago
Aditya S. Khanna,University of Chicago
John A. Schneider,University of Chicago
Mathijs de Vaan,University of California - Berkeley
Sean M. Fitzhugh,University of California - Irvine
Carter T. Butts,University of California - Irvine
David R. Schaefer,University of California - Irvine
Kimberly M. Davidson,Pennsylvania State University
Dana L. Haynie,Ohio State University
Martin Bouchard 0002,Simon Fraser University
Michele Tumminello,University of Palermo
Salvatore Miccichè,University of Palermo
Kaustav Basu,Arizona State University
Arunabha Sen,Arizona State University
Joshua E. Marineau,Dakota State University
Giuseppe (Joe) Labianca,University of Kent
Adam R. Roth,Indiana University
Siyun Peng,Indiana University
Max E. Coleman,Indiana University
Evan Finley,Indiana University
Brea L. Perry,Indiana University
Antonio D. Sirianni,Dartmouth College
Christopher J. Cameron,Cornell University
Yongren Shi,University of Iowa
Douglas D. Heckathorn,Cornell University
Mathijs Kros,Utrecht University
Eva Jaspers,Utrecht University
Maarten van Zalk,University Osnabrück
Marc A. C. Sarazin,University of Oxford
Patrick Doreian,University of Ljubljana
Andrej Mrvar,University of Ljubljana
Yee Heng Tan,Tokyo International University
Srinivas K. Reddy,Singapore Management University
Isidro Maya Jariego,Sevilla University
Hossein Akbari,Ferdowsi University of Mashhad
Hui-Ju Kuo,National Taiwan University
Yang-chih Fu,Academia Sinica
Ryan W. Quinn,University of Louisville
Wayne E. Baker,University of Michigan
George G. Vega Yon,University of Southern California
Andrew Slaughter,US Army Research Institute for the Behavioral and Social Sciences
Kayla de la Haye,University of Southern California
