name,affiliation,homepage,scholarid
Bin Hu 0001,Lanzhou University,,
Li-Chun Wang 0001,National Chiao Tung University,,
Dusit Niyato,Nanyang Technological University,,
Mohammad Javad Yazdanpanah,University of Tehran,,
Guangmo Tong,University of Delaware,,
Zheng Dong 0002,Wayne State University,,
Xiang Li 0016,Santa Clara University,,
Douglas Adams 0003,University of Arkansas,,
Minghao Zhao 0002,NetEase,,
Andres Felipe Zambrano,Universidad de Los Andes,,
Gilberto Díaz-García,Universidad de Los Andes,,
Luis Felipe Giraldo,Universidad de Los Andes,,
Hugo Gonzalez Villasanti,Ohio State University,,
Monica Tatiana Perdomo,Universidad de Ibagué,,
Jesús María Godoy Bejarano,Universidad de Ibagué,,
Dan Zhang 0001,Zhejiang University of Technology,,
Weishan Zhang,Aarhus University,,
Lu Liu 0001,University of Leicester,,
Vincenzo Piuri,Università degli Studi di Milano,,
Ebin Deni Raj,Indian Institute of information Technology kottayam,,
Gautam Srivastava,Brandon University,,
Shuo Yu,Dalian University of Technology,,
Feng Xia 0001,Federation University Australia,,
Tao Tang 0007,University of Electronic Science and Technology of China,,
Xiaoran Yan,Indiana University Bloomington,,
Ivan Lee,University of South Australia,,
Sijian Lv,Hunan University of Technology and Business,,
Jiahui Chen 0003,Hunan University of Technology and Business,,
Feng Chen 0001,University of Texas at Dallas,,
Jianxin Li 0002,Beihang University,,
Kevin I-Kai Wang,The University of Auckland,,
Laurence T. Yang,St. Francis Xavier University,,
Guangjie Han,Hohai University,,
Lei Shu 0001,Nanjing Agricultural University,,
Yan Jia 0001,National University of Defense Technology,,
Mohsen Guizani,Qatar University,,
Xin Liu 0022,China University of Petroleum (East China),,
Shuai Cao,Anhui University,,
Jiehan Zhou,University of Oulu,,
Shaoxiong Ji,Aalto University,,
Shirui Pan,Monash University,,
Xue Li 0001,University of Queensland,,
Erik Cambria,Nanyang Technological University,,
Guodong Long,University of Technology Sydney,,
Zi Huang,University of Queensland,,
Lianyong Qi,Qufu Normal University,,
Weimin Li,Shanghai University,,
Victor S. Sheng,Texas Tech University,,
Surya Nepal,CSIRO,,
Jun Feng 0007,Huazhong University of Science and Technology,,
Jianfeng Lu 0002,Zhejiang Normal University,,
Zhao Zhang 0002,Zhejiang Normal University,,
Vijay Kumar Mago,Lakehead University,,
Fei-Yue Wang 0001,Chinese Academy of Sciences,,
Xiaolong Zheng 0001,Chinese Academy of Sciences,,
Qingpeng Zhang,City University of Hong Kong,,
Huaiguang Jiang,National Renewable Energy Laboratory,,
Pouria Babvey,Stevens Institute of Technology,,
Jose Emmanuel Ramirez-Marquez,Stevens Institute of Technology,,
Bo Zhang 0004,Shanghai Normal University,,
Aparna Sankaran Srinath,Boise State University,,
Gaby G. Dagher,Boise State University,,
Min Long,Boise State University,,
Yunpeng Xiao,Chongqing University of Posts and Telecommunications,,
Nemi Chandra Rathore,Central University of South Bihar,,
Somanath Tripathy,Indian Institute of Technology Patna,,
Andrea Michienzi,University of Pisa,,
Laura Ricci,University of Pisa,,
Konstantinos Tsitseklis,National Technical University of Athens,,
Vasileios Karyotis,Ionian University,,
Antonia Russo,Università degli Studi Mediterranea di Reggio Calabria,,
Qing Yang 0016,Tongji University,,
Cheng Wang 0001,Tongji University,,
Changjun Jiang,Tongji University,,
Peter Willett 0001,University of Connecticut,,
Yuqi Fan,Hefei University of Technology,,
Weili Wu,The University of Texas at Dallas,,
Ding-Zhu Du,The University of Texas at Dallas,,
Jianrong Tao,NetEase FUXI AI Lab,,
Gang Pan 0001,Zhejiang University,,
Alexander V. Outkin,Sandia National Laboratories,,
Chelsea C. White III,Georgia Institute of Technology,,
Jiangtao Wang,Lancaster University,,
Lei Cui,Deakin University,,
Wenjie Ruan,University of Exeter,,
Shui Yu,University Of Technology Sydney,,
Xiaolong Xu 0001,Nanjing University of Information Science and Technology,,
Debasis Das 0001, Indian Institute of Technology Jodhpur,,
Zhen Wang 0013,Hangzhou Dianzi University,,
Cheng Guo 0001,Dalian University of Technology,,
Weishan Zhang,Aarhus University,,
Rakesh Nagi,University of Illinois at Urbana-Champaign,,
S. P. Raja,Manonmaniam Sundaranar University,,
Maximilian Vierlboeck,Knorr-Bremse,,
Roshanak Nilchiani,Stevens Institute of Technology,,
Bo Liu 0024,Beijing University of Technology,,
Jianqiang Li 0002,Beijing University of Technology,,
Yong Li 0037,Beijing University of Technology,,
MengChu Zhou,New Jersey Institute of Technolgy,,
Brijesh Singh,Indian Institute of Technology Guwahati,,
Pinaki Mitra,Indian Institute of Technology Guwahati,,
Fred Morstatter,University of Southern California,,
Greg Ver Steeg,University of Southern California,,
Aram Galstyan,University of Southern California,,
Yu Gu 0003,University of Science and Technology of China,,
Mianxiong Dong,Muroran Institute of Technology,,
Xiang Zhang 0011,Hefei University of Technology,,
Zhi Liu 0002,Shizuoka University,,
Douglas Adams 0003,University of Arkansas,,
Haibin Zhu,Nipissing University,,
Naiqi Wu,Guangdong University of Technology,,
Raby Hamadi,Stevens Institute of Technology,,
Hakim Ghazzai,Qatar Mobility Innovations Center,,
Hichem Besbes,University of Carthage,,
Yehia Massoud,Stevens Institute of Technology,,
Alex Doboli,Stony Brook University,,
Zhongyuan Jiang,School of Cyber Engineering,,
Hui Li 0005,Xidian University,,
Jianfeng Ma 0001,Xidian University,,
Philip S. Yu,University of Illinois at Chicago,,
Mohammad Ali Manouchehri,Shiraz University of Technology,,
Habibollah Danyali,Shiraz University of Technology,,
Shujuan Ji,Shandong University of Science and Technology,,
Hao Lu 0002,Beijing Institute of Technology,,
Yifan Zhu,Beijing Institute of Technology,,
Chenhan Zhang,Southern University of Science and Technology,,
Chaitanya P. Shivade,Amazon,,
Munindar P. Singh,North Carolina State University,,
Xiao Wang 0002,Chinese Academy of Sciences,,
Tanmoy Chakraborty 0002,Indraprastha Institute of Information Technology Delhi,,
Tim Weninger,University of Notre Dame,,
Kellyton dos Santos Brito,Federal University of Pernambuco,,
Paulo J. L. Adeodato,Federal University of Pernambuco,,
Linyao Yang,Chinese Academy of Sciences,,
Kun Zhu 0001,Nanjing University of Aeronautics and Astronautics,,
Pawan Kumar Verma,GLA University,,
Prateek Agrawal,Lovely Professional University,,
Radu Prodan,University of Klagenfurt,,
Konstantinos Tsitseklis,National Technical University of Athens,,
Vasileios Karyotis,Ionian University,,
Jiawei Chen,Fuzhou University,,
William Zhu,University of Electronic Science and Technology of China,,
Shiping Wang,Fuzhou University,,
Itisha Gupta,Kishan lal public college,,
Nisheeth Joshi,Banasthali Vidyapith,,
Jun Jason Zhang,Wuhan University,,
Guandong Xu,University of Technology Sydney,,
Huan Liu 0001,Arizona State University,,
Muhammad Imran Razzak,University of Technology Sydney,,
Peter W. Eklund,Deakin University,,
De-Nian Yang,Academia Sinica,,
Abderrahim Benslimane,Université d'Avignon et des Pays de Vaucluse,,
Kwang-Cheng Chen,University of South Florida,,
Hossein Rastgoftar,University of Michigan,,
Ella M. Atkins,University of Michigan,,
Ye Li 0002,Chinese Academy of Sciences,,
Yifeng Liu,Hunan University,,
Hao Jiang 0010,Wuhan University,,
Saket Kumar,Amity University,,
Hari Prabhat Gupta,IIT (BHU) Varanasi,,
Tanima Dutta,Indian Institute of Technology Indore,,
Fahad Maqbool,University of Sargodha,,
Sajid Anwar,Institute of Management Sciences,,
Abdallah Tubaishat,Zayed University,,
Babar Shah,Zayed University,,
Jianlong Zhou,University Of Technology Sydney,,
Fang Chen 0001,University of Technology Sydney,,
Prasoon Gupta,National Institute of Technology Jamshedpur,,
Jinman Kim,The University of Sydney,,
Ahsan Shehzad,Air University,,
Giles Oatley,Federation University Australia,,
Masahiro Iwahashi,Nagaoka University of Technology,,
Xin Liu 0022,China University of Petroleum (East China),,
Xiaofeng Jia,University of Maryland School of Medicine,,
Brett Snider,University of Exeter,,
S. Andrew Gadsden,Korea Aerospace Research Institute,,
John Yawney,University of Guelph,,
Poonam Goyal,Birla Institute of Technology and Science,,
Xiao Yang,Shanghai Jiao Tong University,,
Kaoru Ota,Muroran Institute of Technology,,
Haipeng Chen 0001,Dartmouth College,,
Mohammad Taghi Hajiaghayi,University of Maryland at College Park,,
Sarit Kraus,Bar-Ilan University,,
Edoardo Serra,Boise State University,,
Xun Liang 0001,Qufu Normal University,,
Ebrahim Sahafizadeh,Persian Gulf University,,
Behrouz Tork Ladani,University of Isfahan,,
Xiaolin Gui,Xi'an Jiaotong University,,
Yi Pan 0001,Georgia State University,,
Victor C. M. Leung,Shenzhen University,,
Hao Wang 0003,Norwegian University of Science and Technology,,
Wei Wang 0012,Beijing Jiaotong University,,
Mohammad Ehsan Basiri,Shahrekord University,,
Shahla Nemati,Shahrekord University,,
Xujuan Zhou,University of Southern Queensland,,
Gaurav Sharma 0009,Lakehead University,,
Lu Liu 0001,University of Leicester,,
Yan Wu 0009,Jiangsu University,,
John Panneerselvam,University of Derby,,
Roy L. Crole,University of Leicester,,
Changqing Luo,Virginia Commonwealth University,,
Yifan Guo,Case Western Reserve University,,
Qianlong Wang,Towson University,,
Pan Li 0001,Case Western Reserve University,,
Jianqiang Li 0001,Shenzhen University,,
Maoguo Gong,Xidian University,,
Jiejun Hu,Max Planck Institute for Human Development,,
Kun Yang 0001,University of Electronic Science and Technology of China,,
Kezhi Wang,Northumbria University,,
Lichen Zhang 0001,Shaanxi Normal University,,
Xiaoming Wang 0001,Shaanxi Normal University,,
Han Qiu 0001,Telecom-ParisTech,,
Meikang Qiu,Texas A&M University Commerce,,
Zhong Ming 0001,Shenzhen University,,
Yufeng Wang 0001,Nanjing University of Posts and Telecommunications,,
Jing Qiu 0002,Guangzhou University,,
Mohsen Guizani,Qatar University,,
Berat A. Erol,North Carolina Agricultural and Technical State University,,
Abhijit Majumdar,Indian Institute of Technology Delhi,,
Peyman Najafirad,University of Texas at San Antonio,,
Kim-Kwang Raymond Choo,University of Texas at San Antonio,,
Mo M. Jamshidi,University of Texas at San Antonio,,
Jian Xu 0004,Northeastern University,,
Andi Wang,Northeastern University,,
Jun Wu 0001,Shanghai Jiao Tong University,,
Chen Wang 0042,Northeastern University,,
Ruijin Wang,Hangzhou Dianzi University,,
Yan Luo,University of Massachusetts Lowell,,
Marthie Grobler,CSIRO,,
Harshit Srivastava,University of South Florida,,
Ravi Sankar,University of South Florida College of Engineering,,
Xiang Li 0010,Fudan University,,
Abhishek Chakraborty 0002,Indian Institute of Space Science and Technology,,
C. S. Shaijumon,Indian Institute of Space Science and Technology,,
B. S. Manoj 0001,Indian Institute of Space Science and Technology,,
Ying Tang 0001,Rowan University,,
Paolo Bolzern,Polytechnic University of Milan,,
Patrizio Colaneri,Politecnico di Milano,,
Vinicius Cardoso Garcia,Federal University of Pernambuco,,
Silvio Romero de Lemos Meira,Federal University of Pernambuco,,
Manish Bhanu,Indian Institute of Technology Patna,,
Sourav Kumar Dandapat,Indian Institute of Technology Patna,,
Kripabandhu Ghosh,Tata Consultancy Services (India),,
Min Jiang 0005,Xiamen University,,
Koyel Chakraborty,Supreme Knowledge Foundation Group of Institutions,,
Siddhartha Bhattacharyya,Christ University,,
Rohit Verma,Indian Institute of Technology Kharagpur,,
Aviral Shrivastava,Arizona State University,,
Subrata Nandi,KL University,,
Sandip Chakraborty,IIT Kharagpur,,
Aymen Hamrouni,Stevens Institute of Technology,,
Hakim Ghazzai,Qatar Mobility Innovations Center,,
Yehia Massoud,Stevens Institute of Technology,,
Ameer Hamza Khan,Hong Kong Polytechnic University,,
Shuai Li 0002,Hong Kong Polytechnic University,,
Lei Wang 0134,Dalian University of Technology,,
Bo Xu 0008,Dalian University of Technology,,
Jianxin Li 0001,Deakin University,,
Wei Luo 0001,Deakin University,,
Wen Zhang 0001,Beijing University of Chemical Technology,,
Xiang Li 0006,Aberystwyth University,,
Qian Li 0009,Beijing University of Posts and Telecommunications,,
Kuai Xu,Arizona State University,,
Feng Wang 0002,Arizona State University,,
Ying Zhang 0001,University of Technology Sydney,,
Jun Jason Zhang,Wuhan University,,
Guanjun Liu,Tongji University,,
Changjun Jiang,Tongji University,,
Ahmed Al Marouf,Daffodil International University,,
Hasan Mahmud,Islamic University of Technology,,
Mark H. Chignell,University of Toronto,,
Quoc Van Tran,Gwangju Institute of Science and Technology,,
Minh Hoang Trinh,Hanoi University of Science and Technology,,
Mengbin Ye,Curtin University,,
Ji Liu 0001,Stony Brook University,,
Kevin L. Moore 0001,Colorado School of Mines,,
Ken Barker 0001,University of Calgary,,
Zhipeng Zhang,Liaoning Normal University,,
Linyao Yang,Chinese Academy of Sciences,,
Min Zhou 0003,Beijing Jiaotong University,,
Wei Du 0004,Xi'an Jiaotong University,,
Thomas F. Stafford,Louisiana Tech University,,
Gabriel A. Wainer,Carleton University,,
Aayush Aggarwal,Indraprastha Institute of Information Technology,,
Tanmoy Chakraborty 0002,Indraprastha Institute of Information Technology Delhi,,
Ravi S. Kudesia,Temple University,,
Hans Rudolf Heinimann,ETH-Rat,,
Yuhua Li 0003,Huazhong University of Science and Technology,,
Debaditya Barman,Visva-Bharati University,,
Nirmalya Chowdhury,Jadavpur University Faculty of Engineering and Technology,,
Ping Zhao,Donghua University,,
Tasos Dagiuklas,London South Bank University,,
Shahid Mumtaz,Universidade de Aveiro,,
James H. Liu,Massey University,,
Rodrigo Santibáñez,University of California - San Diego,,
Tomas Pérez-Acle,Universidad San Sebastian,,
Zhi-Jie Wang 0009,Chongqing University,,
Wattana Viriyasitavat,Chulalongkorn University,,
Z. M. Bi 0001,Shanghai University,,
Qi-dong Liu,Nanyang Technological University,,
Cheng Long,Nanyang Technological University,,
Sudhanshu Kumar 0002,Indian Institute of Technology,,
Kanjar De,Indian Institute of Technology,,
Partha Pratim Roy 0001,Indian Institute of Technology,,
Xiaoqin Zhang 0001,University of Massachusetts at Dartmouth,,
Bo An 0001,Nanyang Technological University,,
Zheng Yu,Princeton University,,
Amitava Datta,The University of Western Australia,,
Du Q. Huynh,The University of Western Australia,,
Ping-En Lu,National Tsing Hua University,,
Yang Chen 0001,Fudan University,,
Yu Xiao 0001,Aalto University,,
Pan Hui 0001,University of Helsinki,,
Yingjie Wang 0002,Yantai University,,
Zhipeng Cai 0001,Georgia State University,,
Zhi-Hui Zhan,South China University of Technology,,
Qi Kang,Tongji University,,
Yi Liu 0024,Zhejiang University of Technology,,
Yidong Li,Beijing Jiaotong University,,
Abdel-Fattah Attia,Kafrelsheikh University,,
Mohamed E. Abd Elaziz,Zagazig University,,
Aboul Ella Hassanien,Cairo University,,
Ragab A. El-Sehiemy,Kafrelsheikh University,,
Virginia Dignum,TU Delft,,
Catholijn M. Jonker,TU Delft,,
Shajulin Benedict,Indian Institute of Information Technology Kottayam,,
Gulshan Shrivastava,Sharda University,,
Rudra Pratap Ojha,Galgotias University,,
Gautam Srivastava,Brandon University,,
Sriparna Saha 0001,Indian Institute of Technology Patna,,
Pushpak Bhattacharyya,Indian Institute of Technology,,
Wenguo Yang,University of Chinese Academy of Sciences,,
Yi Li 0030,University of Texas at Tyler,,
Koteswar Rao Jerripothula,Indraprastha Institute of Information Technology Delhi,,
Kun He 0001,Huazhong University of Science and Technology,,
Haibin Zhu,Nipissing University,,
Ke Gu,Changsha University of Science and Technology,,
Weijia Jia 0001,University of Macau,,
Raksha Pavagada Subbanarasimha,International Institute of Information Technology,,
Changjun Jiang,Tongji University,,
Maozhen Li,Brunel University London,,
Ken Barker 0001,University of Calgary,,
Isao Yagi,Kogakuin University,,
Takanobu Mizuta,"SPARX Asset Management Co., Ltd.",,
Hugo Gonzalez Villasanti,Ohio State University,,
Ke Zeng 0001,Chinese Academy of Sciences,,
Lingxi Li,Indiana University-Purdue University Indianapolis,,
Samya Muhuri,Bennett University,,
Susanta Chakraborty,Indian Institute of Engineering Science and Technology,,
Sanjit Kumar Setua,Calcutta University,,
Ryan Wen Liu,Wuhan University of Technology,,
Wei Jing,Institute of High Performance Computing,,
V. S. Subrahmanian,University of Maryland,,
Qi Luo,Shandong University,,
Dongxiao Yu,Shandong University,,
Xiuzhen Cheng,George Washington University,,
Jiguo Yu,Qilu University of Technology,,
Mayank Singh 0001,Indian Institute of Technology,,
Dusko Pavlovic,University of Hawaii,,
Xiaoyang Liu 0001,Chongqing University of Technology,,
Damian A. Tamburri,VU University Amsterdam,,
Kazumasa Oida,Fukuoka Institute of Technology,,
Jia Wang,Northeastern University at Qinhuangdao,,
Xiwang Guo,Liaoning Shihua University,,
Liang Qi,Shandong University of Science and Technology,,
Marakkalage S. Hasala,Singapore University of Technology and Design,,
Serhad Sarica,Singapore University of Technology and Design,,
Balasubramaniam Thirunavukarasu,Queensland University of Technology,,
Chau Yuen,Singapore University of Technology and Design,,
Jianxi Luo,Singapore University of Technology and Design,,
Richi Nayak,Queensland University of Technology,,
Leonardo Maccari,Ca' Foscari University of Venice,,
Wenguo Yang,University of Chinese Academy of Sciences,,
Jing Yuan 0002,University of Texas at Dallas,,
Ding-Zhu Du,University of Texas at Dallas,,
Kenji Saito,Waseda University,,
Fatima K. Abu Salem,American University of Beirut,,
Mohamad Jaber 0001,American University of Beirut,,
Chadi Abdallah,National Council for Scientific Research,,
Sara Najem,American University of Beirut,,
John Korah,Illinois Institute of Technology,,
David Reitter,Pennsylvania State University University Park,,
Wei Wei 0006,Xi'an University of Technology,,
Shuai Liu 0002,Hunan Normal University,,
Wenjia Li,New York Institute of Technology,,
Nan Niu,University of Cincinnati,,
Wentao Wang 0003,University of Cincinnati,,
Ying Tang 0001,Rowan University,,
Xiwei Liu,Tongji University,,
Shaurya Agarwal,University of Central Florida,,
Soumya K. Ghosh 0001,Indian Institute of Technology Kharagpur,,
Chi Zhang,Xi'an Jiaotong University,,
Nanning Zheng 0001,Xian Jiaotong University,,
Li Li 0013,Tsinghua University,,
Han Liu 0002,Cardiff University,,
Matthew L. Williams,Cardiff University,,
Wynn C. Stirling,Brigham Young University,,
David Ben-Arieh,Kansas State University,,
Chih-Hang Wu,Kansas State University,,
Yuan Yuan 0012,Guilin University of Electronic Technology,,
Liang Chang 0003,Guilin University of Electronic Technology,,
Yuhang Jiao 0001,Central University of Finance and Economics,,
Wei Wang 0077,University of Macau,,
Jiaying Liu 0006,Dalian University of Technology,,
Xiangjie Kong 0001,Zhejiang University of Technology,,
Dixon Vimalajeewa,Waterford Institute of Technology,,
Sasitharan Balasubramaniam,Tampere University of Technology,,
Chamil Kulatunga,Waterford Institute of Technology,,
Donagh Berry,University College Cork National University of Ireland,,
Liangyun Liu,Institute of Remote Sensing and Digital Earth Chinese Academy of Sciences,,
Ming Xu 0008,Tsinghua University,,
Bin Wu 0001,Beijing University of Posts and Telecommunications,,
Gerardo I. Simari,University of Oxford,,
Pei Lv,Zhengzhou University,,
Jian Li 0032,Tongji University,,
Renaud Lambiotte,University of Oxford,,
Wenguo Yang,University of Chinese Academy of Sciences,,
Deying Li 0001,Renmin University of China,,
Shiping Wang,Fuzhou University,,
Jinyu Cai,Fuzhou University,,
Wenzhong Guo,Fuzhou University,,
Ning Cai 0002,Northwest University for Nationalities,,
Chen Diao,Lanzhou University of Technology,,
Rung Ching Chen,Chaoyang University of Technology,,
Hendry,Satya Wacana Christian University,,
Joarder Kamruzzaman,Federation University Australia,,
Min Zhou 0003,Beijing Jiaotong University,,
Yu Luo 0003,University of Delaware,,
Garud Iyengar,Columbia University,,
Xiaonan Wang 0001,Changshu Institute of Technology,,
Stamatios Giannoulakis,Cyprus University of Technology,,
Nicolas Tsapatsoulis,Cyprus University of Technology,,
Kripabandhu Ghosh,Tata Consultancy Services,,
Saptarshi Ghosh 0001,Indian Institute of Technology Kharagpur,,
Issa Annamoradnejad,Sharif University of Technology,,
Bo Yang 0034,Tongji University,,
Yun Feng,City University of Hong Kong,,
Bing-Chuan Wang,City University of Hong Kong,,
Yucheng Dong,Sichuan University,,
Krishna P. Gummadi,Max Planck Institute for Software Systems,,
Wenyi Tang,University of Electronic Science and Technology of China,,
Guangchun Luo,University of Electronic Science and Technology of China,,
Yubao Wu,Georgia State University,,
Antonio L. Alfeo,University of Pisa,,
Mario G. C. A. Cimino,University of Pisa,,
Alex Pentland,Massachusetts Institute of Technology,,
Gigliola Vaglini,University of Pisa,,
Wattana Viriyasitavat,Chulalongkorn University,,
Madhuri Siddula,North Carolina Agricultural and Technical State University,,
Yingshu Li,Georgia State University,,
Xiuzhen Cheng,George Washington University,,
Zhi Tian,George Mason University,,
Gang Xiong 0001,Chinese Academy of Sciences,,
Amir Ebrahimi Fard,TU Delft,,
Majid Mohammadi 0001,TU Delft,,
Bartel A. Van de Walle,TU Delft,,
Pramod K. Varshney,Syracuse University,,
Tapan Chowdhury,Techno Main Salt Lake,,
Shuai Wang 0005,hinese Academy of Sciences,,
Geyong Min,University of Exeter,,
Chen Wang 0011,Huazhong University of Science and Technology,,
Kai Peng 0001,Huazhong University of Science and Technology,,
Kathleen M. Carley,Carnegie Mellon University,,
Kai Ma 0003,Dalian University of Technology,,
Hongwei Du 0001,Harbin Institute of Technology,,
Pawan Goyal 0002,Indian Institute of Technology,,
Muhammad Imran 0002,Qatar Computing Research institute,,
Quanbo Zha,Chongqing University,,
Anura P. Jayasumana,Colorado State University,,
S. Sitharama Iyengar,Florida International University,,
Tao Li 0001,Nanjing University of Posts and Telecommunications,,
Lu Liu 0001,University of Leicester,,
Yan Wu 0009,Jiangsu University,,
Haider Ali 0001,University of Derby,,
John Panneerselvam,University of Derby,,
Ruiyun Yu,Northeastern University,,
Qiang He 0001,Swinburne University of Technology,,
Feifei Chen 0001,Deakin University,,
Xiaolong Xu 0001,Nanjing University of Information Science and Technology,,
Huan Liu 0001,Arizona State University,,
Hongning Dai,Lingnan University,,
Ata Ullah,National University of Modern Languages,,
Rui Wang 0038,University of Science and Technology Beijing,,
Yi Chen 0011,Huazhong University of Science and Technology,,
Li Yu 0003,Huazhong University of Science and Technology,,
Hongjun Wang 0002,Southwest Jiaotong University,,
Tianrui Li 0001,Southwest Jiaotong University,,
Bo Zhang 0004,Shanghai Normal University,,
Debaditya Barman,Visva-Bharati University,,
Nirmalya Chowdhury,Jadavpur University Faculty of Engineering and Technolog,,
Tiantian Chen,The University of Texas at Dallas,,
Naveen Saini,Woosong University,,
Sriparna Saha 0001,Indian Institute of Technology Patna,,
Ryan Sequeira,Engineering Indian Institute of Technology Patna,,
Andrea De Salve,Consiglio Nazionale delle Ricerche,,
Paolo Mori,Consiglio Nazionale delle Ricerche,,
Laura Ricci,University of Pisa,,
Yi Chen 0001,New Jersey Institute of Technology,,
Rodrigo Nicolau Almeida,4H-CREAT,,
Nuno David,ISCTE-Instituto Universitário de Lisboa,,
Wattana Viriyasitavat,Chulalongkorn University,,
Sanghamitra Bandyopadhyay,Indian Statistical Institute,,
Qiang Zhang,Northwest Normal University,,
Adriana Iamnitchi,University of South Florida,,
Danupol Hoonsopon,Chulalongkorn University,,
Erwu Liu,Tongji University,,
Jiqiang Liu,Beijing Jiaotong University,,
Zonghua Zhang,Huawei France Research Center,,
Wei Wang 0012,Beijing Jiaotong University,,
Yongping Zhang,Beihang University,,
Xiwei Xu,CSIRO,,
Qinghua Lu 0001,CSIRO,,
Fei Tao,Beihang University,,
Zhenyu Zhou,North China Electric Power University,,
Jianhua Li 0001,Shanghai Jiao Tong University,,
Xiaolong Xu 0001,Nanjing University of Information Science and Technology,,
Jie Zhang 0053,Nanjing University,,
Yufeng Yao,University of the West of England,,
Reza Parsamehr,Instituto de Telecomunicações Campus Universitário de Santiago,,
Alireza Esfahani,Instituto de Telecomunicações,,
Ayman Radwan,Instituto de Telecomunicações Campus Universitário de Santiago,,
Jonathan Rodriguez 0001, Instituto de Telecomunicações,,
Poonam Yadav,University of York,,
Jeremy Cohen,Imperial College London,,
John Darlington,Imperial College London,,
José Aguilar 0001,Universidad de Los Andes,,
Shou-De Lin,National Taiwan University,,
Andrea Tagarelli,University of Calabria,,
Sarbani Roy,Jadavpur University,,
Congyu Wu,University of Texas at Austin,,
Yang Xing,Cranfield University,,
Chen Lv,Nanyang Technological University,,
Xiaoxiang Na,University of Cambridge,,
Dongpu Cao,University of Waterloo,,
Efstathios Velenis,Cranfield University,,
Alun D. Preece,Cardiff University,,
Irena Spasic,Cardiff University,,
Kieran Evans,Cardiff University,,
William M. Webberley,Cardiff University,,
Ken Barker 0001,University of Calgary,,
Wanjiun Liao,National Taiwan University,,
Aixin Sun,Nanyang Technological University,,
Eugene Santos Jr.,Dartmouth College,,
Jeremy E. Thompson,Air Force Institute of Technology,,
Yan Zhao 0005,Dartmouth College,,
Yu Luo 0003,University of Delaware,,
Garud Iyengar,"Columbia University,",,
Victor R. L. Shen,National Taipei University,,
Arye Nehorai,Washington University in St. Louis,,
Angelo Sifaleras,Hellenic Open University,,
Shuo Liu 0005,Ministry of Public Security,,
Vasileios Karyotis,Ionian University,,
Rongsheng Dong,Guilin University of Electronic Technology,,
Ashutosh Trivedi 0002,Spext,,
Shrisha Rao,International Institute of Information Technology,,
Wayes Tushar,University of Queensland,,
David B. Smith 0001,CSIRO,,
Tapan Kumar Saha,CSIRO,,
Chunming Rong,University of Stavanger,,
Marcin Grzegorzek,University of Siegen,,
Ji Li 0007,Georgia State University,,
Yingshu Li,Georgia State University,,
John C. S. Lui,Chinese University of Hong Kong,,
Amit Bhaya,University of California - Berkeley,,
Keith C. C. Chan,Hong Kong Polytechnic University,,
Carol Xiaojuan Ou,Tilburg University,,
Ashish Sharma 0004,IIT Kharagpur,,
My T. Thai,University of Florida,,
Haohan Wang,Carnegie Mellon University,,
Wei Wang 0088,Huazhong University of Science and Technology,,
Kamal Taha,Khalifa University,,
Mingming Zhou,University of Macau,,
Vladimir Filkov,University of California - Davis,,
Dinesh Kumar Saini,Manipal University,,
Muhammad Arshad 0001,Sohar University,,
Alois Ferscha,Johannes Kepler University of Linz,,
Amitava Datta,The University of Western Australia,,
Petros A. Ioannou,University of Southern California,,
Miguel Ángel Sotelo,University of Alcala,,
Yalin E. Sagduyu,Intelligent Automation Inc,,
Yi Shi 0001,Intelligent Automation Inc.,,
Alon Sela,Ariel University,,
Erez Shmueli,Tel Aviv University,,
Lipo Wang,Nanyang Technological University,,
Jie Zhang 0002,Nanyang Technological University,,
Wenjia Li,New York Institute of Technology,,
Zhiyong Feng 0002,Tianjin University,,
Wanlei Zhou,City of University City,,
Dominic DiFranzo,Lehigh University,,
James A. Hendler,Rensselaer Polytechnic Institute,,
Animesh Mukherjee 0001,Indian Institute of Technology,,
Suman Kundu,IIT Jodhpur,,
Sankar K. Pal,Indian Statistical Institute,,
Feng Wang 0020,Fujian Normal University,,
Li Xu 0002,Fujian Normal University,,
Boleslaw K. Szymanski,Rensselaer Polytechnic Institute,,
Chengwen Luo 0001,Shenzhen University,,
Jianqiang Li 0001,Shenzhen University,,
Wei Li 0058,University of Sydney,,
Zhong Ming 0001,Shenzhen University,,
Albert Y. Zomaya,University of Sydney,,
Gary An,University of Vermont,,
Michael H. Smith,University of California - Berkeley,,
Palash Goyal,Samsung Research America,,
Aram Galstyan,University of Southern California,,
Xiaonan Wang 0001,Changshu Institute of Technology,,
Xingwei Wang 0001,Northeastern University,,
Victor O. K. Li,University of Hong Kong,,
Qiqi Shuai,University of Hong Kong,,
Tianyu Qiu,Hong Kong University of Science and Technology,,
Jie Zhang 0002,Nanyang Technological University,,
Shuo Chen 0006,Nanyang Technological University,,
Tianchong Gao,Purdue University,,
Feng Li 0001,Indiana University,,
Min Zhou 0003,Beijing Jiaotong University,,
Bin Ning,Hubei University of Arts and Science,,
Christopher C. Yang,Drexel University,,
Tim Weninger,University of Notre Dame,,
Svitlana Volkova,Johns Hopkins University,,
Ankan Mullick,Microsoft India R&D Pvt Ltd,,
Pawan Goyal 0002,Indian Institute of Technology,,
Manish Gupta 0001,Microsoft India R&D,,
Tanmoy Chakraborty 0002,Indraprastha Institute of Information Technology Delhi,,
Wesley L. Kaizer,Universidade Estadual do Oeste do Paraná,,
Galante Guilherme,Western Paraná State University,,
Flávio Codeço Coelho,Getulio Vargas Foundation,,
Wei Chen 0001,Zhejiang University,,
Ross Maciejewski,Arizona State University,,
Liang Chang 0003,Guilin University of Electronic Technology,,
Guoqiang Li 0001,Shanghai Jiao Tong University,,
Nan Niu,University of Cincinnati,,
Wentao Wang 0003,University of Cincinnati,,
Hao Jiang 0010,Wuhan University,,
Xianlong Zhao,Beijing Smart Chip Microelectronics Company Limited,,
Bo Zhou 0001,Liverpool John Moores University,,
Stephen Tang 0001,Liverpool John Moores University,,
Po Yang 0001,University of Sheffield,,
Qiang Yang 0004,Zhejiang University,,
Chao Liang,Wuhan University,,
Hongwei Wang 0004,Stanford University,,
Hao Ding 0006,Oath Inc.,,
Yong Liu 0013,New York University,,
Munindar P. Singh,North Carolina State University,,
Sang Peter Chin,Johns Hopkins University,,
Yuqing Zhu 0002,California State University Los Angeles,,
Rami Puzis,Ben-Gurion University of the Negev,,
Aviad Elyashar,Ben-Gurion University of the Negev,,
Yuval Elovici,Ben-Gurion University of the Negev,,
Keith Paarporn,Georgia Institute of Technology,,
Jeff S. Shamma,University of Illinois at Urbana-Champaign,,
Denis Gracanin,Virginia Tech,,
Hicham G. Elmongui,Alexandria University,,
Yuan Liu 0002,Northeastern University,,
Quanyan Zhu,New York University,,
Xingwei Wang 0001,Northeastern University,,
Daniel Dajun Zeng,University of Arizona,,
Tim Weninger,University of Notre Dame,,
Makoto Nakatsuji,Kyoto University,,
James A. Hendler,Rensselaer Polytechnic Institute,,
Yansen Su,Anhui University,,
Linqiang Pan,Huazhong University of Science and Technology,,
Haifeng Zhang 0003,Anhui University,,
Sudip Misra,Indian Institute of Technology Kharagpur,,
Zhe Liu 0002,IBM Almaden Research Center,,
Bernard J. Jansen,Qatar Computing Research institute,,
Chao Chen 0015,Swinburne University of Technology,,
Jun Zhang 0010,Swinburne University of Technology,,
Yi Xie 0002,Sun Yat-Sen University,,
Yang Xiang 0001,Swinburne University of Technology,,
Kevin S. Xu 0001,University of Toledo,,
Dongwon Lee 0001,Pennsylvania State University,,
Nathaniel D. Osgood,University of Saskatchewan,,
Yang Liu 0046,New Jersey Institute of Technology,,
Qing Ping,Drexel University,,
Edward H. Ip,Wake Forest School of Medicine,,
John Yen,Pennsylvania State University,,
Vasant G. Honavar,Pennsylvania State University,,
Rakesh Nagi,University of Illinois at Urbana-Champaign,,
Mehwish Nasim,University of Adelaide,,
Ulrik Brandes,ETH Zurich,,
Ujjwal Maulik,Jadavpur University,,
Camellia Sarkar,Institute of Biological Psychiatry,,
James Miller 0001,University of Alberta,,
Kuan Zhang,University of Nebraska-Lincoln,,
Rongxing Lu,University of New Brunswick,,
Xuemin Shen,University of Waterloo,,
Li Lu 0001,University of Electronic Science and Technology of China,,
Majed A. AlRubaian,King Saud University,,
Huan Zhou 0002,China Three Gorges University,,
Jiming Chen 0001,Zhejiang University,,
Zheng Yan 0002,Xidian University,,
Prem Prakash Jayaraman,Swinburne University of Technology,,
Zahraa Said Abdallah,University of Bristol,,
Shonali Krishnaswamy,Monash University,,
Arkady B. Zaslavsky,Deakin University,,
Hiroki Nishiyama 0001,Tohoku University,,
Nei Kato,Tohoku University,,
He Li 0001,Muroran Institute of Technology,,
Yang Liu 0064,Carnegie Mellon University,,
Yuan Zhang 0006,University of Electronic Science and Technology of China,,
Hongwei Li 0001,University of Electronic Science and Technology of China,,
Charith Perera,Cardiff University,,
Dumidu S. Talagala,University of Surrey,,
Chi Harold Liu,Beijing Institute of Technology,,
Julio Cezar Estrella,University of Sao Paulo,,
Nikos Tziritas,University of Thessaly,,
Cheng-Zhong Xu 0001,University of Macau,,
George Cybenko,Dartmouth College,,
Vikram Krishnamurthy,Cornell University,,
H. Vincent Poor,Princeton University,,
Erez Shmueli,Tel Aviv University,,
Vivek K. Singh,Rutgers University New Brunswick,,
Richard F. Deckro,Air Force Institute of Technology,,
Matthew J. Robbins,Air Force Institute of Technology,,
Boleslaw K. Szymanski,Rensselaer Polytechnic Institute,,
Greg Ver Steeg,University of Southern California,,
Aram Galstyan,University of Southern California,,
Alexander G. Tartakovsky,Moscow Institute of Physics and Technology,,
Claudia Wagner,GESIS,,
Philipp Singer,GESIS,,
Markus Strohmaier,RWTH Aachen University,,
Bernardo A. Huberman,Hewlett Packard Enterprise Labs,,
Nuria Oliver,Vodafone,,
Amos Azaria,Ariel University,,
Sarit Kraus,Bar-Ilan University,,
Jure Leskovec,Stanford University,,
Eric Horvitz,Microsoft Research,,
Vikram Krishnamurthy,University of British Columbia,,
William Whoiles,University of California - Los Angeles,,
Francesca Spezzano,Boise State University,,
Pamela J. Wisniewski,The University of Central Florida,,
Milad Mirbabaie,University of Duisburg-Essen,,
Sandeep Purao,Pennsylvania State University,,
David J. Yates,University of Massachusetts Amherst,,
Benjamin Cowley 0001,University of Helsinki,,
Mikko Salminen,Aalto University,,
Giulio Jacucci,University of Helsinki,,
Juho Hamari,Tampere University,,
Niklas Ravaja,University of Helsinki,,
Kathryn B. Laskey,George Mason University,,
Kurt Luther,Virginia Tech,,
Andrea L. Kavanaugh,Virginia Tech,,
Wendy Moncur,University Of Strathclyde,,
Peter M. Krafft,University of Oxford,,
Horacio Saggion,Pompeu Fabra University,,
Amit P. Sheth,University of South Carolina,,
Andreas Hotho,University of Würzburg,,
Yunhe Feng,University of Washington,,
Zheng Lu 0005,University of Tennessee,,
Wenjun Zhou 0001,University of Tennessee,,
Taesik Gong,KAIST,,
Kyungsik Han,Ajou University,,
Susan C. Herring,Indiana University,,
Sharon Goldwater,University of Edinburgh,,
Hengwei Zhang,Zhengzhou University,,
Ruocheng Guo,Arizona State University,,
Ian D. Wood,Macquarie University,,
Paul Buitelaar,National University of Ireland,,
Mohammad Al-Ramahi,Texas A&M University,,
Cherie Noteboom,Dakota State University,,
Lidong Bing,Machine Intelligence Technology,,
Yan Zhang 0004,Peking University,,
Sajedul Rahim Talukder,Southern Illinois University,,
Roland Holten,Goethe University of Frankfurt,,
Pedro O. S. Vaz de Melo,Federal University of Minas Gerais,,
Pamela J. Wisniewski,The University of Central Florida,,
Zahra Ashktorab,University of Maryland - College Park,,
Jessica Vitak,University of Maryland - College Park,,
Einat Minkov,Carnegie Mellon University,,
Salvador Ruiz-Correa,Instituto Potosino de Investigación Científica y Tecnológica A.C,,
Gianluca Demartini,University of Queensland,,
Philippe Cudré-Mauroux,University of Fribourg,,
Roman Kern,Know Center,,
Denis Helic,Graz University of Technology,,
John O'Donovan,University of California - Santa Barbara,,
Sibel Adali,Rensselaer Polytechnic Institute,,
Elena Paslaru Bontas Simperl,University of Southampton,,
Qunfang Wu,Nanjing University of Aeronautics and Astronautics,,
Yun Huang 0003,University of Illinois at Urbana-Champaign,,
Fabian Flöck,GESIS,,
Falk Scholer,RMIT University,,
Mark Sanderson,RMIT University,,
Yla R. Tausczik,University of Maryland,,
Chris J. Lintott,ZOONIVERSE,,
Matteo Magnani,Uppsala University,,
Davide Vega,Universitat Politècnica de Catalunya,,
Luca Rossi 0003,IT University of Copenhagen,,
Irina Shklovski,IT University of Copenhagen,,
Yoram M. Kalman,Open University of Israel,,
Abdur Forkan,Swinburne University of Technology,,
Prem Prakash Jayaraman,Swinburne University of Technology,,
Marika Cifor,University of Washington,,
Matthew Baucum,University of Tennessee Knoxville,,
Richard S. John,University of Southern California,,
Kevin Crowston,Syracuse University,,
Heinz Schmitz,Trier University of Applied Sciences,,
Ioanna Lykourentzou,Utrecht University,,
Peter Tolmie,University of Siegen,,
Maria Liakata,University of Warwick,,
Arkaitz Zubiaga,Queen Mary University of London,,
Aristides Gionis,Aalto University,,
Michael Mathioudakis,University of Helsinki,,
Weichen Liu,Nanyang Technological University,,
Fred Morstatter,University of Southern California,,
Liang Wu 0006,Arizona State University,,
Huan Liu 0001,Arizona State University,,
Elena Paslaru Bontas Simperl,University of Southampton,,
Christopher Phethean,University of Southampton,,
Ramine Tinati,University of Southampton,,
Shenghua Liu,Chinese Academy of Sciences,,
Robert E. Kraut,Carnegie Mellon University,,
Lionel P. Robert Jr.,University of Michigan,,
Andrea Forte,Drexel University,,
Claudia Müller 0002,University of Siegen,,
Michael Prilla,TU Clausthal,,
Adriana S. Vivacqua,Federal University of Rio de Janeiro,,
Pernille Bjørn,"IT University of Copenhagen,",,
Elisa Bertino,Purdue University,,
Gang Wang 0011,University of Illinois at Urbana-Champaign,,
Salvador Ruiz-Correa,Instituto Potosino de Investigación Científica y Tecnológica A.C,,
Susan Gasson,Drexel University,,
Yubo Kou,Pennsylvania State University,,
Colin M. Gray,Purdue University,,
Austin Toombs,Purdue University,,
Sean M. Fitzhugh,University of California - Irvine,,
Carter T. Butts,University of California - Irvine,,
Martin Bouchard 0002,Simon Fraser University,,
Michele Tumminello,University of Palermo,,
Salvatore Miccichè,University of Palermo,,
Arunabha Sen,Arizona State University,,
Joshua E. Marineau,North Dakota State University,,
Giuseppe (Joe) Labianca,University of Exeter,,
Antonio D. Sirianni,Cornell University,,
Andrej Mrvar,University of Ljubljana,,
Isidro Maya Jariego,Universidad de Sevilla,,
Hossein Akbari,Shahid Rajaee Teacher Training University,,
Yang-chih Fu,Academia Sinica,,
George G. Vega Yon,University of Southern California,,
An Zeng,Beijing Normal University,,
Ying Fan 0001,Beijing Normal University,,
Florian Cafiero,Sciences Po,,
András Vörös 0002,ETH Zurich,,
Timon Elmer,University of Groningen,,
Abel Rodríguez,University of Washington,,
John M. Roberts Jr.,University of Wisconsin-Milwaukee,,
Matthew A. Peeples,Arizona State University,,
Peng Wang 0002,Swinburne University of Technology,,
Betina Hollstein,University of Bremen,,
Noah E. Friedkin,University of California - Santa Barbara,,
Anton V. Proskurnikov,University of Groningen,,
Francesco Bullo,University of California - Santa Barbara,,
Marshall Scott Poole,University of Illinois at Urbana Champaign,,
Visar Berisha,Arizona State University,,
Tobias H. Stark,Utrecht University,,
David A. Bright,Deakin University,,
Andreea I. Alecu,Oslo Metropolitan University,,
William P. Eveland,The Ohio State University,,
Gregory Lee Phillips II,Northwestern University Feinberg School of Medicine,,
Noshir S. Contractor,Northwestern University,,
Bernie Hogan,University of Oxford,,
Lorien Jasny,University of Exeter,,
Matthew Hamilton,The Ohio State University,,
Derric Jacobs,Portland State University,,
Angela M. Guerrero,University of Bristol,,
Fruzsina Albert,Semmelweis Egyetem,,
Júlia Koltai,Centre for Social Sciences,,
Diego F. Leal,University of South Carolina,,
Wolfgang Munar,George Washington University,,
Nicholas A. Christakis,Yale University,,
Jürgen Pfeffer,Technical University Munich,,
Jürgen Lerner,University of Konstanz,,
Alessandro Lomi,Università della Svizzera Italiana,,
Neil Rollings,University of Glasgow,,
Mark Tranmer,University of Glasgow,,
Nicholas M. Harrigan,Macquarie University,,
Stephen P. Borgatti,University of Kentucky,,
Dorottya Kisfalusi,Centre for Social Sciences,,
Thomas U. Grund,University College Dublin,,
Christian Steglich,University of Groningen,,
René Veenstra,Rijksuniversiteit Groningen,,
Rosa Figueiredo 0001,Avignon University,,
Miin-Shen Yang,Chung Yuan Christian University,,
Károly Takács,Linköping University,,
Jacob Hileman,Stockholm Resilience Centre,,
Seunghoo Lim,International University of Japan,,
Andrew Parker 0003,University of Exeter,,
Shira Offer,Bar-Ilan University,,
Skyler J. Cranmer,Ohio State University,,
Bruce A. Desmarais,Pennsylvania State University,,
Sabine De Moor,Universiteit Gent,,
Christophe Vandeviver,Universiteit Gent,,
Cohen R. Simpson,University of Oxford,,
Carl Nordlund,Linköping university,,
Taha Yasseri,University of Oxford,,
Ales Ziberna,University of Ljubljana,,
Xi Zou,Hohai University,,
Martin G. Everett,The University of Manchester,,
Frank W. Takes,Universiteit van Amsterdam,,
Britta Renner,University of Konstanz,,
Mark Huisman,University of Groningen,,
Tom A. B. Snijders,University of Oxford,,
Jeroen Bruggeman,University of Amsterdam,,
Eithne Quinn,The University of Manchester,,
Johan H. Koskinen,University of Melbourne,,
Xin Lu 0002,National University of Defense Technology,,
Chien-Te Wu,University of Tokyo,,
Matthew E. Brashears,University of South Carolina,,
Milind Tambe,University of Southern California,,
Samrachana Adhikari,NYU Langone Health,,
Alberto Caimo,Technological University Dublin,,
Stijn Ruiter,Utrecht University,,
Rense Corten,Utrecht University,,
Ion Georgiou,Fundação Getúlio Vargas,,
Phillip Schumm,University of Chicago,,
Lin Tao,City University of Hong Kong,,
Francesco Calderoni,Università Cattolica del Sacro Cuore,,
Anna Torriero,Università Cattolica del Sacro Cuore,,
Brian Rubineau,McGill University,,
Michael Bosnjak,Leibniz-Institute for Psychology Information,,
Miranda J. Lubbers,Autonomous University of Barcelona,,
Hugo Valenzuela-García,Universitat Autònoma de Barcelona,,
Michael J. Brusco,Florida State University,,
Vincent Buskens,Universiteit Utrecht,,
George Berry,Cornell University,,
Michael W. Macy,Cornell University,,
Daniele Mascia,Libera Università Internazionale degli Studi Sociali Guido Carli,,
Roy Gava,University of Geneva,,
László Lorincz,Hungarian Academy of Sciences,,
Júlia Koltai,Centre for Social Sciences,,
Peter D. Hoff,University of Washington,,
João R. Daniel,ISPA Instituto Universitário,,
António J. Santos,Instituto Universitário de Ciências Psicológicas Sociais e da Vida,,
Carla Fernandes,ISPA,,
Brian E. Vaughn,Auburn University,,
Bernd Heidergott,Vrije Universiteit Amsterdam,,
Ines Lindner,Vrije Universiteit Amsterdam,,
Ching-Ling Cheng,National Taiwan Normal University,,
Lasse Folke Henriksen,Copenhagen Business School,,
Saskia Metzler,Max Planck Institute for Informatics,,
Stephan Günnemann,Technical University of Munich,,
Pauli Miettinen,Max Planck Institute for Informatics,,
Gabriel Otero,University of Amsterdam,,
Christian Aßmann,University of Bamberg,,
Tijs A. van den Broek,Vrije Universiteit Amsterdam,,
Michel L. Ehrenhard,University of Twente,,
Djoerd Hiemstra,University of Twente,,
Christopher Steven Marcum,National Institute of Allergy and Infectious Diseases,,
Julia Lee,University of Michigan,,
Yoshi Fujiwara,University of Hyogo,,
Abhijit Chakraborty,Baylor College of Medicine,,
Kristen J. Mills,The Ohio State University,,
Jennifer Lawlor,University of Kansas,,
Matthew Smith 0009,University of Greenwich,,
Bruce Cronin,University of Greenwich,,
Alon Bartal,Bar-Ilan University,,
Nava Pliskin,Ben-Gurion University of the Negev,,
Gilad Ravid,Ben-Gurion University of the Negev,,
Michal Bojanowski,Kozminski University,,
Daniel Maier,Universitat der Bundeswehr München,,
jimi adams,University of Colorado Denver,,
Sara Yeatman,University of Colorado Denver,,
Janet M. Box-Steffensmeier,The Ohio State University,,
Giuseppe Giordano,Università degli Studi di Salerno,,
Giancarlo Ragozini,Universita degli Studi di Napoli Federico II,,
Maria Prosperina Vitale,Italian Statistical Society,,
Sarah K. Cowan,New York University,,
Marcelo Ribeiro-Alves,National Institute of Infectology Evandro Chagas,,
Michael Howard,Texas A&M University,,
Denis Bouyssou,CNRS,,
James Hollway,Graduate Institute of International and Development Studies,,
William P. Eveland,The Ohio State University,,
Hongyi Jiang,Johns Hopkins University,,
Marco T. Bastos,University College Dublin,,
Carlo Piccardi,Politecnico di Milano,,
Mark Lubell,University of California - Davis,,
Markus Gamper,University of Cologne,,
Valentin Danchev,University of Essex,,
Heather Edelblute,West Chester University,,
José Luis Molina,Universitat Autònoma de Barcelona,,
Christopher McCarty,University of Florida,,
Isidro Maya Jariego,Universidad de Sevilla,,
Olga Kornienko,George Mason University,,
Markus Gamper,University of Cologne,,
Louise Ryan,London Metropolitan University,,
Terrence D. Jorgensen,University of Amsterdam,,
K. Jean Forney,Ohio University,,
Jeffrey A. Hall,University of Kansas,,
Hassan Badir,Université Abdelmalek Essaadi,,
David Schoch,University of Konstanz,,
Federico Bianchi,Università degli Studi di Milano,,
Niccolò Casnici,Università degli Studi di Brescia,,
Flaminio Squazzoni,University of Milan,,
Ming Cao 0005,University of Texas,,
Hywel T. P. Williams,University of Exeter,,
Iulia Cioroianu,University of Bath Bath Somerset GB,,
Susan Banducci,University of Exeter,,
Joshua E. Marineau,North Dakota State University,,
Weiai Xu,University of Massachusetts Amherst,,
Eric Quintane,European School of Management and Technology,,
Garry Robins,University of Melbourne,,
Nikita Basov,Saint Petersburg State University,,
Jake Bowers,University of Illinois at Urbana-Champaign,,
Lisha Yu,City University of Hong Kong,,
Kwok-Leung Tsui,City University of Hong Kong,,
Laurence Brandenberger,ETH Zurich,,
Giangiacomo Bravo,Linnaeus university,,
Ji Ma 0003,Indiana University,,
Iris Wanzenböck,Utrecht University,,
Javier Borge-Holthoefer,Internet Interdisciplinary Institute,,
Yamir Moreno,Universidad de Zaragoza,,
Sandra González-Bailón,University of Pennsylvania,,
Marie Ouellet,Georgia State University,,
Katarzyna Growiec,SWPS University of Social Sciences and Humanities,,
Jakub Growiec,SGH Warsaw School of Economics,,
Bogumil Kaminski,Warsaw School of Economics,,
Silke Adam,Universitat Bern,,
Daniel Maier,Universitat der Bundeswehr München,,
D. Wayne Osgood,Pennsylvania State University,,
Zoltán Kmetty,Ariosz LTD,,
Fruzsina Albert,Semmelweis Egyetem,,
Victor R. Prybutok,University of North Texas,,
Anh Ta,University of Nebraska Omaha,,
Ke Xu 0001,Beihang University,,
Jichang Zhao,Beihang University,,
Andrea Flori,Politecnico di Milano,,
Zsolt Unoka,Semmelweis University,,
Emmanuel Lazega,Sciences Po,,
Anja Znidarsic,University of Maribor,,
Jonathan H. Morgan,Fachhochschule Potsdam,,
Thomas W. Valente,University of Southern California,,
Juliana Cobre,Universidade de São Paulo,,
Domenico Brunetto,Politecnico di Milano,,
Carlo Piccardi,Politecnico di Milano,,
Patrick S. Park,University of Michigan,,
Nicholas A. Christakis,Yale University,,
James H. Fowler,University of California - San Diego,,
Vicki Stover Hertzberg,Emory University,,
Mireia Bolíbar,Universitat de Barcelona,,
Stefano Nasini,IESEG School of Management,,
Tahereh Dehdarirad,Chalmers University of Technology,,
Thomas Lux,Virginia Polytechnic Institute and State University,,
Gregory Lee Phillips II,Northwestern University Feinberg School of Medicine,,
Christianne J. de Poot,Vrije Universiteit Amsterdam,,
José Atilano Pena-López,Universidade da Coruña,,
Renáta Hosnedlová,Sciences Po Toulouse,,
Göran Kauermann,Ludwig Maximilians University Munich,,
Fabiana Zollo,Università Ca' Foscari,,
Guido Caldarelli,Università Ca' Foscari,,
Antonio Scala,Consiglio Nazionale delle Ricerche,,
Günes Ertan,Koç Üniversitesi,,
Wim van den Noortgate,KU Leuven,,
Eva Kyndt,Swinburne University of Technology,,
David Schoch,University of Konstanz,,
Andreas Herz,University of Hildesheim,,
Nial Friel,University College Dublin,,
Martin Bouchard 0002,Simon Fraser University,,
Giulia Berlusconi,University of Surrey,,
Caitlin E. Hughes,Flinders University,,
Alexander Gutfraind,University of Illinois at Chicago,,
Min Zhou,University of Victoria,,
Chengwei Liu,European School of Management and Technology,,
Beata Lopaciuk-Gonczaryk,University of Warsaw,,
Maoguo Gong,Xidian University,,
Wei Du 0004,Xi'an Jiaotong University,,
Yves Zenou,University of Southampton,,
Ning Wang 0013,University of Oxford,,
Frank van Tubergen,Utrecht University,,
Ineke Maas,Vrije Universiteit Amsterdam,,
Linton C. Freeman,University of California - Irvine,,
Andreas Flache,University of Groningen,,
Jun Wu 0004,National University of Defence Technology,,
Molly E. Brown,University of Maryland - College Park,,
Monica Ihli,University of Tennessee,,
Vanessa M. Escobar,Booz Allen,,
Peter Griffith,Science Systems and Applications Inc,,
Joshua E. Marineau,North Dakota State University,,
Ildikó Barna,Eötvös Loránd University,,
Philippa Pattison,University of Sydney,,
Laura Prota,The American University of Rome,,
Yunsong Chen,Nanjing University,,
Cheng Wang 0010,University of California - Irvine,,
Sergiy Butenko,Texas A&M University,,
Göran Kauermann,Ludwig Maximilians University Munich,,
Robert A. Hanneman,University of California - Riverside,,
Pierre Barbillon,AgroParisTech,,
Anna L. Smith,University of Kentucky,,
Catherine A. Calder,University of Texas at Austin,,
Martin Hilbert,University of California - Davis,,
Peter Monge,University of Southern California,,
Peter van der Laan,Vrije Universiteit Amsterdam,,
Eric D. Widmer,Université de Genève,,
Katia Iglesias,University of Applied Sciences and Arts Western Switzerland,,
Mario Luis Small,Harvard University,,
Ronald L. Breiger,University of Arizona,,
Vincent A. Traag,Universiteit Leiden CWTS,,
Michael Mäs,University of Groningen,,
Romualdo Pastor-Satorras,Universitat Politecnica de Catalunya,,
Pádraig Mac Carron,University of Oxford,,
Kimmo Kaski,Aalto University,,
Alex D. Stivala,Università della Svizzera italiana,,
David A. Rolls,CSIRO,,
Flávio Codeço Coelho,Getulio Vargas Foundation,,
Renato Rocha Souza,Universität Wien,,
Christofer R. Edling,Lunds Universitet,,
David E. Eagle,Duke Global Health Institute,,
Vincent A.A. Jansen,Royal Holloway University of London,,
Peter McMahan,McGill University,,
Lei Zhang 0042,University of Minnesota,,
Pieter-Paul Verhaeghe,Vrije Universiteit Brussel,,
Koen Van der Bracht,Universiteit Gent,,
Wenhong Chen,University of Texas at Austin,,
Cuihua Shen,University of California - Davis,,
Jason Owen-Smith,University of Michigan,,
Chris Hankin,Imperial College London,,
Matthew Johnson 0002,University of Durham,,
Daniel Paulusma,Durham University,,
Erik Jan van Leeuwen,Utrecht University,,
Todd C. Lehmann,US Air Force,,
Ling Heng Henry Wong,Victorian Funds Management Corp,,
André F. Gygax,University of Melbourne,,
Yuli Patrick Hsieh,RTI International,,
Peter Borm,Tilburg University,,
Michaela Hoffman,Medical University of South Carolina,,
Douglas L. Steinley,University of Missouri,,
Vladimir Batagelj,University of Ljubljana,,
Padraig Cunningham,University College Dublin,,
Michael Salter-Townshend,University College Dublin,,
Jesse Shore,Boston University,,
Katrien Fransen,KU Leuven,,
Filip Boen,KU Leuven,,
Valerio Arnaboldi,California Institute of Technology,,
Andrea Passarella,National Research Council,,
Feng Shi 0005,University of North Carolina,,
James A. Evans,University of Chicago,,
Kyle Emich,University of Delaware,,
K. Asokan 0002,University of Kerala,,
Susan Bastani,Alzahra University,,
Charles Gomez,City University of New York,,
R. Karl Rethemeyer,University at Albany,,
Matthew T. Pietryka,Florida State University,,
Mathew D. McCubbins,Duke University,,
Nicholas Weller,University of California - Riverside,,
Anand E. Sokhey,University of Colorado Boulder,,
Paul A. Djupe,Washington University,,
Virginie Kidwell-Lopez,University of North Texas,,
Jennifer Golbeck,University of Maryland - College Park,,
Derek L. Hansen,Brigham Young University,,
Richard Heidler,Deutsche Forschungsgemeinschaft,,
Markus Gamper,University of Cologne,,
Chris Muelder,University of California - Davis,,
Kwan-Liu Ma,University of California - Davis,,
Bernie Hogan,University of Oxford,,
Nicole B. Ellison,University of Michigan,,
Cliff Lampe,University of Michigan,,
Jessica Vitak,University of Maryland - College Park,,
GIancarlo Ragozini,Universita degli Studi di Napoli Federico II,,
Brian Francis,Lancaster University,,
Wei Wang 0211,City University of New York,,
Robert E. Smith 0001,University College London,,
Alfredo Morales-Guzmán,Technical University of Madrid,,
Juan Carlos Losada,Universidad Politécnica de Madrid,,
Rosa M. Benito,Universidad Politecnica de Madrid,,
Xiuzhen Zhang,RMIT University,,
Xinghuo Yu 0001,RMIT University,,
Pauline Lin,University of Melbourne,,
Germà Coenders,Universitat de Girona,,
João R. Daniel,ISPA Instituto Universitário,,
António J. Santos,Instituto Universitário de Ciências Psicológicas Sociais e da Vida,,
Inês Peceguina,ISCTE-Instituto Universitário de Lisboa,,
Christian R. Shelton,University of California - Riverside,,
Ioana van Deurzen,Tilburg University,,
Mario Diani,University of Trento,,
Yun Huang 0001,Northwestern University,,
Jennifer B. Unger,University of Southern California,,
Alexia Gaudeul,European Commission Joint Research Centre,,
Zhijin Wu,Tsinghua University,,
Peter P. Groenewegen,NIVEL - Netherlands Institute for Health Services Research,,
Danching Ruan,Hong Kong Baptist University,,
Maria Prosperina Vitale,University of Salerno,,
Caitlin Porter,University of Memphis,,
Camille Roth,CNRS,,
Sangwon Suh,University of California - Santa Barbara,,
Yasushi Kondo,Waseda University,,
Yong Gao 0001,University of British Columbia Okanagan,,
Kay W. Axhausen,ETH Zurich,,
Massimo Franceschet,University of Udine,,
Jordi Brandts,CSIC,,
Rami Puzis,Ben-Gurion University of the Negev,,
Marcel A. L. M. van Assen,Tilburg University,,
Alain Barrat,CNRS Délégation Provence et Corse,,
Rosa Figueiredo 0001,Avignon University,,
Emma McBryde,University of Melbourne,,
Yoshihisa Kashima,University of Melbourne,,
Samuel Wilson,Swinburne University of Technology,,
Dean Lusher,Swinburne University of Technology,,
Gina S. Lovasi,Drexel University,,
Kerstin Sailer,University College London,,
Gil Viry,University of Edinburgh Sociology,,
Anatoliy A. Gruzd,Ryerson University,,
Barry Wellman,University of Toronto,,
Jeremy Mennis,Temple University,,
Jens F. Binder,Nottingham Trent University,,
Alistair G. Sutcliffe,University of Manchester,,
Love Bohman,Södertörn University,,
Thomas N. Friemel,Universitat Zurich,,
Philip A. Sinclair,Manchester Metropolitan University,,
Jo Holliday,University of Oxford,,
Laurence Moore,University of Glasgow,,
Daniel A. McFarland,Stanford University,,
Jure Leskovec,Stanford University,,
Cécile Emery,University of Exeter,,
Ee-Peng Lim,Singapore Management University,,
Riccardo Boero,Los Alamos National Laboratory,,
Zack W. Almquist,University of Washington,,
Feniosky Peña-Mora,Massachusetts Institute of Technology,,
Mark Hasegawa-Johnson,University of Illinois at Urbana-Champaign,,
Sven Banisch,Bielefeld University,,
Gemma Edwards,University of Manchester,,
Marijtje A. J. Van Duijn,University of Groningen,,
Yanlong Zhang,Xi'an Jiaotong University,,
Gunnar Flötteröd,Statens Vag och Transportforkningsinstitut,,
Y. Narahari,Indian Institute of Science,,
Alexandre Hannud Abdo,Université Gustave Eiffel,,
Thomas Scherngell,University of Macau,,
Conrado Manuel,Universidad Complutense de Madrid,,
Yaneer Bar-Yam,New England Complex Systems Institute,,
Omar Lizardo,University of California - Los Angeles,,
Nitesh V. Chawla,University of Notre Dame,,
Jean-Philippe Cointet,Sciences Po,,
Hein de Vries,Maastricht University,,
Uwe Matzat,Eindhoven University of Technology,,
John P. Boyd 0002,University of California - Irvine,,
William J. Fitzgerald 0002,Orange County Department of Education,,
Verónica de Miguel Luken,University of Malaga,,
Siddhartha Bhattacharyya,Christ University,,
Michael Szell,IT University of Copenhagen:,,
René van den Brink,Vrije Universiteit Amsterdam,,
Arnout van de Rijt,European University Institute,,
Thomas V. Pollet,Northumbria University,,
Pavel N. Krivitsky,UNSW Sydney,,
Peter D. Hoff,University of Washington,,
James Pustejovsky,Brandeis University,,
Mikko Kivelä,Aalto University,,
Peter A. Gloor,Massachusetts Institute of Technology,,
Matthieu Latapy,LIP6,,
David W. Matula,Southern Methodist University,,
Huso Yi,National University of Singapore,,
Samuel Friedman,Faculty Opinions,,
Peter Totterdell,University of Sheffield,,
Darren M. Scott,McMaster University,,
Erik M. Volz,Cornell University,,
Kevin Lewis,University of California - San Diego,,
Marjolein I. Broese van Groenou,Vrije Universiteit Amsterdam,,
Theo van Tilburg,Vrije Universiteit Amsterdam,,
Trevor I. Fenner,University of London,,
Mark Levene,University of London,,
George Loizou,University of London,,
Philip A. Sinclair,Manchester Metropolitan University,,
Jonathan J. Forster,University of Southampton,,
Yuval Kalish,Tel Aviv University,,
Frank Tutzauer,University at Buffalo,,
Ali Haider,Central Michigan University,,
Amalya L. Oliver,The Hebrew University of Jerusalem,,
Gad Yair,The Hebrew University of Jerusalem,,
Barry Wellman,University of Toronto,,
Rochelle R. Côté,Memorial University of Newfoundland,,
James Mac Hyman,Tulane University,,
Stephen G. Eubank,Virginia Tech,,
Chandra Muller,University of Texas at Austin,,
Christopher Marquis,Cornell University,,
Germà Coenders,Universitat de Girona,,
Moo Young Choi,Seoul National University,,
Naoki Masuda,University at Buffalo,,
Norio Konno,Yokohama National University,,
Carmen Ramos Carvajal,Universidad de Oviedo,,
Mark E. J. Newman,University of Michigan,,
Lada A. Adamic,Facebook,,
Eytan Adar,University of Michigan,,
Zbigniew Smoreda,Orange Labs,,
Godefridus G. van Merode,Maastricht University,,
Michael Johnston,IBM Research Europe,,
Maarten Marx,University of Amsterdam,,
Gianluca Carnabuci,European School of Management and Technology,,
Ivar E. Vermeulen,Vrije Universiteit Amsterdam,,
Susan C. Weller,University of Texas Medical Branch,,
Martin Kilduff,University College London,,
Kai J. Jonas,Maastricht University,,
Kevin White 0002,University of Pennsylvania,,
Carolyn J. Anderson,University of Illinois at Urbana-Champaign,,
,,,
