name,affiliation
A. Suruliandi,Manonmaniam Sundaranar University
Aayush Aggarwal,IIIT Delhi
Abdallah Tubaishat,Zayed University
Abdel-Fattah Attia,Kafrelsheikh University
Abderrahim Benslimane,University of Avignon
Abdulhameed Alelaiwi,King Saud University
Abdullah Abusorrah,King Abdulaziz University
Abhijit Majumdar,University of Texas at San Antonio
Abhijnan Chakraborty,Max Planck Institute
Abhishek Chakraborty 0002,IIT Madras
Abigail Paradise,Ben-Gurion University of the Negev
Abolfazl Yaghmaei,University of Tehran
Aboul Ella Hassanien,Cairo University
Adriana Iamnitchi,University of South Florida
Afshan Saleem,University of Gujrat
Ahmed Al Marouf,Daffodil International University (DIU)
Ahmed AlEroud,Yarmouk University
Ahsan Shehzad,Dalian University of Technology
Ai-Wen Li,Dalian Minzu University
Aixin Sun,Nanyang Technological University
Akash Anil,IIT Guwahati
Alan Kuhnle,University of Florida
Albert Y. Zomaya,University of Sydney
Alex 'Sandy' Pentland,Massachusetts Institute of Technology
Alex Cassidy,Washington University in St. Louis
Alex Doboli,Stony Brook University
Alex Pentland,Massachusetts Institute of Technology
Alexander G. Nikolaev,University at Buffalo
Alexander G. Tartakovsky,University of Connecticut
Ali Hamzeh,Shiraz University
Ali Li,Ludong University
Alireza Farasat,University at Buffalo
Alireza Louni,Stevens Institute of Technology
Alison Albin,Johns Hopkins University
Alois Ferscha,Johannes Kepler University
Alon Sela,Ariel University
Alun D. Preece,Cardiff University
Alysson Alves de Lima,UFPE
Ameer Hamza Khan,The Hong Kong Polytechnic University
Amir Ebrahimi Fard,Delft University of Technology
Amit Bhaya,Federal University of Rio de Janeiro
Amit Kumar,Jadavpur University
Amitava Datta,University of Western Australia
Amos Azaria,Carnegie Mellon University
Anastasios D. Doulamis,University of Athens
Andi Wang,Northeastern University
Andrea De Salve,University of Palermo
Andrea Michienzi,University of Pisa
Andrea Tagarelli,University of Calabria
Andres Felipe Zambrano,University of Los Andes
Ang Liu,University of New South Wales
Angelo Sifaleras,University of Macedonia
Animesh Mukherjee 0001,IIT Kharagpur
Anja Subasic,Dartmouth College
Ankan Mullick,Microsoft
Anshul Sawant,Google
Antonia Russo,Mediterranea University of Reggio Calabria
Antonio Luca Alfeo,University of Pisa
Anup K. Kalia,IBM
Anura P. Jayasumana,Colorado State University
Anurag Shandilya,IIT Kharagpur
Anwar Walid,Nokia Bell Labs
Aparna Sankaran Srinath,Boise State University
Aram Galstyan,University of Southern California
Arash Ghayoori,University of Illinois at Urbana-Champaign
Areej Alsini,University of Western Australia
Arijit Sur,IIT Guwahati
Arkady B. Zaslavsky,CSIRO
Arman Kabiri,University of New Brunswick
Arshad Muhammad 0001,Sohar University
Arushi Gupta,University of Cincinnati
Arwen H. DeCostanza,U.S. Army Research Laboratory
Arye Nehorai,Washington University in St. Louis
Asaf Shabtai,Ben-Gurion University of the Negev
Asgarali Bouyer,Azarbaijan Shahid Madani University
Ashish Sharma 0004,IIT Kharagpur
Assadaporn Sapsomboon,Chulalongkorn University
Ata Ullah,National University of Modern Languages
Athina Thanou,University of Athens
Aviad Elyashar,Ben-Gurion University of the Negev
Avijit Gayen,IIT Patna
Aviral Shrivastava,IIT Kharagpur
Ayan Kumar Bhowmick,IIT Kharagpur
Aymen Hamrouni,University of Carthage
B. S. Manoj 0001,Indian Institute of Space Science and Technology
Babar Shah,Zayed University
Balakrishnan Narayanaswamy,Indian Institute of Science
Balasubramaniam Thirunavukarasu,Queensland University of Technology
Baocheng Geng,Syracuse University
Baoying Huang,Macau University of Science and Technology
Barbara Guidi,University of Pisa
Bartel A. Van de Walle,Delft University of Technology
Bassem Makni,IBM
Bay-Yuan Hsu,University of California - Santa Barbara
Behrouz Jedari,Dalian University of Technology
Behrouz Tork Ladani,University of Isfahan
Belinda Yuen,Singapore University of Technology and Design
Benjamin W. K. Hung,Colorado State University
Berat A. Erol,University of Texas at San Antonio
Bernard J. Jansen,Qatar Computing Research Institute
Bernardo A. Huberman,HP Labs
Bill Buchanan,Edinburgh Napier University
Billy Pik Lik Lau,Singapore University of Technology and Design
Bin Hu 0001,Lanzhou University
Bin Ning,Beijing Jiaotong University
Bin Wu 0001,Beijing University of Posts and Telecommunications
Bing Zhou,Zhengzhou University
Bing-Chuan Wang,City University of Hong Kong
Bingxu Zhao,Yantai University
Binyao Duan,University of Science and Technology of China
Bivas Mitra,IIT Kharagpur
Bo An 0001,Nanyang Technological University
Bo Liu 0024,University of Auckland
Bo Xu 0008,Dalian University of Technology
Bo Yang 0034,Tongji University
Bo Zhang 0004,Shanghai Normal University
Bo Zhou 0001,Liverpool John Moores University
Bo-Han Yan,Henan University of Economics and Law
Bogdan Carbunar,Florida International University
Boleslaw K. Szymanski,Rensselaer Polytechnic Institute
Boyi Xu,Shanghai Jiao Tong University
Brett Snider,University of Guelph
Brijesh Singh,IIT Guwahati
C. S. Shaijumon,Indian Institute of Space Science and Technology
Cai Fu,Huazhong University of Science and Technology
Caiwei Yuan,Harbin Institute of Technology
Camellia Sarkar,IIT Indore
Carlo Lipizzi,Stevens Institute of Technology
Carol Xiaojuan Ou,Tilburg University
Catholijn M. Jonker,Leiden University
Ceyhun Eksin,Georgia Institute of Technology
Chaitanya Shivade,Amazon Inc.
Chamil Kulatunga,University College Dublin
Chang Shu,UESTC
Changbing Tang,Zhejiang Normal University
Changjun Jiang,Tongji University
Changqi Wang,Tongji University
Changqing Luo,Virginia Commonwealth University
Chao Chen 0015,Deakin University
Chao Liang,York University
Chao Liu,Chongqing University
Chao Wang,Anhui University
Chaochao Li,Zhengzhou University
Chaodong Wang,Tongji University
Chaojie Ji,Chinese Academy of Sciences
Chaoxi Li,Shenzhen University
Charith Perera,Open University
Charles M. Macal,Argonne National Laboratory
Chau Yuen,Singapore University of Technology and Design
Chelsea C. White III,Georgia Institute of Technology
Chen Diao,Ningxia University
Chen Lv,Cranfield University
Chen Wang 0011,Huazhong University of Science and Technology
Chen Wang 0042,Northeastern University
Chen Zhang,Dalian University of Technology
Chenbo Fu,Zhejiang University
Cheng Guo 0001,Dalian University of Technology
Cheng Long,Nanyang Technological University
Cheng Wang 0001,Tongji University
Cheng-Shang Chang,National Tsing Hua University
Cheng-Te Li,National Cheng Kung University
Cheng-Zhong Xu 0001,Chinese Academy of Sciences
Chengjue Yuan,Shanghai Jiao Tong University
Chengwen Luo 0001,Shenzhen University
Chenhan Zhang,University of Technology Sydney
Chenwang Zheng,Beijing Jiaotong University
Chetan Harichandra Mendhe,Lakehead University
Chi Harold Liu,Beijing Institute of Technology
Chi Zhang,Xi'an Jiaotong University
Chia-Yu Lin,Yuan Ze University
Chiara Pulice,Dartmouth College
Chih-Hang Wu,Kansas State University
Chih-Ya Shen,National Tsing Hua University
Ching-Chu Huang,National Tsing Hua University
Chong Liu,PLA Strategic Support Force Information Engineering University
Christophe Prieur,Telecom ParisTech
Christopher C. Yang,Drexel University
Chun Xu,Sichuan University
Chunbo Luo,University of Exeter
Chungang Yan,Tongji University
Chunhua Gu,Shanghai University
Chunming Rong,University of Stavanger
Chunsheng Zhu,Southern University of Science and Technology
Chunxiang Xu,UESTC
Claudia Brandelero Rizzi,Western Paraná State University
Claudia Wagner,GESIS - Leibniz Institute for the Social Sciences
Colin Roberts,Cardiff University
Collins Census,Southwest Jiaotong University
Cong Yang,University of Siegen
Congtao Wang,Anhui University
Congyu Wu,University of Virginia
Corey Pennycuff,University of Notre Dame
Curtis L. Maines,Liverpool John Moores University
Daiyu Huang,Donghua University
Damian A. Tamburri,Eindhoven University of Technology
Damla Turgut,University of Central Florida
Dan Tao,Beijing Jiaotong University
Dan Zhang 0001,Zhejiang University
Dandan Li,Dalian Maritime University
Daniel Riehm,University of Notre Dame
Daniel W. Stashuk,University of Waterloo
Daniel Zeng,Chinese Academy of Sciences
Daniele Bellutta,Dartmouth College
Danupol Hoonsopon,Chulalongkorn University
Danwei Liang,Xi'an Jiaotong University
Dany Kamuhanda,Huazhong University of Science and Technology
Daobing He,Chongqing University
Dario Borrelli,Stevens Institute of Technology
Darren Scott Appling,Georgia Institute of Technology
David B. Smith 0001,CSIRO
David Ben-Arieh,Kansas State University
David H. Rogers,Cardiff University
David Reitter,Google
Dawei Zhu,Nanjing University
De-Nian Yang,Institute of Information Science
Debaditya Barman,Visva-Bharati University
Debarka Sengupta,Indraprastha Institute of Information Technology Delhi
Debasis Das 0001,IIT Jodhpur
Deborah I. Fels,Ryerson University
Denis Gracanin,Virginia Tech
Dev Vashisth,BITS Pilani
Dexiang Yin,Huazhong University of Science and Technology
Deying Li 0001,Renmin University of China
Dianxiang Xu,Northwest Normal University
Diego Perna,University of Calabria
Dinesh Kumar Saini,Sohar University
Ding-Zhu Du,University of Texas at Dallas
Dirk-Jan van Veen,ETH Zurich
Dixon Vimalajeewa,Waterford Institute of Technology
Dmitri Goldenberg,Tel-Aviv University
Dominic DiFranzo,Cornell University
Dong Liao,Xi'an Jiaotong University
Dongning Liu,Guangdong University of Technology
Dongpu Cao,University of Waterloo
Dongwei Xu,Zhejiang University
Dongxiao Yu,Shandong University
Douglas Adams 0003,University of Arkansas
Du Q. Huynh,University of Western Australia
Duan-Shin Lee,National Tsing Hua University
Dumidu S. Talagala,University of Surrey
Duo Xu,Shanghai Normal University
Durvasula V. L. N. Somayajulu,Indian Institute of Information Technology
Dusit Niyato,Nanyang Technological University
Dusko Pavlovic,University of Hawaii at Manoa
Ebin Deni Raj,Indian Institute of Information Technology
Ebrahim Sahafizadeh,University of Isfahan
Edoardo Serra,Boise State University
Edward A. McBean,University of Guelph
Edward H. Ip,Wake Forest School of Medicine
Efstathios Velenis,Cranfield University
Ehsan Ghezelbash,University of Tehran
Eirini Milaiou,University of Athens
Eirini-Eleni Tsiropoulou,University of New Mexico
Ekanut Sotthiwat,King Mongkut's University of Technology Thonburi
Eleni Stai,EPFL
Elizabeth Reilly,Johns Hopkins University
Ella M. Atkins,University of Michigan
Emilio Ferrara,University of Southern California
Erez Shmueli,Tel-Aviv University
Eric Cawi,Washington University in St. Louis
Eric Horvitz,Microsoft
Eric Lancaster,University of Maryland - College Park
Erica Briscoe,Georgia Institute of Technology
Erik Cambria,Nanyang Technological University
Erwu Liu,Tongji University
Eugene Santos,Dartmouth College
Eugenius Kaszkurewicz,Federal University of Rio de Janeiro
Eunice E. Santos,Illinois Institute of Technology
Fahad Maqbool,University of Sargodha
Faming Gong,China University of Petroleum
Fang Chen 0001,University of Technology Sydney
Fanzhang Li,Soochow University
Farshad Salimi Naneh Karan,University of Tennessee
Fatima K. Abu Salem,American University of Beirut
Fei Hao,Shaanxi Normal University
Fei Tao,Beihang University
Fei-Yue Wang 0001,Chinese Academy of Sciences
Feifei Chen 0001,Deakin University
Feng Chen 0001,University of Texas at Dallas
Feng Li 0001,Indiana University
Feng Wang 0002,Arizona State University
Feng Wang 0020,Fujian University of Technology
Feng Xia 0001,Federation University Australia
Fenghua Zhu,Chinese Academy of Sciences
Fenlin Liu,PLA Strategic Support Force Information Engineering University
Feras N. Al-Obeidat,Zayed University
Forough Allahbakhshi,Islamic Azad University
François Grey,University of Geneva
Fred Morstatter,University of Southern California
Fucai Zhou,Northeastern University
Fuji Ren,Tokushima University
Fuzhi Zhang,Yanshan University
Gabriel A. Wainer,Carleton University
Gaby G. Dagher,Boise State University
Gang Kou,Southwestern University of Finance and Economics
Gang Liang,McGill University
Gang Pan 0001,Zhejiang University
Gang Xiong 0001,Chinese Academy of Sciences
Gaosheng Wu,Huazhong University of Science and Technology
Gaoxing Zhao,Dalian University of Technology
Gaoyang Liu,Huazhong University of Science and Technology
Garud Iyengar,Columbia University
Gary An,University of Chicago
Gaurav Sharma 0009,Lakehead University
Gautam Srivastava,Brandon University
Gavin Brown,Boston University
Ge Guo,Dalian Maritime University
Geoff A. Gross,University at Buffalo
Geoffrey P. Morgan,Carnegie Mellon University
George Cybenko,Dartmouth College
George Karabatis,University of Maryland - College Park
Georges Linarès,Avignon University
Georgios Mantas,University of Greenwich
Gerardo Garcia,University of Los Andes
Geyong Min,University of Exeter
Ghita Mezzour,International University of Rabat
Giagia Gao,Henan Polytechnic University
Gianluca Lax,Mediterranea University of Reggio Calabria
Gigliola Vaglini,University of Pisa
Gilberto Díaz-García,University of Los Andes
Giles Oatley,Federation University Australia
Giuseppe De Nicolao,University of Pavia
Gour C. Karmakar,Federation University Australia
Greeshma Lingam,National Institute of Technology
Greg Ver Steeg,University of Southern California
Guandong Xu,University of Technology Sydney
Guangchun Luo,UESTC
Guangjie Han,Nanjing Agricultural University
Guangmo Amo Tong,University of Texas at Dallas
Guangmo Tong,University of Delaware
Guangquan Xu,Tianjin University
Guangyao Pang,Shaanxi Normal University
Guangzhi Qu,Oakland University
Guanjun Liu,Tongji University
Gui-jun Zhang,Zhejiang University
Guilherme Galante,Western Paraná State University
Gulshan Shrivastava,National Institute of Technology
Gunasekaran Manogaran,University of California - Davis
Guodong Long,Monash University
Guoqiang Li 0001,Shanghai Jiao Tong University
Guoqing Wang,Chinese Academy of Sciences
Guoshuai Wei,Chongqing University
Guoyong Cai,Guilin University of Electronic Technology
Guy Zyskind,Massachusetts Institute of Technology
H. Vincent Poor,Princeton University
Habibollah Danyali,Shiraz University
Hadi Tajalizadeh,Shiraz University
Hai Liu,South China Normal University
Hai Zhao,Northeastern University
Hai-Feng Zhang 0003,Anhui University
Haibin Zheng,Zhejiang University
Haibin Zhu,Nipissing University
Haider Ali 0001,University of Derby
Haifeng Du,Cornell University
Haifeng Shen,Flinders University
Haiming Liang,Sichuan University
Hainan Zhang,Rutgers University
Haipeng Chen 0001,Dartmouth College
Hairong Dong,Beijing Jiaotong University
Haiyan Wang,Arizona State University
Haiyang Yu,Chongqing University
Hakim Ghazzai,Stevens Institute of Technology
Hamad Zogan,University of Technology Sydney
Han Liu 0002,Cardiff University
Han Qiu 0001,Telecom ParisTech
Hanchun Xiao,Chongqing University
Hande Hong,National University of Singapore
Hannah Johnson,Boise State University
Hans Rudolf Heinimann,ETH Zurich
Hao Ding 0006,York University
Hao Jiang,University of Science and Technology of China
Hao Jiang 0010,Wuhan University
Hao Lu 0002,Beijing Institute of Technology
Hao Wang 0003,Norwegian University of Science and Technology
Hao Yin,Tsinghua University
Haohan Wang,Carnegie Mellon University
Haojun Huang,Huazhong University of Science and Technology
Haoyi Zhou,Beihang University
Haoyu Wang,Chinese Academy of Sciences
Haoyue Liu,New Jersey Institute of Technology
Hari Prabhat Gupta,IIT (BHU) Varanasi
Haris Gacanin,Nokia Bell Labs
Harshit Srivastava,University of South Florida
Hasan Mahmud,Islamic University of Technology (IUT)
He Li 0001,Muroran Institute of Technology
He Yuan,Harbin Institute of Technology
Helder Coelho,University of Lisbon
Hendry,Chaoyang University of Technology
Hicham G. Elmongui,Alexandria University
Hichem Besbes,University of Carthage
Hiroki Nishiyama 0001,Tohoku University
Hoang Pham,Rutgers University
Hoda Khalil,Carleton University
Homa Hosseinmardi,University of Southern California
Hong Ding,Hangzhou Dianzi University
Hong Mo,Changsha University of Science and Technology
Hong-Ning Dai,Macau University of Science and Technology
Hongbin Huang,National University of Defense Technology
Hongbo Zhu,Shenyang Ligong University
Honghao Gao,Shanghai University
Hongjun Wang 0002,Southwest Jiaotong University
Hongming Cai,Shanghai Jiao Tong University
Hongwei Du 0001,Harbin Institute of Technology
Hongwei Li 0001,Chinese Academy of Sciences
Hongwei Wang 0004,Shanghai Jiao Tong University
Hongyang Zhao,Zhejiang University
Hossein Rastgoftar,Villanova University
Hsien-Chu Wu,National Chin-Yi University of Technology
Hu Teng,Tongji University
Huaji Wang,Cranfield University
Huan Liu 0001,Arizona State University
Huan Yan,Hefei University of Technology
Huan Zhang,Shanghai Normal University
Huan Zhou 0002,Zhejiang University
Huansheng Ning,University of Science and Technology Beijing
Huazhong Liu,Huazhong University of Science and Technology
Hugo Gonzalez Villasanti,Ohio State University
Hui Li 0005,Xidian University
Hui Xiong,Zhejiang University
Huicai Deng,Huazhong University of Science and Technology
Huijie Zhang,Dalian University of Technology
Huiling Jia,Zhejiang Sci-Tech University
Huiling Zhang,University of Florida
Hyo-Sung Ahn,Gwangju Institute of Science and Technology (GIST)
Imran Razzak,Deakin University
Ioannis Charalampidis,CERN
Irena Spasic,Cardiff University
Ishani Chatterjee,New Jersey Institute of Technology
Issa Annamoradnejad,Sharif University of Technology
Itisha Gupta,Banasthali Vidyapith
Ivan Lee,University of South Australia
Ivone Amorim,University of Porto
Iván Darío Hernández,University of Ibagué
Iyad Alazzam,Yarmouk University
Jacob Chakareski,University of Alabama
Jacob Harer,Boston University
Jacob Russell,Dartmouth College
Jafar Habibi,Sharif University of Technology
James A. Hendler,Rensselaer Polytechnic Institute
James F. Morris,Future Operations Investigation Laboratory Air Force Institute of Technology Wright-Patterson Air Force Base
James H. Liu,Massey University
James J. Q. Yu,Southern University of Science and Technology
James Miller 0001,University of Alberta
Jason Castiglione,University of Hawaii at Manoa
Jason M. Morawski,University of Alberta
Jean-Charles Delvenne,Catholic University
Jeff S. Shamma,King Abdullah University of Science and Technology
Jeremy Cohen,Imperial College London
Jeremy E. Thompson,Dartmouth College
Jeremy R. Cole,Google
Jesús María Godoy,University of Ibagué
Ji Li 0007,Georgia State University
Ji Liu 0001,Stony Brook University
Ji Zhang,Southwest Jiaotong University
Jia Wang,Northeastern University
Jia Yang,Huazhong University of Science and Technology
Jiachen Hou,Qingdao Academy of Intelligent Industries
Jiadong Guo,PLA Strategic Support Force Information Engineering University
Jiafu Jiang,Changsha University of Science and Technology
Jiahui Chen 0003,Hunan University
Jiali Liu,Beijing Jiaotong University
Jiamin Liu,National University of Defense Technology
Jian An,Xi'an Jiaotong University
Jian Li,Beijing University of Technology
Jian Li 0032,Tongji University
Jian Xu 0004,Northeastern University
Jian Yang,Chinese Academy of Sciences
Jianan Li,Shanghai Jiao Tong University
Jianfeng Lu 0002,Wuhan University
Jianfeng Ma 0001,Xidian University
Jiangtao Wang,Coventry University
Jianhua Li 0001,Shanghai Jiao Tong University
Jianhua Ma,Hosei University
Jianlei Lang,Beijing University of Technology
Jianlong Zhou,University of Technology Sydney
Jianmin Ma,Hebei Normal University
Jianming Zhu,Chinese Academy of Sciences
Jianqiang Li 0001,Shenzhen University
Jianqiang Li 0002,Beijing University of Technology
Jianxi Luo,Singapore University of Technology and Design
Jianxin Li 0001,Deakin University
Jianxin Li 0002,Beihang University
Jianxiong Guo,University of Texas at Dallas
Jiawei Chen,Fuzhou University
Jiaying Gong,Virginia Polytechnic Institute and State University
Jiaying Liu 0006,Dalian University of Technology
Jie Li,Northeastern University
Jie Zhang,Nanyang Technological University
Jie Zhang 0002,Nanyang Technological University
Jie Zhang 0053,Nanjing University
Jiehan Zhou,University of Oulu
Jiejun Hu,University of Essex
Jiguo Yu,Qilu University of Technology
Jiheng Huang,California State University at Los Angeles
Jihong Ding,Zhejiang University
Jiming Chen 0001,Zhejiang University
Jin-Hee Cho,U.S. Army Research Laboratory
Jinbao Wang,Harbin Institute of Technology
Jindong Cheng,Xi'an Jiaotong University
Jing Hua,Qingdao Academy of Intelligent Industries
Jing Qiu 0002,Guangzhou University
Jing Ren,Dalian University of Technology
Jing Wang,Institute of Smart Healthcare Systems
Jing Xiao,Dalian Minzu University
Jing Yuan 0002,University of Texas at Dallas
Jing Zhu,Nanjing University
Jing-Ru C. Cheng,U.S. Army Engineer Research and Development Center
Jingbo Huang,National University of Defense Technology
Jinghua Li,Chongqing University
Jingsheng Lei,Shanghai University
Jingwen Zhang,University of Technology Sydney
Jinhe Shi,New Jersey Institute of Technology
Jinman Kim,University of Sydney
Jinquan Zeng,UESTC
Jinyin Chen,Zhejiang University
Jinyu Cai,Fuzhou University
Jipeng Cui,Tongji University
Jiqiang Liu,Beijing Jiaotong University
Jiyao Hu,Fudan University
Joarder Kamruzzaman,Federation University Australia
Joel Schlosser,Georgia Institute of Technology
John C. S. Lui,Chinese University of Hong Kong
John Darlington,Imperial College London
John Korah,Illinois Institute of Technology
John Panneerselvam,University of Derby
John Skvoretz,University of South Florida
John Yawney,University of Guelph
John Yen,Pennsylvania State University
Jonathan Cohen,Johns Hopkins University
Jonathan Ozik,Argonne National Laboratory
Jonathan Rodriguez 0001,University of South Wales
Jose Emmanuel Ramirez-Marquez,Stevens Institute of Technology
Joseph Winstead Sirrianni,University of Arkansas
Joshua D. Guzman,Future Operations Investigation Laboratory Air Force Institute of Technology Wright-Patterson Air Force Base
Joshua S. Weitz,Georgia Institute of Technology
José Aguilar 0001,University of Los Andes
José-Fernán Martínez-Ortega,Polytechnic University of Madrid
Joydeep Chandra,IIT Patna
Juan Arroyo Flores,University of South Florida
Juan Ni,South China Normal University
Juanjuan Li,Beijing Institute of Technology
Juanjuan Yao,Shanghai University
Jun Feng 0007,St. Francis Xavier University
Jun Jason Zhang,Wuhan University
Jun Qi,Liverpool John Moores University
Jun Wu 0001,Shanghai Jiao Tong University
Jun Zhang 0010,Deakin University
Jun Zhang 0040,Chinese Academy of Sciences
Junzhuang Wu,Huazhong University of Science and Technology
Jure Leskovec,Stanford University
Justin M. Wozniak,Argonne National Laboratory
Júlio Cezar Estrella,University of São Paulo
K. P. Subbalakshmi,Stevens Institute of Technology
K. Ranjini,Manonmaniam Sundaranar University
Kai Ma 0003,Dalian University of Technology
Kai Peng 0001,Huazhong University of Science and Technology
Kai Zhang,Tongji University
Kaize Shi,Beijing Institute of Technology
Kamal Berahmand,Azarbaijan Shahid Madani University
Kamal Taha,Khalifa University
Kanjar De,Norwegian University of Science and Technology
Kaoru Ota,Muroran Institute of Technology
Karthik Sheshadri,North Carolina State University
Kashif Zia,Sohar University
Kathleen M. Carley,Carnegie Mellon University
Katsuya Suto,Tohoku University
Kazumasa Oida,Fukuoka Institute of Technology
Ke Gu,Changsha University of Science and Technology
Kefu Yan,Changsha University of Science and Technology
Keisuke Miyanabe,Tohoku University
Keith C. C. Chan,The Hong Kong Polytechnic University
Keith Paarporn,Georgia Institute of Technology
Kellyton dos Santos Brito,UFRPE
Kelvin Kam-fai Tsoi,Chinese University of Hong Kong
Ken Barker 0001,University of Calgary
Keng-Pei Lin,Sun Yat-sen University
Kenji Saito,Keio University
Keshav Sood,Deakin University
Kevin I-Kai Wang,University of Auckland
Kevin M. Passino,Ohio State University
Kewang Zhang,Xi'an Jiaotong University
Kezhi Wang,Northumbria University
Khobaib Zaamout,University of Calgary
Kieran Evans,Cardiff University
Kim-Kwang Raymond Choo,University of Texas at San Antonio
Kingshuk De,National Institute of Technology
Klimis S. Ntalianis,Athens University of Applied Sciences
Konstantin Kuzmin,Rennselaer Polytechnic Institute
Konstantinos Tsitseklis,University of Athens
Koteswar Rao Jerripothula,IIIT Delhi
Koushik Mallick,Indian Statistical Institute
Koustav Rudra,Leibniz University Hannover
Koyel Chakraborty,Supreme Knowledge Foundation Group of Institutions
Kripabandhu Ghosh,IIT Kanpur
Krishna P. Gummadi,Max Planck Institute
Kristin L. Wood,Singapore University of Technology and Design
Kuai Xu,Arizona State University
Kuan Zhang,University of Waterloo
Kuang Xu,University of Hong Kong
Kun He 0001,Huazhong University of Science and Technology
Kun Yang 0001,University of Essex
Kun Zhu 0001,Nanjing University
Kwang-Cheng Chen,University of South Florida
Kyota Okubo,Fukuoka Institute of Technology
L. Richard Carley,Carnegie Mellon University
Laura Ricci,University of Pisa
Laurence T. Yang,Huazhong University of Science and Technology
Laurence Tianruo Yang,St. Francis Xavier University
Le Jiang,South China University of Technology
Lei Cui,Deakin University
Lei Shu 0001,Nanjing Agricultural University
Lei Wang 0134,Dalian University of Technology
Lei Yi,Shandong University
Lei-Lei Shi,Jiangsu University
Lele Zhang,Shanghai Normal University
Leonardo Maccari,University of Trento
Li Da Xu,Old Dominion University
Li Li 0013,Tsinghua University
Li Lu 0001,UESTC
Li Ni,University of Science and Technology of China
Li Xu 0002,Fujian Normal University
Li Yu 0003,Huazhong University of Science and Technology
Li-Chun Wang 0001,National Chiao Tung University
Liang Chang 0003,Guilin University of Electronic Technology
Liang Jiang,Jiangsu University
Liang Qi,Shandong University
Liang Zheng,China University of Petroleum
Lianggui Liu,Zhejiang Sci-Tech University
Liangtian Wan,Dalian University of Technology
Liangyin Chen,Sichuan University
Liangyun Liu,Chongqing University
Lianyong Qi,Qufu Normal University
Lichen Cheng,Beijing Jiaotong University
Lichen Zhang 0001,Shaanxi Normal University
Lida Xu,Old Dominion University
Lifang Li,South China University of Technology
Lifei Lu,Shanghai Jiao Tong University
Lihong Chen,Zhejiang University
Lijia Ma,Shenzhen University
Lijun Qian,Texas A&M University
Lin Jiang,Xi'an Jiaotong University
Ling Jiang,Drexel University
Ling Liu,Georgia Institute of Technology
Ling Tian,UESTC
Ling Yin,Chinese Academy of Sciences
Lingmei Ren,Shandong University
Lingmin Wang,Zhejiang Sci-Tech University
Lingxi Li,Indiana University
Lining Xing,National University of Defense Technology
Linqiang Pan,Huazhong University of Science and Technology
Lintao Yang,Central China Normal University
Linyao Yang,Chinese Academy of Sciences
Linyu Tang,Changsha University of Science and Technology
Lipo Wang,Nanyang Technological University
Liwei Ouyang,Qingdao Academy of Intelligent Industries
Lixing Wang,Northeastern University
Lixing Yu,Case Western Reserve University
Liyuan Liu,Shandong University
Lo-Yao Yeh,National Chi Nan University
Loitongbam Gyanendro Singh,IIT Guwahati
Longjiang Guo,Shaanxi Normal University
Longxiang Gao,Deakin University
Lu Fan,The Hong Kong Polytechnic University
Lu Liu 0001,University of Leicester
Luis Felipe Giraldo,University of Los Andes
Lunfei Wang,Hefei University of Technology
Lutao Zheng,Tongji University
M. Jamal Deen,McMaster University
M. Sridevi,National Institute of Technology
Madhuri Siddula,Georgia State University
Madichetty Sreenivasulu,National Institute of Technology
Mahsa Seifikar,K. N. Toosi University of Technology
Mahyar Sharif Vaghefi,University of Wisconsin-Milwaukee
Maitry Bhavsar,IIT Patna
Majed A. AlRubaian,King Saud University
Majid Mohammadi 0001,Delft University of Technology
Man Lin,St. Francis Xavier University
Manish Bhanu,IIT Patna
Manish Gupta 0001,Microsoft
Maoguo Gong,Xidian University
Maozhen Li,Tongji University
Marakkalage Sumudu Hasala,Singapore University of Technology and Design
Marcin Grzegorzek,University of Economics in Katowice
Margarita Vitoropoulou,University of Athens
Maria Glenski,Pacific Northwest National Laboratory
Mario G. C. A. Cimino,University of Pisa
Mark H. Chignell,University of Toronto
Markus Strohmaier,GESIS - Leibniz Institute for the Social Sciences
Marthie Grobler,CSIRO
Martin Gueuning,Catholic University
Martin Innes,Cardiff University
Marzieh Soltanolkottabi,Kansas State University
Masahiro Iwahashi,Nagaoka University of Technology
Masoud Asadpour,University of Tehran
Masoud Barati,Cardiff University
Matloob Khushi,University of Sydney
Matthew J. Robbins,Future Operations Investigation Laboratory Air Force Institute of Technology Wright-Patterson Air Force Base
Matthew L. Williams,Cardiff University
Matthew S. Gerber,University of Virginia
Maunendra Sankar Desarkar,IIT Hyderabad
Maximilian Vierlboeck,Stevens Institute of Technology
Mayank Singh 0001,IIT Gandhinagar
Md Abdul Alim,University of Florida
Md. Imrul Kayes,University of South Florida
Md. Kamrul Hasan,Islamic University of Technology (IUT)
Mehrnoosh Mirtaheri,University of Southern California
Mehwish Nasim,University of Konstanz
Mei-Chu Lin,Sun Yat-sen University
Meikang Qiu,Shenzhen University
Meiqin Liu,Zhejiang University
Meizi Li,Shanghai Normal University
Meng Han,Kennesaw State University
Meng Wang,Hefei University of Technology
Meng Xi,Zhejiang University
MengChu Zhou,Macau University of Science and Technology
Mengbin Ye,Curtin University
Mengchu Zhou,King Abdulaziz University
Menglin Li,Northeast Normal University
Mengmeng Zhu,North Carolina State University
Mengzhen Kang,Qingdao Academy of Intelligent Industries
Mi Wen,Shanghai University
Mianxiong Dong,Muroran Institute of Technology
Miao Fu,Hunan University
Miao Zhao,The Hong Kong Polytechnic University
Michael H. Smith,University of California - Berkeley
Michael J. Lanham,United States Military Academy
Michael Muhlmeyer,California State University at Los Angeles
Miguel Ángel Sotelo,Polytechnic School University of Alcalá
Min Gu,Nanjing University
Min Jiang 0005,Xiamen University
Min Long,Boise State University
Min Zhan,Sichuan University
Min Zhou 0003,Beijing Jiaotong University
Minfeng Zhu,Zhejiang University
Ming Xu 0008,Tsinghua University
Mingchu Li,Dalian University of Technology
Minghao Zhao 0002,Zhejiang University
Mingjie Ling,Zhejiang Sci-Tech University
Mingliang Xu,Zhengzhou University
Mingming Chen,Tsinghua University
Mingming Zhou,Zhejiang University
Minh Hoang Trinh,Hanoi University of Science and Technology
Mizanur Rahman,Florida International University
Mo M. Jamshidi,University of Texas at San Antonio
Mohamad Jaber 0001,American University of Beirut
Mohamed E. Abd Elaziz,Zagazig University
Mohamed Y. Tazkarji,Louisiana Tech University
Mohammad Ali Manouchehri,Shiraz University
Mohammad Ehsan Basiri,Shahrekord University
Mohammad Javad Yazdanpanah,University of Tehran
Mohammad Mehedi Hassan,King Saud University
Mohammad Reza Nosouhi,University of Technology Sydney
Mohammad Sadegh Helfroush,Shiraz University
Mohammad Taghi Hajiaghayi,University of Maryland - College Park
MohammadAmin Fazli,Sharif University of Technology
Mohsen Guizani,Qatar University
Moloud Abdar,University of Quebec in Montreal
Mona Assarandarban,University of Cincinnati
Monica Tatiana Perdomo,University of Ibagué
Moojan Ghafurian,University of Waterloo
Moumita Basu,University of Engineering and Management
Mounir Frikha,University of Carthage
Muddesar Iqbal,London South Bank University
Muhammad Imran 0002,Qatar Computing Research Institute
Muhammad Iqbal,University of Sargodha
Muhammad Kazim,University of Derby
Muhammad Shahrose Khan,National University of Computer and Emerging Sciences
Munindar P. Singh,North Carolina State University
My T. Thai,University of Florida
Mykola Hayvanovych,Johns Hopkins University
Naimisha Kolli,Indian Institute of Science
Naiqi Wu,Guangdong University of Technology
Nan Niu,University of Cincinnati
Nan-Ning Zheng 0001,Xi'an Jiaotong University
Nancy E. Avis,Wake Forest School of Medicine
Nathan Henderson,Brandon University
Naveen Saini,Indian Institute of Technology Patna
Navneet Goyal,BITS Pilani
Negar Foroutan Eghlidi,Shiraz University
Nei Kato,Tohoku University
Neil Y. Yen,University of Aizu
Nemi Chandra Rathore,IIT Patna
Ngot Bui,Pennsylvania State University
Nianxia Cao,Syracuse University
Nicholas A. Ballester,Future Operations Investigation Laboratory Air Force Institute of Technology Wright-Patterson Air Force Base
Nicholaus J. Gati,Huazhong University of Science and Technology
Nicholson T. Collier,Argonne National Laboratory
Nicolas Tsapatsoulis,Cyprus University of Technology
Nikhil Cheke,IIT Patna
Nikos E. Mastorakis,Technical University of Sofia
Nikos Tziritas,Chinese Academy of Sciences
Niloy Ganguly,IIT Kharagpur
Nirmalya Chowdhury,Jadavpur University
Nisheeth Joshi,Banasthali Vidyapith
Noel Sardana,University of Waterloo
Noha Alduaiji,Majmaah University
Norbou Buchler,U.S. Army Research Laboratory
Noseong Park,University of Maryland - College Park
Nuria Oliver,Telefónica Research
Nuttirudee Charoenruk,Chulalongkorn University
Nyothiri Aung,University of Science and Technology Beijing
Oishik Chatterjee,Jadavpur University
Olaf Flak,University of Silesia
Omar Mehio,American University of Beirut
Oren Lederman,Massachusetts Institute of Technology
Paige Phillips,University of Guelph
Palash Goyal,University of Southern California
Pamela Bilo Thomas,University of Notre Dame
Pan Hui 0001,University of Helsinki
Pan Li 0001,Case Western Reserve University
Paolo Bolzern,Politecnico di Milano
Partha Pratim Roy 0001,IIT Roorkee
Patrick Benavidez,University of Texas at San Antonio
Patrizio Colaneri,Politecnico di Milano
Paul Rad,University of Texas at San Antonio
Paul Wagenseller III,Arizona State University
Paulo Jorge Leitão Adeodato,UFPE
Pawan Goyal 0002,IIT Kharagpur
Pawan Kumar Verma,GLA University
Pawel Sniatala,Poznan University of Technology
Pei Lv,Zhengzhou University
Pei-Yuan Zhou,The Hong Kong Polytechnic University
Peijun Ye,Chinese Academy of Sciences
Peikun Ni,Chinese Academy of Sciences
Peiyun Zhang,Anhui Normal University
Peng Peng,Zhejiang University
Pete Burnap,Cardiff University
Peter W. Eklund,Deakin University
Peter Willett 0001,University of Connecticut
Petros A. Ioannou,University of Southern California
Philip S. Yu,University of Illinois at Chicago
Philipp Singer,Graz University of Technology
Piao Chen,Institute of High Performance Computing
Pinaki Mitra,IIT Guwahati
Ping Deng,Southwest Jiaotong University
Ping Zhao,Donghua University
Ping-En Lu,National Tsing Hua University
Po Yang 0001,Liverpool John Moores University
Poonam Goyal,BITS Pilani
Poonam Yadav,University of Cambridge
Pouria Babvey,Stevens Institute of Technology
Prabhat Kumar,National Institute of Technology
Pradumn Kumar Pandey,IIT Roorkee
Pramod K. Varshney,Syracuse University
Pranjal Gupta,BITS Pilani
Prannay Khosla,IIT Kanpur
Prasenjit Mitra,Pennsylvania State University
Prasoon Gupta,National Institute of Technology
Prateek Agrawal,Lovely Professional University
Pratik Chattopadhyay,IIT (BHU) Varanasi
Prem Prakash Jayaraman,Massachusetts Institute of Technology
Prerna Kaushik,BITS Pilani
Pu Wang,Central South University
Pushpak Bhattacharyya,IIT Patna
Qi Kang,Tongji University
Qi Luo,Shandong University
Qi Meng,Beijing Jiaotong University
Qi Nie,Wuhan University
Qi Shi,Liverpool John Moores University
Qi Sun,Zhejiang Sci-Tech University
Qi Xuan,Zhejiang University
Qi Yang,Huazhong University of Science and Technology
Qi-dong Liu,Nanyang Technological University
Qian Jiang,Guangdong University of Technology
Qian Li,Beijing University of Posts and Telecommunications
Qian Li 0009,Chongqing University
Qiang He 0001,Swinburne University of Technology
Qiang Yang 0004,Zhejiang University
Qiang Zhang,Northwest Normal University
Qianlong Wang,Case Western Reserve University
Qiaohong Chen,Zhejiang Sci-Tech University
Qihao Lin,Fuzhou University
Qindong Sun,Xi'an University of Technology
Qing Qing,Dalian University of Technology
Qing Yang 0016,Tongji University
Qingchun Lu,Wuhan University
Qinghua Lu 0001,CSIRO
Qingpeng Zhang,City University of Hong Kong
Qingxiang Liu,Nanjing University
Qingzhan Zhao,Shihezi University
Qiqi Shuai,University of Hong Kong
Qiuyuan Yang,Dalian University of Technology
Qiuzhen Lin,Shenzhen University
Qizhi Fang,Ocean University of China
Quanbo Zha,Sichuan University
Quanwang Wu,Chongqing University
Quanyan Zhu,York University
Qun Jin,Waseda University
Quoc Van Tran,Gwangju Institute of Science and Technology (GIST)
Raby Hamadi,Stevens Institute of Technology
Radu Prodan,University of Klagenfurt
Ragab A. El-Sehiemy,Kafrelsheikh University
Rahul Mishra,IIT (BHU) Varanasi
Rahul Potharaju,Microsoft
Rajesh Basak,IIT Kharagpur
Rajib Bag,Supreme Knowledge Foundation Group of Institutions
Rajiv Ranjan,Newcastle University
Rajiv Ranjan Suman,National Institute of Technology
Rajkumar Das,Federation University Australia
Rajkumar Viral,Amity University
Rakesh Nagi,University of Illinois at Urbana-Champaign
Raksha Pavagada Subbanarasimha,International Institute of Information Technology
Ramesh Baral,Florida International University
Rami Puzis,Ben-Gurion University of the Negev
Ranjan Maity,IIT Guwahati
Raphaël Charbey,Telecom ParisTech
Rashmi Ranjan Rout,National Institute of Technology
Ravi S. Kudesia,Temple University
Ravi Sankar,University of South Florida
Renaud Lambiotte,University of Namur
Renjie He,National University of Defense Technology
Reza Boostani,Shiraz University
Reza Parsamehr,Polytechnic University of Madrid
Richard Dufour,Avignon University
Richard F. Deckro,Future Operations Investigation Laboratory Air Force Institute of Technology Wright-Patterson Air Force Base
Richi Nayak,Queensland University of Technology
Rick Siow Mong Goh,Institute of High Performance Computing
Rijk Mercuur,Delft University of Technology
Rimjhim,IIT Patna
Ritam Sarkar,Jadavpur University
Robert Jiqi Zhang,Massey University
Roberto Interdonato,University of Calabria
Robin Cohen,University of Waterloo
Rogério Luiz Cardoso Silva Filho,UFPE
Rogério Luís Rizzi,Western Paraná State University
Rohit Verma,IIT Kharagpur
Rong Zhang,Hangzhou Dianzi University
Rong-Kuan Shen,Shih Hsin University
Rongrong Jing,Chinese Academy of Sciences
Rongsheng Dong,Guilin University of Electronic Technology
Rongxing Lu,Nanyang Technological University
Roshanak R. Nilchiani,Stevens Institute of Technology
Roshni Chakraborty,IIT Patna
Ross Maciejewski,Arizona State University
Rounaq Choudhuri,RCC Institute of Information Technology
Roy L. Crole,University of Leicester
Rudra Pratap Ojha,Galgotias University
Rui Qin,Chinese Academy of Sciences
Rui Su,Jining Medical University
Rui Xu,Renmin University of China
Ruidong Yan,Renmin University of China
Ruihan Wu,Cornell University
Ruijin Wang,UESTC
Ruiqi Wang,University of Delaware
Ruixuan Li,Huazhong University of Science and Technology
Ruiyun Yu,Northeastern University
Rung-Ching Chen,Chaoyang University of Technology
Runhe Huang,Hosei University
Ruowei Gui,Xi'an Jiaotong University
Ruxin Wang,Chinese Academy of Sciences
Ryan Hare,Rowan University
Ryan Sequeira,IIT Patna
Ryan Wen Liu,Wuhan University
Ryosuke Harakawa,Nagaoka University of Technology
S. Andrew Gadsden,University of Guelph
S. P. Raja,Vel Tech
S. Sitharama Iyengar,Florida International University
Saad Razzaq,University of Sargodha
Sabitri Nanda Chakraborty,University of Kalyani
Sachin Grover,Carnegie Mellon University
Sadjad Tavakoli,Sharif University of Technology
Saeed Farzi,K. N. Toosi University of Technology
Sahraoui Dhelim,University of Science and Technology Beijing
Sai Avinash Sattiraju,University of Texas at Austin
Saket Kumar,Amity University
Samee U. Khan,Dakota State University
Sameera Horawalavithana,University of South Florida
Sami Abu-El-Haija,University of Southern California
Samit Bhattacharya,IIT Guwahati
Samya Muhuri,Bennett University
Sanasam Ranbir Singh,IIT Guwahati
Sancheng Peng,Guangdong University of Foreign Studies
Sandip Chakraborty,IIT Kharagpur
Sang Peter Chin,Boston University
Sanghamitra Bandyopadhyay,Indian Statistical Institute
Sanjana Kadaba Viswanath,Singapore University of Technology and Design
Sanjay Kumar,National Institute of Technology
Sanjit Kumar Setua,University of Calcutta
Sankar K. Pal,Indian Statistical Institute
Santiago Ramírez,University of Los Andes
Saptarshi Ghosh 0001,IIT Kharagpur
Saqib Rasool,University of Gujrat
Sarah A. Marshall,Wake Forest School of Medicine
Sarbani Roy,Jadavpur University
Sarika Jalan,IIT Indore
Sarit Kraus,Bar-Ilan University
Sasitharan Balasubramaniam,Waterford Institute of Technology
Sathisha Basavaraju,IIT Guwahati
Sattam Al Otaibi,Taif University
Sayan Bose,RCC Institute of Information Technology
Scott Dick,University of Alberta
Serhad Sarica,Singapore University of Technology and Design
Sethuraman Panchanathan,Arizona State University
Seyyed Hadi Sajadi,Sharif University of Technology
Sha Zhao,Zhejiang University
Shahla Nemati,Shahrekord University
Shajulin Benedict,Indian Institute of Information Technology
Shalini Priya,IIT Patna
Shamik Sural,IIT Kharagpur
Shancang Li,University of the West of England
Shanqing Yu,Zhejiang University
Shanshan Wei,Harbin Institute of Technology
Shanshan Zhao,University of the West of England
Shaohua Wan,Zhongnan University of Economics and Law
Shaojie Tang,University of Texas at Dallas
Shaowen Yu,China University of Petroleum
Shaoxiong Ji,Aalto University
Shasha Li,Zhejiang University
Shaurya Agarwal,California State University at Los Angeles
Shavak Agarwal,BITS Pilani
Shijian Li,Zhejiang University
Shijing Shen,Zhejiang University
Shilei Wang,Yanshan University
Shiping Wang,Fuzhou University
Shirui Pan,Monash University
Shiyan Hu,Michigan Technological University
Shoaib Jameel,University of Essex
Shohei Shimizu,Shiga University
Shou-De Lin,National Taiwan University
Shou-Fei Han,Nanjing University
Shravika Mittal,Indraprastha Institute of Information Technology Delhi
Shrisha Rao,International Institute of Information Technology
Shu-Sen Zhang,Renmin University of China
Shuai Cao,China University of Petroleum
Shuai Li 0002,Swansea University
Shuai Liu 0002,New York Institute of Technology
Shuai Wang 0005,Chinese Academy of Sciences
Shuai Zhang,Beihang University
Shuangshuang Han,Chinese Academy of Sciences
Shufang Wang,Henan Polytechnic University
Shui Yu,University of Technology Sydney
Shuiqiao Yang,University of Technology Sydney
Shujuan Ji,Shandong University
Shuning Huang,Soochow University
Shunli Zhang,Huazhong University of Science and Technology
Shuo Chen 0006,Nanyang Technological University
Shuo Yan,Chinese Academy of Sciences
Shuo Yu,Dalian University of Technology
Shuofeng Wang,Tsinghua University
Shuowei Chen,UESTC
Shuqi Xu,UESTC
Shuyi Lu,Shanghai Normal University
SiYa Yao,Tongji University
Siddhartha Bhattacharyya,Christ University
Sijian Lv,Hunan University
Silvio Romero de Lemos Meira,UFPE
Simona Doboli,Hofstra University
Siwei Liao,Huazhong University of Science and Technology
Smita Ghosh,University of Texas at Dallas
Somanath Tripathy,IIT Patna
Somang Nam,University of Toronto
Song Guo,The Hong Kong Polytechnic University
Songhua Xu,New Jersey Institute of Technology
Soo Yong Lim,National Taipei University
Soumya K. Ghosh 0001,IIT Kharagpur
Sourav Kumar Dandapat,IIT Patna
Sreekanth Madisetty,IIT Hyderabad
Sridhar Mandyam,International Institute of Information Technology
Srinath Srinivasa,International Institute of Information Technology
Srinka Basu,University of Kalyani
Sriparna Saha 0001,IIT Patna
Srivatsa Ramesh Jayashree,IIT Patna
Stamatios Giannoulakis,Cyprus University of Technology
Stavros Souravlas,University of Macedonia
Stephen L. France,Mississippi State University
Stephen Tang 0001,Liverpool John Moores University
Su Deng,National University of Defense Technology
Subhadeep Chakraborty,University of Tennessee
Subhasis Chakraborty,RCC Institute of Information Technology
Subhayan Bhattacharya,Jadavpur University
Subrata Nandi,National Institute of Technology
Sudhanshu Kumar 0002,IIT Roorkee
Sudip Misra,IIT Kharagpur
Sujoy Saha,National Institute of Technology
Suman Kalyan Maity,Northwestern University
Suman Kundu,Wrocław University of Science and Technology
Sumit Goswami,IIT Kharagpur
Surbhi Bhatia,King Faisal University
Surendra Sedhai,Nanyang Technological University
Surya Nepal,CSIRO
Susanta Chakraborty,Indian Institute of Engineering Science and Technology
Suzhen Huang,Central South University
Svitlana Volkova,Pacific Northwest National Laboratory
Swastik Brahma,Tennessee State University
Symeon Papavassiliou,University of Athens
Sérgio Endrigo Ferreira,UFPE
Tahereh Kamali,University of Waterloo
Tanima Dutta,IIT (BHU) Varanasi
Tanmoy Chakraborty 0002,Indraprastha Institute of Information Technology Delhi
Tao Li 0001,Florida International University
Tao Qin,Xi'an Jiaotong University
Tao Tang 0007,Dalian University of Technology
Tao Wang,National University of Defense Technology
Tapan Chowdhury,Indian Institute of Engineering Science and Technology
Tapan Kumar Saha,University of Queensland
Tasos Dagiuklas,London South Bank University
Thanasis Loukopoulos,University of Thessaly
Thomas Magelinski,Carnegie Mellon University
Tianchong Gao,Indiana University
Tianlong Gu,Guilin University of Electronic Technology
Tianlu Gao,Wuhan University
Tianrui Li 0001,Southwest Jiaotong University
Tiantian Chen,Ocean University of China
Tianxi Ji,Case Western Reserve University
Tianyu Qiu,Institute of Smart Healthcare Systems
Tianze Gao,Northwest Normal University
Tim Weninger,University of Notre Dame
Timo R. Nyberg,Aalto University
Tingnan Lin,Rutgers University
Tom Arjannikov,University of Victoria
Tom Snitch,University of Maryland - College Park
Tom Stafford 0001,Louisiana Tech University
Tong-Ying Tony Juang,National Taipei University
Torin Stepan,University of Alberta
Toshiya Hanada,Kyushu University
Tulika Saha,IIT Patna
Uboho Victor,Texas A&M University
Ujjwal Maulik,Jadavpur University
Ulrik Brandes,University of Konstanz
Usman Naseem,University of Sydney
V. S. Subrahmanian,Dartmouth College
Vairavan Murugappan,Illinois Institute of Technology
Vanilson André de Arruda Burégio,UFRPE
Vasant G. Honavar,Pennsylvania State University
Vasileios Karyotis,Ionian University
Venkat Venkatasubramanian,Columbia University
Victor C. M. Leung,Shenzhen University
Victor O. K. Li,University of Hong Kong
Victor R. L. Shen,Chaoyang University of Technology
Victor S. Sheng,Texas Tech University
Vijay Mago,Lakehead University
Vikram Krishnamurthy,University of British Columbia
Vinay Kumar,National Institute of Technology
Vincent Labatut,Avignon University
Vincenzo Piuri,University of Milan
Vinicius Cardoso Garcia,UFPE
Viresh Gupta,IIIT Delhi
Virginia Dignum,Delft University of Technology
Vitara Pungpapong,Chulalongkorn University
Vivek K. Singh,Massachusetts Institute of Technology
Vladimir Filkov,University of California - Davis
Wafa Alorainy,Cardiff University
Wanchun Dou,Nanjing University
Wanjiun Liao,National Taiwan University
Wanlei Zhou,University of Technology Sydney
Wanqiu Huang,Shanghai University
Wanyuan Wang,Southeast University
Wattana Viriyasitavat,Chulalongkorn University
Wayes Tushar,University of Queensland
Wei Chen,Microsoft
Wei Chen 0001,Zhejiang University
Wei Du 0004,Cornell University
Wei Duan,National University of Defense Technology
Wei Feng,Xidian University
Wei Gao,Singapore Management University
Wei Jing,Institute of High Performance Computing
Wei Li 0058,University of Sydney
Wei Liang,Hunan University
Wei Luo 0001,Deakin University
Wei Wang 0012,KAUST
Wei Wang 0077,Dalian University of Technology
Wei Wang 0088,Huazhong University of Science and Technology
Wei Wei 0006,Inner Mongolia University
Wei Wu,Zhejiang Sci-Tech University
Weichao Gong,Chinese Academic of Sciences
Weifeng Lv,Beihang University
Weihong Han,Guangzhou University
Weijia Jia 0001,University of Macau
Weijin Jiang,Hunan University
Weili Wu,University of Texas at Dallas
Weimin Li,Shanghai University
Weishan Zhang,China University of Petroleum
Wen Xu,Texas Woman's University
Wen Zhang 0001,Beijing University of Technology
Wen-Tai Li,Singapore University of Technology and Design
Wenbo He,McGill University
Wendong Zhang,Xinjiang University
Wenguo Yang,Chinese Academy of Sciences
Wenjia Li,University of Texas at Dallas
Wenjian Luo,Harbin Institute of Technology
Wenjie Ruan,University of Exeter
Wenjing Liu,Ocean University of China
Wenmin Lin,Hangzhou Normal University
Wenqi Shi,PLA Strategic Support Force Information Engineering University
Wenqing Cheng,Huazhong University of Science and Technology
Wentao Wang 0003,University of Cincinnati
Wenyi Tang,UESTC
Wenzhong Guo,Fuzhou University
Wesley L. Kaizer,Western Paraná State University
William A. Wallace,Rensselaer Polytechnic Institute
William Frankenstein,Georgetown University
William H. Batchelder,University of California - Irvine
William Hoiles,University of British Columbia
William M. Webberley,Cardiff University
William Zhu,UESTC
Wynn C. Stirling,Brigham Young University
Xi Lin,Shanghai Jiao Tong University
Xia Xie,Huazhong University of Science and Technology
Xiang Li 0006,Beijing University of Chemical Technology
Xiang Li 0010,Fudan University
Xiang Li 0016,Santa Clara University
Xiang Lin,Zhejiang University
Xiang Zhang 0011,Hefei University of Technology
Xiangjie Kong 0001,Dalian University of Technology
Xiangning Xu,Cornell University
Xiangrong Liu,Xiamen University
Xiangrong Tong,Yantai University
Xiangxiang Zeng,Hunan University
Xiangyang Luo,PLA Strategic Support Force Information Engineering University
Xiangyu Wei,Beijing Jiaotong University
Xianyu Chen,Xidian University
Xiao Geng,Central University of Finance and Economics
Xiao Wang,Chinese Academy of Sciences
Xiao Wang 0002,Chinese Academy of Sciences
Xiao Xue,Tianjin University
Xiao Yang,Shanghai Jiao Tong University
Xiao-Jie Li,Fudan University
Xiao-Ke Xu,Dalian Minzu University
Xiao-Yang Liu,Columbia University
Xiaochen He,Xi'an Jiaotong University
Xiaochun Ni,Qingdao Academy of Intelligent Industries
Xiaohui Liang,University of Massachusetts
Xiaohui Zhao,Donghua University
Xiaojiang Du,Temple University
Xiaojie Zhang,University of Massachusetts
Xiaojun Zhang,UESTC
Xiaokang Wang,Huazhong University of Science and Technology
Xiaokang Zhou,Shiga University
Xiaoliang Liu,Hunan University
Xiaolin Gui,Xi'an Jiaotong University
Xiaolong Jin,Chinese Academy of Sciences
Xiaolong Lin,South China Normal University
Xiaolong Xu 0001,Nanjing University
Xiaolong Zheng 0001,Chinese Academy of Sciences
Xiaolong Zhu,Florida International University
Xiaoming Wang 0001,Shaanxi Normal University
Xiaonan Luo,Guilin University of Electronic Technology
Xiaonan Wang 0001,Changshu Institute of Technology
Xiaoniu Yang,Zhejiang University
Xiaopeng Huang,Shenzhen University
Xiaoping Zhou,Beijing University of Civil Engineering and Architecture
Xiaoqin Shelley Zhang,University of Massachusetts
Xiaoqing Liu,Southern Illinois University
Xiaoran Yan,Indiana University
Xiaowei Liu,Stony Brook University
Xiaowei Zhang,Lanzhou University
Xiaoxian Yang,Shanghai Polytechnic University
Xiaoxiang Na,University of Cambridge
Xiaoyan Lu,Rensselaer Polytechnic Institute
Xiaoyang Liu 0001,Chongqing University
Xiaoyu Sean Lu,New Jersey Institute of Technology
Xiaozhuang Song,Southern University of Science and Technology
Xin Liu 0022,China University of Petroleum
Xin Xu,South China Normal University
Xin Zhou,Nanyang Technological University
Xing Jin,Hangzhou Dianzi University
Xinglin Zhang,South China University of Technology
Xingwei Wang 0001,Northeastern University
Xingyi Zhang,Anhui University
Xingyou Xia,Northeastern University
Xinhong Wu,Chongqing University
Xinwei Cao,Shanghai University
Xinye Cai,Nanjing University
Xishuang Dong,Texas A&M University
Xiuqin Shang,Chinese Academy of Sciences
Xiuzhen Chen,Shanghai Jiao Tong University
Xiuzhen Cheng,Shandong University
Xiwang Guo,New Jersey Institute of Technology
Xiwang Yang,York University
Xiwei Liu,Chinese Academy of Sciences
Xiwei Xu,CSIRO
Xiwu Gu,Huazhong University of Science and Technology
Xixi Li,Chongqing University
Xiyan Sun,Guilin University of Electronic Technology
Xu Zheng,UESTC
Xu Zhu,Renmin University of China
Xuan Han,Qingdao Academy of Intelligent Industries
Xuan Zhang,Renmin University of China
Xuanheng Xu,Zhejiang University
Xuanming Zhao,Changsha University of Science and Technology
Xue Li 0001,University of Queensland
Xuemin Shen,University of Waterloo
Xueqi Cheng,Chinese Academy of Sciences
Xujuan Zhou,University of Southern Queensland
Xukai Zou,Indiana University
Xun Liang 0001,Renmin University of China
Xuyun Zhang,Macquarie University
Yaakov Bar-Shalom,University of Connecticut
Yahui Wu,National University of Defense Technology
Yajie Shi,Dalian University of Technology
Yan Jia 0001,National University of Defense Technology
Yan Luo,University of Massachusetts
Yan Qiao,Macau University of Science and Technology
Yan Wu 0009,Jiangsu University
Yan Zhao 0005,Dartmouth College
Yan Zhou,Northeastern University
Yanbing Liu,Chongqing University
Yancai Xu,Chinese Academy of Sciences
Yanfen Wang,Chinese Academy of Sciences
Yang Chen 0001,Fudan University
Yang Liu 0046,New Jersey Institute of Technology
Yang Liu 0064,Michigan Technological University
Yang Wang,Hunan University
Yang Xiang 0001,Deakin University
Yang Xing,Cranfield University
Yangfu Zhu,Chongqing University
Yangyang Wu,Zhejiang University
Yanhai Xiong,Dartmouth College
Yanli Li,Changshu Institute of Technology
Yanmei Zhang,Central University of Finance and Economics
Yansen Su,Anhui University
Yantao Jia,Chinese Academy of Sciences
Yanzi Du,Xiamen University
Yap-Peng Tan,Nanyang Technological University
Yapu Zhang,Chinese Academy of Sciences
Yaqiong Zeng,Changsha University of Science and Technology
Yasuo Kudo,Muroran Institute of Technology
Yauheni Pyrloh,Belarusian State University of Informatics and Radioelectronics
Ye Li 0002,Chinese Academy of Sciences
Ye Yang,Stevens Institute of Technology
Yechao Yang,Institute of High Performance Computing
Yehia Massoud,Stevens Institute of Technology
Yi Chen 0001,New Jersey Institute of Technology
Yi Chen 0011,Muroran Institute of Technology
Yi Li 0030,University of Texas at Tyler
Yi Liu 0024,Zhejiang University
Yi Pan 0001,Georgia State University
Yi Xie 0002,Sun Yat-sen University
Yi-Feng Lan,Tunghai University
Yi-Nan Lin,Ming Chi University of Technology
Yi-Wei Chang,Sun Yat-sen University
Yibo Guo,Zhengzhou University
Yichuan Jiang,Southeast University
Yidong Li,Beijing Jiaotong University
Yifan Guo,Case Western Reserve University
Yifan Zhu,Beijing Institute of Technology
Yinan Mei,Central University of Finance and Economics
Ying Tang 0001,Dalian Maritime University
Ying Xu,Zhejiang University
Ying Zhang 0001,University of Technology Sydney
Ying-Chin Lee,National Tsing Hua University
Yinghua Huang,Zhejiang University
Yingjie Wang 0002,Yantai University
Yingshu Li,Georgia State University
Yisheng Lv,Chinese Academic of Sciences
Yishi Lee,University of Denver
Yishi Lin,Chinese University of Hong Kong
Yixian Chen,Zhejiang University
Yizhi Xu,Zhejiang University
Yizhu Chen,Chinese Academy of Sciences
Yong Guan,Iowa State University
Yong Li 0037,Beijing University of Technology
Yong Liu 0013,York University
Yong Tang,South China Normal University
Yong Yuan,Renmin University of China
Yongdong Wang,Zhejiang University
Yonglin Tian,Chinese Academy of Sciences
Yongping Zhang,Beihang University
Yongquan Liang,Shandong University
Yongshuai Liu,UESTC
Yongxia Sun,Hunan University
Yongzhong He,Beijing Jiaotong University
Youdinghuan Chen,Dartmouth College
Youyang Qu,Deakin University
Yu Chen,Binghamton University
Yu Ding,Shaanxi Normal University
Yu Gu 0003,Hefei University of Technology
Yu Luo 0003,University of Delaware
Yu Xiao 0001,Aalto University
Yu Zhang,Zhejiang Sci-Tech University
Yu-Dang Wei,Renmin University of China
Yu-Fang Chiu,National Chiao Tung University
Yu-Hsien Peng,National Tsing Hua University
Yuan Liu 0002,Northeastern University
Yuan Yuan 0012,Guilin University of Electronic Technology
Yuan Zhang 0006,UESTC
Yuanyuan Guo,Institute of Smart Healthcare Systems
Yuanzhuo Wang,Chinese Academy of Sciences
Yubao Wu,Georgia State University
Yubo Jia,Zhejiang Sci-Tech University
Yuchen Sun,Dalian University of Technology
Yucheng Dong,Sichuan University
Yue-Jiao Gong,South China University of Technology
Yuehu Liu,Xi'an Jiaotong University
Yufang Wang,Tianjin University
Yufeng Wang 0001,Nanjing University
Yufeng Yao,University of the West of England
Yuhan Chai,Guangzhou University
Yuhang Jiao 0001,Central University of Finance and Economics
Yuhua Li 0003,Huazhong University of Science and Technology
Yuke Li,Chinese Academy of Sciences
Yulei Wu,University of Exeter
Yun Feng,City University of Hong Kong
Yun Xiang,Zhejiang University
Yun Xin,Zhejiang Normal University
Yung-Yin Lo,National Taiwan University
Yunpeng Xiao,Chongqing University
Yunzhong Liu,Arizona State University
Yuping Zhang,Shanghai Normal University
Yuqi Fan,Hefei University of Technology
Yuqing Mao,Nanjing University
Yuqing Zhu 0002,California State University at Los Angeles
Yutong Li,Huazhong University of Science and Technology
Yuval Elovici,Ben-Gurion University of the Negev
Yuyu Yin,Hangzhou Dianzi University
Zachariah Sutton,University of Connecticut
Zahraa Said Abdallah,Monash University
Zainab Al Latifah,Yarmouk University
Zehong Hu,Nanyang Technological University
Zepeng Li,Lanzhou University
Zexun Jiang,Tsinghua University
Zeya Zhao,Chinese Academy of Sciences
Zhanyang Xu,Nanjing University
Zhao Yang,Huazhong University of Science and Technology
Zhao Zhang 0002,Zhejiang Normal University
Zhaosong Huang,Zhejiang University
Zhaozhong Zhang,Cranfield University
Zhe Liu 0002,IBM
Zhe Xiao,Institute of High Performance Computing
Zhefu Wu,Zhejiang University
Zhen Han,Beijing Jiaotong University
Zhen Wang 0013,Hangzhou Dianzi University
Zhenchuan Li,Tongji University
Zhendong Niu,Chinese Academic of Sciences
Zheng Dong 0002,Wayne State University
Zheng Wang,Chongqing University
Zheng Xie,National University of Defense Technology
Zheng Yan 0002,Aalto University
Zheng Yu,Princeton University
Zhenhua Huang,Tongji University
Zhenwen Zhang,Lanzhou University
Zhenyu Zhou,North China Electric Power University
Zhi Liu 0002,University of Electro-Communications
Zhi Tang,Peking University
Zhi Tian,George Mason University
Zhi-Hui Zhan,South China University of Technology
Zhi-Jie Wang 0009,Chongqing University
Zhian Ren,Huazhong University of Science and Technology
Zhigang Yu,Shandong University
Zhihao Li,Zhejiang University
Zhihe Wang,Northwest Normal University
Zhihong Tian,Guangzhou University
Zhihua Guo,Lanzhou University
Zhiling Luo,Zhejiang University
Zhiming Jiang,Chinese Academy of Sciences
Zhipeng Cai 0001,Georgia State University
Zhipeng Zhang,Liaoning Normal University
Zhiwei Zhao,UESTC
Zhiyi Hu,Wuhan University
Zhiyi Lu,University of Hong Kong
Zhiyong Feng 0002,Tianjin University
Zhiyuan Zhang,University of California - Davis
Zhong Ming 0001,Shenzhen University
Zhongyuan Jiang,Xidian University
Zhongyuan Ruan,Zhejiang University
Zhou Su,Shanghai University
Zhuhong You,Chinese Academy of Sciences
Zhujin Zhang,Zhengzhou University
Zhuming Bi,Indiana University
Zhuo Yang,Dalian University of Technology
Zi Huang,University of Queensland
Zi'ang Ding,Microsoft
Zia Ul-Qayyum,Allama Iqbal Open University
Zikai Zhang,Beijing Jiaotong University
Ziqiang Shi,Zhejiang University
Zizhong Huang,National University of Defense Technology
Alireza Esfahani,Telecommunications institute
Ariella Richardson,Lev Academic Center
Ayman Radwan,Telecommunications institute
Dong Zhang,Shanghai Academy of Social Sciences
Gerardo I. Simari,South National University
Isao Yagi,Kanagawa Institute of Technology
Mahdi Vasighi,Institute for Advanced Studies in Basic Sciences
Marie Joan Kristine Gloria,The Aspen Institute
Ning Cai 0002,Postal Scientific Research and Planning Academy
Sajid Anwar,Institute of Management Sciences
Senthilkumar Mohan,Vellore Institute of Technology
Shahid Mumtaz,Telecommunications institute
Shonali Krishnaswamy,Institute for Infocomm Research (I2R)
Shuo Liu 0005,Institute of Forensic Science
Taketoshi Yoshida,Japan Advanced Institute of Science and Technology
Tomas Pérez-Acle,University of Valparaíso
Wei Dai,Alibaba Group
Yifeng Liu,China Academy of Electronics and Information Technology
Zengxiang Li,Digital Research Institute
Zonghua Zhang,Institut Mines-Tlcom
