George Cybenko,Dartmouth College
Eunice E. Santos,University of Texas at El Paso
Vikram Krishnamurthy,University of British Columbia
H. Vincent Poor,Princeton University
Erez Shmueli,Massachusetts Institute of Technology
Vivek K. Singh,Massachusetts Institute of Technology
Alex Pentland,Massachusetts Institute of Technology
Joshua D. Guzman,Future Operations Investigation Laboratory Air Force Institute of Technology Wright-Patterson Air Force Base
Richard F. Deckro,Future Operations Investigation Laboratory Air Force Institute of Technology Wright-Patterson Air Force Base
Matthew J. Robbins,Future Operations Investigation Laboratory Air Force Institute of Technology Wright-Patterson Air Force Base
James F. Morris,Future Operations Investigation Laboratory Air Force Institute of Technology Wright-Patterson Air Force Base
Nicholas A. Ballester,Future Operations Investigation Laboratory Air Force Institute of Technology Wright-Patterson Air Force Base
Mingming Chen,Tsinghua University
Konstantin Kuzmin,Rennselaer Polytechnic Institute
Boleslaw K. Szymanski,Rennselaer Polytechnic Institute
Edoardo Serra,University of Maryland - College Park
V. S. Subrahmanian,University of Maryland - College Park
Greg Ver Steeg,University of Southern California
Aram Galstyan,University of Southern California
Alexander G. Tartakovsky,University of Connecticut
Claudia Wagner,GESIS - Leibniz Institute for the Social Sciences
Philipp Singer,Graz University of Technology
Markus Strohmaier,GESIS - Leibniz Institute for the Social Sciences
Bernardo A. Huberman,HP Labs
Erez Shmueli,Tel-Aviv University
Guy Zyskind,MIT Media Lab
Oren Lederman,MIT Media Lab
Nuria Oliver,Telefonica Research
Alex Pentland,MIT Media Lab
Amos Azaria,Carnegie Mellon University
Sarit Kraus,Bar Ilan University
V. S. Subrahmanian,University of Maryland - College Park
Jure Leskovec,Stanford University
Eric Horvitz,Microsoft
Vikram Krishnamurthy,University of British Columbia
William Hoiles,University of British Columbia
Md. Imrul Kayes,University of South Florida
Jacob Chakareski,University of Alabama
Noseong Park,University of Maryland - College Park
Edoardo Serra,University of Maryland - College Park
Tom Snitch,University of Maryland - College Park
V. S. Subrahmanian,University of Maryland - College Park
Mianxiong Dong,Muroran Institute of Technology
Rajiv Ranjan,Newcastle University
Albert Y. Zomaya,University of Sydney
Man Lin,St. Francis Xavier University
Kuan Zhang,University of Waterloo
Xiaohui Liang,University of Massachusetts
Rongxing Lu,Nanyang Technological University
Xuemin Shen,University of Waterloo
Li Lu 0001,UESTC
Yongshuai Liu,UESTC
Chao Chen 0015,Deakin University
Jun Zhang 0010,Deakin University
Yi Xie 0002,Sun Yat-sen University
Yang Xiang 0001,Deakin University
Wanlei Zhou,Deakin University
Mohammad Mehedi Hassan,King Saud University
Abdulhameed Alelaiwi,King Saud University
Majed A. AlRubaian,King Saud University
Hongyang Zhao,Zhejiang University
Huan Zhou 0002,Zhejiang University
Chengjue Yuan,Shanghai Jiao Tong University
Yinghua Huang,Zhejiang University
Jiming Chen 0001,Zhejiang University
Zheng Yan 0002,Aalto University
Wei Feng,Xidian University
Pu Wang,Xidian University
Gang Liang,McGill University
Wenbo He,McGill University
Chun Xu,Sichuan University
Liangyin Chen,Sichuan University
Jinquan Zeng,UESTC
Prem Prakash Jayaraman,RMIT University
Zahraa Said Abdallah,Monash University
Arkady B. Zaslavsky,CSIRO
Mianxiong Dong,Muroran Institute of Technology
Rajiv Ranjan,Newcastle University
Albert Y. Zomaya,University of Sydney
Man Lin,St. Francis Xavier University
Katsuya Suto,Tohoku University
Keisuke Miyanabe,Tohoku University
Hiroki Nishiyama 0001,Tohoku University
Nei Kato,Tohoku University
Mi Wen,Shanghai University
Kaoru Ota,Muroran Institute of Technology
He Li 0001,Muroran Institute of Technology
Jingsheng Lei,Shanghai University
Chunhua Gu,Shanghai University
Zhou Su,Shanghai University
Yang Liu 0064,Michigan Technological University
Shiyan Hu,Michigan Technological University
Yuan Zhang 0006,UESTC
Chunxiang Xu,UESTC
Shui Yu,Deakin University
Hongwei Li 0001,Chinese Academy of Sciences
Xiaojun Zhang,UESTC
Charith Perera,Open University
Dumidu S. Talagala,University of Surrey
Chi Harold Liu,Beijing Institute of Technology
Júlio Cezar Estrella,University of São Paulo
Nikos Tziritas,Chinese Academy of Sciences
Thanasis Loukopoulos,University of Thessaly
Samee U. Khan,Dakota State University
Cheng-Zhong Xu 0001,Chinese Academy of Sciences
Sudip Misra,IIT Kharagpur
Sumit Goswami,IIT Kharagpur
Farshad Salimi Naneh Karan,University of Tennessee
Subhadeep Chakraborty,University of Tennessee
Erica Briscoe,Georgia Institute of Technology
Darren Scott Appling,Georgia Institute of Technology
Joel Schlosser,Georgia Institute of Technology
Zhe Liu 0002,IBM
Bernard J. Jansen,Qatar Computing Research Institute
Chao Chen 0015,Deakin University
Jun Zhang 0010,Deakin University
Yi Xie 0002,Sun Yat-sen University
Yang Xiang 0001,Deakin University
Wanlei Zhou,Deakin University
Mohammad Mehedi Hassan,King Saud University
Abdulhameed Alelaiwi,King Saud University
Yang Liu 0046,New Jersey Institute of Technology
Songhua Xu,New Jersey Institute of Technology
Sarah A. Marshall,Wake Forest School of Medicine
Nancy E. Avis,Wake Forest School of Medicine
Edward H. Ip,Wake Forest School of Medicine
Ngot Bui,Pennsylvania State University
John Yen,Pennsylvania State University
Vasant G. Honavar,Pennsylvania State University
Alireza Farasat,University at Buffalo
Geoff A. Gross,University at Buffalo
Rakesh Nagi,University of Illinois at Urbana–Champaign
Alexander G. Nikolaev,University at Buffalo
Feng Xia 0001,Dalian University of Technology
Behrouz Jedari,Dalian University of Technology
Laurence Tianruo Yang,St. Francis Xavier University
Jianhua Ma,Hosei University
Runhe Huang,Hosei University
Mehwish Nasim,University of Konstanz
Raphaël Charbey,Telecom ParisTech
Christophe Prieur,Telecom ParisTech
Ulrik Brandes,University of Konstanz
Srinka Basu,University of Kalyani
Ujjwal Maulik,Jadavpur University
Oishik Chatterjee,Jadavpur University
Camellia Sarkar,IIT Indore
Sarika Jalan,IIT Indore
Duan-Shin Lee,National Tsing Hua University
Cheng-Shang Chang,National Tsing Hua University
Guangmo Amo Tong,University of Texas at Dallas
Shasha Li,Zhejiang University
Weili Wu,University of Texas at Dallas
Ding-Zhu Du,University of Texas at Dallas
Torin Stepan,University of Alberta
Jason M. Morawski,University of Alberta
Scott Dick,University of Alberta
James Miller 0001,University of Alberta
Yuqing Mao,Nanjing University
Haifeng Shen,Flinders University
Xiwang Yang,York University
Chao Liang,York University
Miao Zhao,The Hong Kong Polytechnic University
Hongwei Wang 0004,Shanghai Jiao Tong University
Hao Ding 0006,York University
Yong Liu 0013,York University
Negar Foroutan Eghlidi,Shiraz University
Ali Hamzeh,Shiraz University
Anup K. Kalia,IBM
Norbou Buchler,U.S. Army Research Laboratory
Arwen H. DeCostanza,U.S. Army Research Laboratory
Munindar P. Singh,North Carolina State University
Sang Peter Chin,Boston University
Jonathan Cohen,Johns Hopkins University
Alison Albin,Johns Hopkins University
Mykola Hayvanovych,Johns Hopkins University
Elizabeth Reilly,Johns Hopkins University
Gavin Brown,Boston University
Jacob Harer,Boston University
Fei-Yue Wang 0001,Chinese Academy of Sciences
Yuqing Zhu 0002,California State University at Los Angeles
Deying Li 0001,Renmin University of China
Ruidong Yan,Renmin University of China
Weili Wu,University of Texas at Dallas
Abigail Paradise,Ben-Gurion University of the Negev
Asaf Shabtai,Ben-Gurion University of the Negev
Rami Puzis,Ben-Gurion University of the Negev
Aviad Elyashar,Ben-Gurion University of the Negev
Yuval Elovici,Ben-Gurion University of the Negev
Yantao Jia,Chinese Academy of Sciences
Yuanzhuo Wang,Chinese Academy of Sciences
Xiaolong Jin,Chinese Academy of Sciences
Zeya Zhao,Chinese Academy of Sciences
Xueqi Cheng,Chinese Academy of Sciences
Keith Paarporn,Georgia Institute of Technology
Ceyhun Eksin,Georgia Institute of Technology
Joshua S. Weitz,Georgia Institute of Technology
Jeff S. Shamma,King Abdullah University of Science and Technology
Denis Gracanin,Virginia Tech
Hicham G. Elmongui,Alexandria University
Geoffrey P. Morgan,Carnegie Mellon University
Michael J. Lanham,United States Military Academy
William Frankenstein,Georgetown University
Kathleen M. Carley,Carnegie Mellon University
Rahul Potharaju,Microsoft
Mizanur Rahman,Florida International University
Bogdan Carbunar,Florida International University
Zhiyi Lu,University of Hong Kong
Victor O. K. Li,University of Hong Kong
Kuang Xu,University of Hong Kong
Yuan Liu 0002,Northeastern University
Jie Zhang 0002,Nanyang Technological University
Quanyan Zhu,York University
Xingwei Wang 0001,Northeastern University
Yong Yuan,Chinese Academy of Sciences
Fei-Yue Wang 0001,Chinese Academy of Sciences
Daniel Zeng,Chinese Academy of Sciences
Fei-Yue Wang 0001,Chinese Academy of Sciences
Maria Glenski,University of Notre Dame
Corey Pennycuff,University of Notre Dame
Tim Weninger,University of Notre Dame
Qingpeng Zhang,City University of Hong Kong
Xingyi Zhang,Anhui University
Congtao Wang,Anhui University
Yansen Su,Anhui University
Linqiang Pan,Huazhong University of Science and Technology
Hai-Feng Zhang 0003,Anhui University
Poonam Yadav,University of Cambridge
Ioannis Charalampidis,CERN
Jeremy Cohen,Imperial College London
John Darlington,Imperial College London
François Grey,University of Geneva
José Aguilar 0001,University of Los Andes
Gerardo Garcia,University of Los Andes
Cheng-Te Li,National Cheng Kung University
Shou-De Lin,National Taiwan University
Diego Perna,University of Calabria
Roberto Interdonato,University of Calabria
Andrea Tagarelli,University of Calabria
Sarbani Roy,Jadavpur University
Congyu Wu,University of Virginia
Matthew S. Gerber,University of Virginia
Yang Xing,Cranfield University
Chen Lv,Cranfield University
Zhaozhong Zhang,Cranfield University
Huaji Wang,Cranfield University
Xiaoxiang Na,University of Cambridge
Dongpu Cao,Cranfield University
Efstathios Velenis,Cranfield University
Fei-Yue Wang 0001,Chinese Academy of Sciences
Klimis S. Ntalianis,Athens University of Applied Sciences
Anastasios D. Doulamis,University of Athens
Nicolas Tsapatsoulis,Cyprus University of Technology
Nikos E. Mastorakis,Technical University of Sofia
Alun D. Preece,Cardiff University
Irena Spasic,Cardiff University
Kieran Evans,Cardiff University
David H. Rogers,Cardiff University
William M. Webberley,Cardiff University
Colin Roberts,Cardiff University
Martin Innes,Cardiff University
Yahui Wu,National University of Defense Technology
Su Deng,National University of Defense Technology
Hongbin Huang,National University of Defense Technology
Khobaib Zaamout,University of Calgary
Ken Barker 0001,University of Calgary
Yung-Yin Lo,National Taiwan University
Wanjiun Liao,National Taiwan University
Cheng-Shang Chang,National Tsing Hua University
Ying-Chin Lee,National Tsing Hua University
Surendra Sedhai,Nanyang Technological University
Aixin Sun,Nanyang Technological University
Peijun Ye,Chinese Academy of Sciences
Shuai Wang 0005,Chinese Academy of Sciences
Fei-Yue Wang 0001,Chinese Academy of Sciences
Eunice E. Santos,Illinois Institute of Technology
Eugene Santos,Dartmouth College
John Korah,Illinois Institute of Technology
Jeremy E. Thompson,Dartmouth College
Yan Zhao 0005,Dartmouth College
Vairavan Murugappan,Illinois Institute of Technology
Jacob Russell,Dartmouth College
Yu Luo 0003,Columbia University
Garud Iyengar,Columbia University
Venkat Venkatasubramanian,Columbia University
Rong-Kuan Shen,Shih Hsin University
Yi-Nan Lin,Ming Chi University of Technology
Tong-Ying Tony Juang,National Taipei University
Victor R. L. Shen,Chaoyang University of Technology
Soo Yong Lim,National Taipei University
Alex Cassidy,Washington University in St. Louis
Eric Cawi,Washington University in St. Louis
Arye Nehorai,Washington University in St. Louis
Stavros Souravlas,University of Macedonia
Angelo Sifaleras,University of Macedonia
Shuai Wang 0005,Chinese Academy of Sciences
Xiao Wang 0002,Chinese Academy of Sciences
Peijun Ye,Chinese Academy of Sciences
Yong Yuan,Chinese Academy of Sciences
Fei-Yue Wang 0001,Chinese Academy of Sciences
Eleni Stai,EPFL
Eirini Milaiou,University of Athens
Vasileios Karyotis,University of Athens
Symeon Papavassiliou,University of Athens
Rongsheng Dong,Guilin University of Electronic Technology
Qingpeng Zhang,City University of Hong Kong
Guoyong Cai,Guilin University of Electronic Technology
Shrisha Rao,International Institute of Information Technology
Wayes Tushar,University of Queensland
Chau Yuen,Singapore University of Technology and Design
Wen-Tai Li,Singapore University of Technology and Design
David B. Smith 0001,CSIRO
Tapan Kumar Saha,University of Queensland
Kristin L. Wood,Singapore University of Technology and Design
Fei-Yue Wang 0001,Chinese Academy of Sciences
Yong Yuan,Chinese Academy of Sciences
Chunming Rong,University of Stavanger
Jun Jason Zhang,University of Denver
Cong Yang,University of Siegen
Olaf Flak,University of Silesia
Marcin Grzegorzek,University of Economics in Katowice
Ji Li 0007,Georgia State University
Zhipeng Cai 0001,Georgia State University
Jinbao Wang,Harbin Institute of Technology
Meng Han,Kennesaw State University
Yingshu Li,Georgia State University
Alireza Louni,Stevens Institute of Technology
K. P. Subbalakshmi,Stevens Institute of Technology
Yishi Lin,Chinese University of Hong Kong
Wei Chen,Microsoft
John C. S. Lui,Chinese University of Hong Kong
Stephen L. France,Mississippi State University
Mahyar Sharif Vaghefi,University of Wisconsin-Milwaukee
William H. Batchelder,University of California - Irvine
Samya Muhuri,Indian Institute of Engineering Science and Technology
Susanta Chakraborty,Indian Institute of Engineering Science and Technology
Sabitri Nanda Chakraborty,University of Kalyani
Eugenius Kaszkurewicz,Federal University of Rio de Janeiro
Amit Bhaya,Federal University of Rio de Janeiro
Pei-Yuan Zhou,The Hong Kong Polytechnic University
Keith C. C. Chan,The Hong Kong Polytechnic University
Carol Xiaojuan Ou,Tilburg University
Koustav Rudra,IIT Kharagpur
Ashish Sharma 0004,IIT Kharagpur
Niloy Ganguly,IIT Kharagpur
Saptarshi Ghosh 0001,IIT Kharagpur
Alan Kuhnle,University of Florida
Md Abdul Alim,University of Florida
Xiang Li 0016,University of Florida
Huiling Zhang,University of Florida
My T. Thai,University of Florida
Yunpeng Xiao,Chongqing University
Xixi Li,Chongqing University
Haohan Wang,Carnegie Mellon University
Ming Xu 0008,Tsinghua University
Yanbing Liu,Chongqing University
William A. Wallace,Rensselaer Polytechnic Institute
Ghita Mezzour,International University of Rabat
William Frankenstein,Georgetown University
Kathleen M. Carley,Carnegie Mellon University
L. Richard Carley,Carnegie Mellon University
Guangmo Tong,University of Texas at Dallas
Weili Wu,University of Texas at Dallas
Ding-Zhu Du,University of Texas at Dallas
Xiaokang Wang,Huazhong University of Science and Technology
Wei Wang 0088,Huazhong University of Science and Technology
Laurence T. Yang,Huazhong University of Science and Technology
Siwei Liao,Huazhong University of Science and Technology
Dexiang Yin,Huazhong University of Science and Technology
M. Jamal Deen,McMaster University
Kamal Taha,Khalifa University
Qi Xuan,Zhejiang University
Mingming Zhou,Zhejiang University
Zhiyuan Zhang,University of California - Davis
Chenbo Fu,Zhejiang University
Yun Xiang,Zhejiang University
Zhefu Wu,Zhejiang University
Vladimir Filkov,University of California - Davis
Jin-Hee Cho,U.S. Army Research Laboratory
Kashif Zia,Sohar University
Dinesh Kumar Saini,Sohar University
Arshad Muhammad 0001,Sohar University
Alois Ferscha,Johannes Kepler University
Xiao Wang 0002,Qingdao Academy of Intelligent Industries
Fei-Yue Wang 0001,National University of Defense Technology
Ge Guo,Dalian Maritime University
Dandan Li,Dalian Maritime University
Noha Alduaiji,Majmaah University
Amitava Datta,University of Western Australia
Jianxin Li 0001,University of Western Australia
Li Li 0013,Tsinghua University
Shuofeng Wang,Tsinghua University
Fei-Yue Wang 0001,Chinese Academy of Sciences
Juanjuan Li,Qingdao Academy of Intelligent Industries
Xiaochun Ni,Qingdao Academy of Intelligent Industries
Yong Yuan,Qingdao Academy of Intelligent Industries
Fei-Yue Wang 0001,Chinese Academy of Sciences
Yong Yuan,Qingdao Academy of Intelligent Industries
Juanjuan Li,Qingdao Academy of Intelligent Industries
Dongpu Cao,University of Waterloo
Lingxi Li,Indiana University
Petros A. Ioannou,University of Southern California
Miguel Ángel Sotelo,Polytechnic School University of Alcalá
Dmitri Goldenberg,Tel-Aviv University
Alon Sela,Ariel University
Erez Shmueli,Tel-Aviv University
Pratik Chattopadhyay,IIT (BHU) Varanasi
Lipo Wang,Nanyang Technological University
Yap-Peng Tan,Nanyang Technological University
Lixing Wang,Northeastern University
Juanjuan Li,Beijing Institute of Technology
Shuai Wang 0005,Chinese Academy of Sciences
Yong Yuan,Qingdao Academy of Intelligent Industries
Xiaochun Ni,Qingdao Academy of Intelligent Industries
Fei-Yue Wang 0001,National University of Defense Technology
Zehong Hu,Nanyang Technological University
Jie Zhang 0002,Nanyang Technological University
Bay-Yuan Hsu,University of California - Santa Barbara
Yi-Feng Lan,Tunghai University
Chih-Ya Shen,National Tsing Hua University
Seyyed Hadi Sajadi,Sharif University of Technology
MohammadAmin Fazli,Sharif University of Technology
Jafar Habibi,Sharif University of Technology
Wei Wei 0006,Xi’an University of Technology
Shuai Liu 0002,Inner Mongolia University
Wenjia Li,New York Institute of Technology
Ding-Zhu Du,University of Texas at Dallas
Rui Qin,Qingdao Academy of Intelligent Industries
Yong Yuan,Qingdao Academy of Intelligent Industries
Fei-Yue Wang 0001,Chinese Academy of Sciences
Xiao Xue,Tianjin University
Giagia Gao,Henan Polytechnic University
Shufang Wang,Henan Polytechnic University
Zhiyong Feng 0002,Tianjin University
Youyang Qu,Deakin University
Shui Yu,University of Technology Sydney
Longxiang Gao,Deakin University
Wanlei Zhou,University of Technology Sydney
Sancheng Peng,Guangdong University of Foreign Studies
Honghao Gao,Shanghai University
Wanqiu Huang,Shanghai University
Xiaoxian Yang,Shanghai Polytechnic University
Lutao Zheng,Tongji University
Guanjun Liu,Tongji University
Chungang Yan,Tongji University
Changjun Jiang,Tongji University
Qingpeng Zhang,City University of Hong Kong
Dominic DiFranzo,Cornell University
Bassem Makni,IBM
James A. Hendler,Rensselaer Polytechnic Institute
Suman Kalyan Maity,Northwestern University
Animesh Mukherjee 0001,IIT Kharagpur
Jun Jason Zhang,Chinese Academy of Sciences
Fei-Yue Wang 0001,Chinese Academy of Sciences
Xiao Wang 0002,Chinese Academy of Sciences
Gang Xiong 0001,Chinese Academy of Sciences
Fenghua Zhu,Chinese Academy of Sciences
Yisheng Lv,Chinese Academy of Sciences
Jiachen Hou,Qingdao Academy of Intelligent Industries
Shuangshuang Han,Chinese Academy of Sciences
Yong Yuan,Chinese Academy of Sciences
Qingchun Lu,Wuhan University
Yishi Lee,University of Denver
Suman Kundu,Wrocław University of Science and Technology
Sankar K. Pal,Indian Statistical Institute
Feng Wang 0020,Fujian University of Technology
Li Xu 0002,Fujian Normal University
Wei Gao,Ludong University
Xiaoyan Lu,Rensselaer Polytechnic Institute
Boleslaw K. Szymanski,Rensselaer Polytechnic Institute
Chengwen Luo 0001,Shenzhen University
Chaoxi Li,Shenzhen University
Hande Hong,National University of Singapore
Jianqiang Li 0001,Shenzhen University
Wei Li 0058,University of Sydney
Zhong Ming 0001,Shenzhen University
Albert Y. Zomaya,University of Sydney
Jonathan Ozik,Argonne National Laboratory
Nicholson T. Collier,Argonne National Laboratory
Justin M. Wozniak,Argonne National Laboratory
Charles M. Macal,Argonne National Laboratory
Gary An,University of Chicago
Fei-Yue Wang 0001,Chinese Academy of Sciences
Yong Yuan,Qingdao Academy of Intelligent Industries
Jun Zhang 0040,Chinese Academy of Sciences
Rui Qin,Qingdao Academy of Intelligent Industries
Michael H. Smith,University of California - Berkeley
Palash Goyal,University of Southern California
Homa Hosseinmardi,University of Southern California
Emilio Ferrara,University of Southern California
Aram Galstyan,University of Southern California
Xiaonan Wang 0001,Changshu Institute of Technology
Yanli Li,Changshu Institute of Technology
Xingwei Wang 0001,Northeastern University
Zhiyi Lu,University of Hong Kong
Victor O. K. Li,University of Hong Kong
Qiqi Shuai,University of Hong Kong
Shuai Wang 0005,Chinese Academy of Sciences
Jing Wang,Institute of Smart Healthcare Systems
Xiao Wang 0002,Qingdao Academy of Intelligent Industries
Tianyu Qiu,Institute of Smart Healthcare Systems
Yong Yuan,Qingdao Academy of Intelligent Industries
Liwei Ouyang,Chinese Academy of Sciences
Yuanyuan Guo,Institute of Smart Healthcare Systems
Fei-Yue Wang 0001,Qingdao Academy of Intelligent Industries
Paul Wagenseller III,Arizona State University
Feng Wang 0002,Arizona State University
Weili Wu,University of Texas at Dallas
Shu-Sen Zhang,Renmin University of China
Xun Liang 0001,Renmin University of China
Xuan Zhang,Renmin University of China
Rui Xu,Renmin University of China
Sreekanth Madisetty,IIT Hyderabad
Maunendra Sankar Desarkar,IIT Hyderabad
Yuke Li,Chinese Academy of Sciences
Jian Yang,Chinese Academy of Sciences
Dongpu Cao,University of Waterloo
Fei-Yue Wang 0001,National University of Defense Technology
Noel Sardana,University of Waterloo
Robin Cohen,University of Waterloo
Jie Zhang 0002,Nanyang Technological University
Shuo Chen 0006,Nanyang Technological University
Tianchong Gao,Indiana University
Feng Li 0001,Indiana University
Yu Chen,Binghamton University
Xukai Zou,Indiana University
Kamal Berahmand,Azarbaijan Shahid Madani University
Asgarali Bouyer,Azarbaijan Shahid Madani University
Min Zhou 0003,Beijing Jiaotong University
Hairong Dong,Beijing Jiaotong University
Bin Ning,Beijing Jiaotong University
Fei-Yue Wang 0001,National University of Defense Technology
Christopher C. Yang,Drexel University
Ling Jiang,Drexel University
Keng-Pei Lin,Sun Yat-sen University
Yi-Wei Chang,Sun Yat-sen University
Chih-Ya Shen,National Tsing Hua University
Mei-Chu Lin,Sun Yat-sen University
Maria Glenski,University of Notre Dame
Tim Weninger,University of Notre Dame
Svitlana Volkova,Pacific Northwest National Laboratory
Ankan Mullick,Microsoft
Pawan Goyal 0002,IIT Kharagpur
Niloy Ganguly,IIT Kharagpur
Manish Gupta 0001,Microsoft
Eric Lancaster,University of Maryland - College Park
Tanmoy Chakraborty 0002,Indraprastha Institute of Information Technology Delhi
V. S. Subrahmanian,Dartmouth College
Rogério Luís Rizzi,Western Paraná State University
Wesley L. Kaizer,Western Paraná State University
Claudia Brandelero Rizzi,Western Paraná State University
Guilherme Galante,Western Paraná State University
Tianlong Gu,Guilin University of Electronic Technology
Minfeng Zhu,Zhejiang University
Wei Chen 0001,Zhejiang University
Zhaosong Huang,Zhejiang University
Ross Maciejewski,Arizona State University
Liang Chang 0003,Guilin University of Electronic Technology
Shancang Li,University of the West of England
Shanshan Zhao,University of the West of England
Yong Yuan,Chinese Academy of Sciences
Qindong Sun,Xi’an University of Technology
Kewang Zhang,Xi’an Jiaotong University
Lifei Lu,Shanghai Jiao Tong University
Lida Xu,Old Dominion University
Boyi Xu,Shanghai Jiao Tong University
Guoqiang Li 0001,Shanghai Jiao Tong University
Hongming Cai,Shanghai Jiao Tong University
Nan Niu,University of Cincinnati
Wentao Wang 0003,University of Cincinnati
Arushi Gupta,University of Cincinnati
Mona Assarandarban,University of Cincinnati
Li Da Xu,Chinese Academy of Sciences
Jing-Ru C. Cheng,U.S. Army Engineer Research and Development Center
Hao Jiang 0010,Wuhan University
Zhiyi Hu,Wuhan University
Lintao Yang,Central China Normal University
Bo Zhou 0001,Liverpool John Moores University
Curtis L. Maines,Liverpool John Moores University
Stephen Tang 0001,Liverpool John Moores University
Qi Shi,Liverpool John Moores University
Po Yang 0001,Liverpool John Moores University
Qiang Yang 0004,Zhejiang University
Jun Qi,Liverpool John Moores University
Fei-Yue Wang 0001,Chinese Academy of Sciences
Pu Wang,Central South University
Juanjuan Li,Qingdao Academy of Intelligent Industries
Yong Yuan,Qingdao Academy of Intelligent Industries
Xiao Wang 0002,Qingdao Academy of Intelligent Industries
Xiaoyang Liu 0001,Chongqing University
Daobing He,Chongqing University
Chao Liu,Chongqing University
Damian A. Tamburri,Eindhoven University of Technology
Vincent Labatut,Avignon University
Richard Dufour,Avignon University
Georges Linarès,Avignon University
Kazumasa Oida,Fukuoka Institute of Technology
Kyota Okubo,Fukuoka Institute of Technology
Jia Wang,Northeastern University
MengChu Zhou,New Jersey Institute of Technology
Xiwang Guo,New Jersey Institute of Technology
Liang Qi,Shandong University
Marakkalage Sumudu Hasala,Singapore University of Technology and Design
Serhad Sarica,Singapore University of Technology and Design
Billy Pik Lik Lau,Singapore University of Technology and Design
Sanjana Kadaba Viswanath,Singapore University of Technology and Design
Balasubramaniam Thirunavukarasu,Queensland University of Technology
Chau Yuen,Singapore University of Technology and Design
Belinda Yuen,Singapore University of Technology and Design
Jianxi Luo,Singapore University of Technology and Design
Richi Nayak,Queensland University of Technology
Hong Mo,Changsha University of Science and Technology
Kefu Yan,Changsha University of Science and Technology
Xuanming Zhao,Changsha University of Science and Technology
Yaqiong Zeng,Changsha University of Science and Technology
Xiao Wang 0002,Qingdao Academy of Intelligent Industries
Fei-Yue Wang 0001,Chinese Academy of Sciences
Leonardo Maccari,University of Trento
Wenguo Yang,Chinese Academy of Sciences
Jing Yuan 0002,University of Texas at Dallas
Weili Wu,University of Texas at Dallas
Jianmin Ma,Hebei Normal University
Ding-Zhu Du,University of Texas at Dallas
Kenji Saito,Keio University
Toshiya Hanada,Kyushu University
Athina Thanou,University of Athens
Eirini-Eleni Tsiropoulou,University of New Mexico
Symeon Papavassiliou,University of Athens
Ranjan Maity,IIT Guwahati
Samit Bhattacharya,IIT Guwahati
Fatima K. Abu Salem,American University of Beirut
Mohamad Jaber 0001,American University of Beirut
Omar Mehio,American University of Beirut
Eunice E. Santos,Illinois Institute of Technology
John Korah,Illinois Institute of Technology
Jeremy R. Cole,Google
Moojan Ghafurian,University of Waterloo
David Reitter,Google
Wei Wei 0006,Inner Mongolia University
Shuai Liu 0002,New York Institute of Technology
Wenjia Li,University of Texas at Dallas
Ding-Zhu Du,University of Texas at Dallas
Nan Niu,University of Cincinnati
Wentao Wang 0003,University of Cincinnati
Arushi Gupta,University of Cincinnati
Mona Assarandarban,University of Cincinnati
Li Da Xu,Old Dominion University
Jing-Ru C. Cheng,U.S. Army Engineer Research and Development Center
Fei-Yue Wang 0001,Chinese Academy of Sciences
Ying Tang 0001,Rowan University
Xiwei Liu,Chinese Academy of Sciences
Yong Yuan,Qingdao Academy of Intelligent Industries
Michael Muhlmeyer,California State University at Los Angeles
Jiheng Huang,California State University at Los Angeles
Shaurya Agarwal,California State University at Los Angeles
Rajesh Basak,IIT Kharagpur
Shamik Sural,IIT Kharagpur
Niloy Ganguly,IIT Kharagpur
Soumya K. Ghosh 0001,IIT Kharagpur
Chi Zhang,Xi’an Jiaotong University
Yuehu Liu,Xi’an Jiaotong University
Li Li 0013,Tsinghua University
Nan-Ning Zheng 0001,Xi’an Jiaotong University
Fei-Yue Wang 0001,Chinese Academy of Sciences
Han Liu 0002,Cardiff University
Pete Burnap,Cardiff University
Wafa Alorainy,Cardiff University
Matthew L. Williams,Cardiff University
Lianggui Liu,Zhejiang Sci-Tech University
Lingmin Wang,Zhejiang Sci-Tech University
Wei Wu,Zhejiang Sci-Tech University
Huiling Jia,Zhejiang Sci-Tech University
Yu Zhang,Zhejiang Sci-Tech University
Wynn C. Stirling,Brigham Young University
Marzieh Soltanolkottabi,Kansas State University
David Ben-Arieh,Kansas State University
Chih-Hang Wu,Kansas State University
Xiaonan Luo,Guilin University of Electronic Technology
Yuan Yuan 0012,Guilin University of Electronic Technology
Zhihao Li,Zhejiang University
Minfeng Zhu,Zhejiang University
Ying Xu,Zhejiang University
Liang Chang 0003,Guilin University of Electronic Technology
Xiyan Sun,Guilin University of Electronic Technology
Zi'ang Ding,Microsoft
Xiao Geng,Central University of Finance and Economics
Yanmei Zhang,Central University of Finance and Economics
Yuhang Jiao 0001,Central University of Finance and Economics
Yinan Mei,Central University of Finance and Economics
Xiaoyu Sean Lu,New Jersey Institute of Technology
MengChu Zhou,New Jersey Institute of Technology
Liang Qi,Shandong University
Haoyue Liu,New Jersey Institute of Technology
Wei Wang 0077,Dalian University of Technology
Jiaying Liu 0006,Dalian University of Technology
Zhuo Yang,Dalian University of Technology
Xiangjie Kong 0001,Dalian University of Technology
Feng Xia 0001,Dalian University of Technology
Dixon Vimalajeewa,Waterford Institute of Technology
Sasitharan Balasubramaniam,Waterford Institute of Technology
Chamil Kulatunga,University College Dublin
Qian Li 0009,Beijing University of Posts and Telecommunications
Liangyun Liu,Chongqing University
Ming Xu 0008,Tsinghua University
Bin Wu 0001,Beijing University of Posts and Telecommunications
Yunpeng Xiao,Chongqing University
Sachin Grover,Carnegie Mellon University
Chiara Pulice,Dartmouth College
V. S. Subrahmanian,Dartmouth College
Tingnan Lin,Rutgers University
Hoang Pham,Rutgers University
Pei Lv,Zhengzhou University
Zhujin Zhang,Zhengzhou University
Chaochao Li,Zhengzhou University
Yibo Guo,Zhengzhou University
Bing Zhou,Zhengzhou University
Mingliang Xu,Zhengzhou University
Fei-Yue Wang 0001,Chinese Academy of Sciences
Jun Jason Zhang,Chinese Academy of Sciences
Rui Qin,Qingdao Academy of Intelligent Industries
Yong Yuan,Qingdao Academy of Intelligent Industries
Huansheng Ning,University of Science and Technology Beijing
Sahraoui Dhelim,University of Science and Technology Beijing
Nyothiri Aung,University of Science and Technology Beijing
Xiangjie Kong 0001,Dalian University of Technology
Menglin Li,Northeast Normal University
Gaoxing Zhao,Dalian University of Technology
Huijie Zhang,Dalian University of Technology
Feng Xia 0001,Dalian University of Technology
Yingjie Wang 0002,Yantai University
Zhipeng Cai 0001,Georgia State University
Zhi-Hui Zhan,South China University of Technology
Yue-Jiao Gong,South China University of Technology
Xiangrong Tong,Yantai University
Jian Li 0032,Tongji University
Guanjun Liu,Tongji University
Chungang Yan,Tongji University
Changjun Jiang,Tongji University
Ayan Kumar Bhowmick,IIT Kharagpur
Martin Gueuning,Catholic University
Jean-Charles Delvenne,Catholic University
Renaud Lambiotte,University of Namur
Bivas Mitra,IIT Kharagpur
Jinyin Chen,Zhejiang University
Yangyang Wu,Zhejiang University
Lu Fan,The Hong Kong Polytechnic University
Xiang Lin,Zhejiang University
Haibin Zheng,Zhejiang University
Shanqing Yu,Zhejiang University
Qi Xuan,Zhejiang University
Qian Li 0009,Chongqing University
Zheng Wang,Chongqing University
Bin Wu 0001,Beijing University of Posts and Telecommunications
Yunpeng Xiao,Chongqing University
Wenguo Yang,Chinese Academy of Sciences
Jianmin Ma,Hebei Normal University
Yi Li 0030,University of Texas at Tyler
Ruidong Yan,Renmin University of China
Jing Yuan 0002,University of Texas at Dallas
Weili Wu,University of Texas at Dallas
Deying Li 0001,Renmin University of China
Jinyin Chen,Zhejiang University
Lihong Chen,Zhejiang University
Yixian Chen,Zhejiang University
Minghao Zhao 0002,Zhejiang University
Shanqing Yu,Zhejiang University
Qi Xuan,Zhejiang University
Xiaoniu Yang,Zhejiang University
Shiping Wang,Fuzhou University
Jinyu Cai,Fuzhou University
Qihao Lin,Fuzhou University
Wenzhong Guo,Fuzhou University
Chen Diao,Ningxia University
Bo-Han Yan,Henan University of Economics and Law
Hadi Tajalizadeh,Shiraz University
Reza Boostani,Shiraz University
Rung-Ching Chen,Chaoyang University of Technology
Hendry,Chaoyang University of Technology
Jing Hua,Qingdao Academy of Intelligent Industries
Haoyu Wang,Chinese Academy of Sciences
Mengzhen Kang,Qingdao Academy of Intelligent Industries
Fei-Yue Wang 0001,Chinese Academy of Sciences
Rajkumar Das,Federation University Australia
Joarder Kamruzzaman,Federation University Australia
Gour C. Karmakar,Federation University Australia
Qi Meng,Beijing Jiaotong University
Min Zhou 0003,Beijing Jiaotong University
Jiali Liu,Beijing Jiaotong University
Hairong Dong,Beijing Jiaotong University
Yu Luo 0003,University of Delaware
Garud Iyengar,Columbia University
Venkat Venkatasubramanian,Columbia University
Xiaonan Wang 0001,Changshu Institute of Technology
Yanli Li,Changshu Institute of Technology
Stamatios Giannoulakis,Cyprus University of Technology
Nicolas Tsapatsoulis,Cyprus University of Technology
Moumita Basu,University of Engineering and Management
Anurag Shandilya,IIT Kharagpur
Prannay Khosla,IIT Kanpur
Kripabandhu Ghosh,IIT Kanpur
Saptarshi Ghosh 0001,IIT Kharagpur
Fei-Yue Wang 0001,Chinese Academy of Sciences
Xiao Wang 0002,Qingdao Academy of Intelligent Industries
Juanjuan Li,Qingdao Academy of Intelligent Industries
Peijun Ye,Qingdao Academy of Intelligent Industries
Issa Annamoradnejad,Sharif University of Technology
MohammadAmin Fazli,Sharif University of Technology
Jafar Habibi,Sharif University of Technology
Sadjad Tavakoli,Sharif University of Technology
Cheng Wang 0001,Tongji University
Bo Yang 0034,Tongji University
Jipeng Cui,Tongji University
Chaodong Wang,Tongji University
Jinyin Chen,Zhejiang University
Yangyang Wu,Zhejiang University
Xuanheng Xu,Zhejiang University
Haibin Zheng,Zhejiang University
Zhongyuan Ruan,Zhejiang University
Qi Xuan,Zhejiang University
Yun Feng,City University of Hong Kong
Bing-Chuan Wang,City University of Hong Kong
Min Zhan,Sichuan University
Haiming Liang,Sichuan University
Gang Kou,Southwestern University of Finance and Economics
Yucheng Dong,Sichuan University
Shui Yu,University of Technology Sydney
Abhijnan Chakraborty,Max Planck Institute
Saptarshi Ghosh 0001,IIT Kharagpur
Niloy Ganguly,IIT Kharagpur
Krishna P. Gummadi,Max Planck Institute
Yongdong Wang,Zhejiang University
Dongwei Xu,Zhejiang University
Peng Peng,Zhejiang University
Qi Xuan,Zhejiang University
Gui-jun Zhang,Zhejiang University
Wenyi Tang,UESTC
Guangchun Luo,UESTC
Yubao Wu,Georgia State University
Ling Tian,UESTC
Xu Zheng,UESTC
Zhipeng Cai 0001,Georgia State University
Yunpeng Xiao,Chongqing University
Haiyang Yu,Chongqing University
Qian Li 0009,Chongqing University
Ling Liu,Georgia Institute of Technology
Ming Xu 0008,Tsinghua University
Hanchun Xiao,Chongqing University
Antonio Luca Alfeo,University of Pisa
Mario G. C. A. Cimino,University of Pisa
Alex 'Sandy' Pentland,Massachusetts Institute of Technology
Gigliola Vaglini,University of Pisa
Wattana Viriyasitavat,Chulalongkorn University
Li Da Xu,Old Dominion University
Zhuming Bi,Purdue University
Assadaporn Sapsomboon,Chulalongkorn University
Shuning Huang,Soochow University
Kaoru Ota,Muroran Institute of Technology
Mianxiong Dong,Muroran Institute of Technology
Fanzhang Li,Soochow University
Roshni Chakraborty,IIT Patna
Maitry Bhavsar,IIT Patna
Sourav Kumar Dandapat,IIT Patna
Joydeep Chandra,IIT Patna
Helder Coelho,University of Lisbon
Jianxiong Guo,University of Texas at Dallas
Weili Wu,University of Texas at Dallas
Madhuri Siddula,Georgia State University
Yingshu Li,Georgia State University
Xiuzhen Cheng,George Washington University
Zhi Tian,George Mason University
Zhipeng Cai 0001,Georgia State University
Fei-Yue Wang 0001,Chinese Academy of Sciences
Xiuqin Shang,Chinese Academy of Sciences
Rui Qin,Qingdao Academy of Intelligent Industries
Gang Xiong 0001,Chinese Academy of Sciences
Timo R. Nyberg,Aalto University
Amir Ebrahimi Fard,Delft University of Technology
Majid Mohammadi 0001,Delft University of Technology
Yang Chen 0001,Fudan University
Bartel A. Van de Walle,Delft University of Technology
Nianxia Cao,Syracuse University
Swastik Brahma,Tennessee State University
Baocheng Geng,Syracuse University
Pramod K. Varshney,Syracuse University
Tapan Chowdhury,Indian Institute of Engineering Science and Technology
Samya Muhuri,Indian Institute of Engineering Science and Technology
Susanta Chakraborty,Indian Institute of Engineering Science and Technology
Sabitri Nanda Chakraborty,University of Kalyani
Shuai Wang 0005,Chinese Academy of Sciences
Juanjuan Li,Qingdao Academy of Intelligent Industries
Yong Yuan,Qingdao Academy of Intelligent Industries
Liwei Ouyang,Qingdao Academy of Intelligent Industries
Fei-Yue Wang 0001,Qingdao Academy of Intelligent Industries
Fei Hao,Shaanxi Normal University
Guangyao Pang,Shaanxi Normal University
Yulei Wu,University of Exeter
Geyong Min,University of Exeter
Xiaokang Zhou,Shiga University
Wei Liang,Hunan University
Kevin I-Kai Wang,University of Auckland
Shohei Shimizu,Shiga University
Chang Shu,UESTC
Zhiwei Zhao,UESTC
Geyong Min,University of Exeter
Shuowei Chen,UESTC
Gaoyang Liu,Huazhong University of Science and Technology
Chen Wang 0011,Huazhong University of Science and Technology
Kai Peng 0001,Huazhong University of Science and Technology
Haojun Huang,Huazhong University of Science and Technology
Yutong Li,Huazhong University of Science and Technology
Wenqing Cheng,Huazhong University of Science and Technology
Xuan Han,Qingdao Academy of Intelligent Industries
Yong Yuan,Qingdao Academy of Intelligent Industries
Fei-Yue Wang 0001,Qingdao Academy of Intelligent Industries
Thomas Magelinski,Carnegie Mellon University
Kathleen M. Carley,Carnegie Mellon University
Xiangjie Kong 0001,Dalian University of Technology
Feng Xia 0001,Dalian University of Technology
Kai Ma 0003,Dalian University of Technology
Jianxin Li 0001,Deakin University
Qiuyuan Yang,Dalian University of Technology
Hongwei Du 0001,Harbin Institute of Technology
Caiwei Yuan,Harbin Institute of Technology
He Yuan,Harbin Institute of Technology
Shanshan Wei,Harbin Institute of Technology
Wen Xu,Texas Woman’s University
Ping-En Lu,National Tsing Hua University
Cheng-Shang Chang,National Tsing Hua University
Duan-Shin Lee,National Tsing Hua University
Ching-Chu Huang,National Tsing Hua University
Koustav Rudra,Leibniz University Hannover
Pawan Goyal 0002,IIT Kharagpur
Niloy Ganguly,IIT Kharagpur
Muhammad Imran 0002,Qatar Computing Research Institute
Prasenjit Mitra,Pennsylvania State University
Quanbo Zha,Sichuan University
Haiming Liang,Sichuan University
Gang Kou,Southwestern University of Finance and Economics
Yucheng Dong,Sichuan University
Shui Yu,University of Technology Sydney
Benjamin W. K. Hung,Colorado State University
Anura P. Jayasumana,Colorado State University
Ramesh Baral,Florida International University
S. Sitharama Iyengar,Florida International University
Xiaolong Zhu,Florida International University
Tao Li 0001,Florida International University
Pawel Sniatala,Poznan University of Technology
Qun Jin,Waseda University
Weimin Li,Shanghai University
Song Guo,The Hong Kong Polytechnic University
Sethuraman Panchanathan,Arizona State University
Lei-Lei Shi,Jiangsu University
Lu Liu 0001,University of Leicester
Yan Wu 0009,Jiangsu University
Liang Jiang,Jiangsu University
Muhammad Kazim,University of Derby
Haider Ali 0001,University of Derby
John Panneerselvam,University of Derby
Xingyou Xia,Northeastern University
Yan Zhou,Northeastern University
Jie Li,Northeastern University
Ruiyun Yu,Northeastern University
Lianyong Qi,Qufu Normal University
Qiang He 0001,Swinburne University of Technology
Feifei Chen 0001,Deakin University
Wanchun Dou,Nanjing University
Shaohua Wan,Zhongnan University of Economics and Law
Xuyun Zhang,University of Auckland
Xiaolong Xu 0001,Nanjing University
Xiaokang Zhou,Shiga University
Wei Liang,Hunan University
Suzhen Huang,Central South University
Miao Fu,Hunan University
Shuo Yu,Dalian University of Technology
Feng Xia 0001,Dalian University of Technology
Huan Liu 0001,Arizona State University
Hao Wang 0003,Norwegian University of Science and Technology
Hong-Ning Dai,Macau University of Science and Technology
Ali Li,Ludong University
Liyuan Liu,Shandong University
Ata Ullah,National University of Modern Languages
Jianhua Ma,Hosei University
Runhe Huang,Hosei University
Zhigang Yu,Shandong University
Yi Chen 0011,Muroran Institute of Technology
Li Yu 0003,Huazhong University of Science and Technology
Kaoru Ota,Muroran Institute of Technology
Mianxiong Dong,Muroran Institute of Technology
Yuyu Yin,Hangzhou Dianzi University
Rong Zhang,Hangzhou Dianzi University
Honghao Gao,Shanghai University
Meng Xi,Zhejiang University
Peijun Ye,Chinese Academy of Sciences
Juanjuan Li,Chinese Academy of Sciences
Naimisha Kolli,Indian Institute of Science
Balakrishnan Narayanaswamy,Indian Institute of Science
Jianming Zhu,Chinese Academy of Sciences
Smita Ghosh,University of Texas at Dallas
Weili Wu,University of Texas at Dallas
Collins Census,Southwest Jiaotong University
Hongjun Wang 0002,Southwest Jiaotong University
Ji Zhang,Southwest Jiaotong University
Ping Deng,Southwest Jiaotong University
Tianrui Li 0001,Southwest Jiaotong University
Bo Zhang 0004,Shanghai Normal University
Duo Xu,Shanghai Normal University
Huan Zhang,Shanghai Normal University
Meizi Li,Shanghai Normal University
Debaditya Barman,Visva-Bharati University
Subhayan Bhattacharya,Jadavpur University
Ritam Sarkar,Jadavpur University
Nirmalya Chowdhury,Jadavpur University
Tiantian Chen,Ocean University of China
Wenjing Liu,Ocean University of China
Qizhi Fang,Ocean University of China
Jianxiong Guo,University of Texas at Dallas
Ding-Zhu Du,University of Texas at Dallas
Naveen Saini,Indian Institute of Technology Patna
Sriparna Saha 0001,Indian Institute of Technology Patna
Pushpak Bhattacharyya,Indian Institute of Technology Patna
Ryan Sequeira,IIT Patna
Avijit Gayen,IIT Patna
Niloy Ganguly,IIT Kharagpur
Sourav Kumar Dandapat,IIT Patna
Joydeep Chandra,IIT Patna
Andrea De Salve,University of Palermo
Barbara Guidi,University of Pisa
Laura Ricci,University of Pisa
Jing Xiao,Dalian Minzu University
Chao Wang,Anhui University
Xiao-Ke Xu,Dalian Minzu University
Yunzhong Liu,Arizona State University
Jinhe Shi,New Jersey Institute of Technology
Yi Chen 0001,New Jersey Institute of Technology
Li Da Xu,Old Dominion University
Wattana Viriyasitavat,Chulalongkorn University
Koushik Mallick,Indian Statistical Institute
Sanghamitra Bandyopadhyay,Indian Statistical Institute
Subhasis Chakraborty,RCC Institute of Information Technology
Rounaq Choudhuri,RCC Institute of Information Technology
Sayan Bose,RCC Institute of Information Technology
Xiangjie Kong 0001,Dalian University of Technology
Yajie Shi,Dalian University of Technology
Wei Wang 0077,Dalian University of Technology
Kai Ma 0003,Dalian University of Technology
Liangtian Wan,Dalian University of Technology
Feng Xia 0001,Dalian University of Technology
Qiang Zhang,Northwest Normal University
Dianxiang Xu,Northwest Normal University
Tianze Gao,Northwest Normal University
Zhihe Wang,Northwest Normal University
Sameera Horawalavithana,University of South Florida
Juan Arroyo Flores,University of South Florida
John Skvoretz,University of South Florida
Adriana Iamnitchi,University of South Florida
Wattana Viriyasitavat,Chulalongkorn University
Li Da Xu,Old Dominion University
Zhuming Bi,Purdue University
Danupol Hoonsopon,Chulalongkorn University
Nuttirudee Charoenruk,Chulalongkorn University
Shancang Li,University of the West of England
Yong Yuan,Chinese Academy of Sciences
Jun Jason Zhang,University of Denver
Bill Buchanan,Edinburgh Napier University
Erwu Liu,Tongji University
Lichen Cheng,Beijing Jiaotong University
Jiqiang Liu,Beijing Jiaotong University
Guangquan Xu,Tianjin University
Hao Wang 0003,Norwegian University of Science and Technology
Hong-Ning Dai,Macau University of Science and Technology
Yulei Wu,University of Exeter
Wei Wang 0012,Beijing Jiaotong University
Yongping Zhang,Beihang University
Xiwei Xu,CSIRO
Ang Liu,University of New South Wales
Qinghua Lu 0001,CSIRO
Lida Xu,Old Dominion University
Fei Tao,Beihang University
Jianan Li,Shanghai Jiao Tong University
Zhenyu Zhou,North China Electric Power University
Jun Wu 0001,Shanghai Jiao Tong University
Jianhua Li 0001,Shanghai Jiao Tong University
Xi Lin,Shanghai Jiao Tong University
Haris Gacanin,Nokia Bell Labs
Sattam Al Otaibi,Taif University
Xiaolong Xu 0001,Nanjing University
Qingxiang Liu,Nanjing University
Xuyun Zhang,University of Auckland
Jie Zhang 0053,Nanjing University
Lianyong Qi,Qufu Normal University
Wanchun Dou,Nanjing University
Wattana Viriyasitavat,Chulalongkorn University
Li Da Xu,Old Dominion University
Zhuming Bi,Indiana University
Vitara Pungpapong,Chulalongkorn University
Shancang Li,University of the West of England
Tao Qin,Xi’an Jiaotong University
Geyong Min,University of Exeter
Shanshan Zhao,University of the West of England
Shancang Li,University of the West of England
Yufeng Yao,University of the West of England
Le Jiang,South China University of Technology
Xinglin Zhang,South China University of Technology
Reza Parsamehr,Polytechnic University of Madrid
Georgios Mantas,University of Greenwich
Jonathan Rodriguez 0001,University of South Wales
José-Fernán Martínez-Ortega,Polytechnic University of Madrid
Fei-Yue Wang 0001,Chinese Academy of Sciences
Rui Qin,Chinese Academy of Sciences
Juanjuan Li,Chinese Academy of Sciences
Yong Yuan,Chinese Academy of Sciences
Xiao Wang 0002,Chinese Academy of Sciences
Poonam Goyal,BITS Pilani
Prerna Kaushik,BITS Pilani
Pranjal Gupta,BITS Pilani
Dev Vashisth,BITS Pilani
Shavak Agarwal,BITS Pilani
Navneet Goyal,BITS Pilani
Xiao Yang,Shanghai Jiao Tong University
Mianxiong Dong,Muroran Institute of Technology
Xiuzhen Chen,Shanghai Jiao Tong University
Kaoru Ota,Muroran Institute of Technology
Hainan Zhang,Rutgers University
Hoang Pham,Rutgers University
Haipeng Chen 0001,Dartmouth College
Mohammad Taghi Hajiaghayi,University of Maryland - College Park
Sarit Kraus,Bar-Ilan University
Anshul Sawant,Google
Edoardo Serra,Boise State University
V. S. Subrahmanian,Dartmouth College
Yanhai Xiong,Dartmouth College
Xiaoping Zhou,Beijing University of Civil Engineering and Architecture
Xun Liang 0001,Ningxia University
Xu Zhu,Renmin University of China
Zhi Tang,Peking University
Ebrahim Sahafizadeh,University of Isfahan
Behrouz Tork Ladani,University of Isfahan
Jian An,Xi’an Jiaotong University
Jindong Cheng,Xi’an Jiaotong University
Xiaolin Gui,Xi’an Jiaotong University
Wendong Zhang,Xinjiang University
Danwei Liang,Xi’an Jiaotong University
Ruowei Gui,Xi’an Jiaotong University
Lin Jiang,Xi’an Jiaotong University
Dong Liao,Xi’an Jiaotong University
Yulei Wu,University of Exeter
Fei Hao,Shaanxi Normal University
Juanjuan Li,Chinese Academy of Sciences
Neil Y. Yen,University of Aizu
Yi Pan 0001,Georgia State University
Victor C. M. Leung,Shenzhen University
Xiangyu Wei,Beijing Jiaotong University
Guangquan Xu,Tianjin University
Hao Wang 0003,Norwegian University of Science and Technology
Yongzhong He,Beijing Jiaotong University
Zhen Han,Beijing Jiaotong University
Wei Wang 0012,KAUST
Mohammad Ehsan Basiri,Shahrekord University
Moloud Abdar,University of Quebec in Montreal
Arman Kabiri,University of New Brunswick
Shahla Nemati,Shahrekord University
Xujuan Zhou,University of Southern Queensland
Forough Allahbakhshi,Islamic Azad University
Neil Y. Yen,University of Aizu
Gaurav Sharma 0009,Lakehead University
Gautam Srivastava,Brandon University
Vijay Mago,Lakehead University
Lei-Lei Shi,Jiangsu University
Lu Liu 0001,University of Leicester
Yan Wu 0009,Jiangsu University
Liang Jiang,Jiangsu University
John Panneerselvam,University of Derby
Roy L. Crole,University of Leicester
Tianxi Ji,Case Western Reserve University
Changqing Luo,Virginia Commonwealth University
Yifan Guo,Case Western Reserve University
Qianlong Wang,Case Western Reserve University
Lixing Yu,Case Western Reserve University
Pan Li 0001,Case Western Reserve University
Lijia Ma,Shenzhen University
Xiaopeng Huang,Shenzhen University
Jianqiang Li 0001,Shenzhen University
Qiuzhen Lin,Shenzhen University
Zhuhong You,Chinese Academy of Sciences
Maoguo Gong,Xidian University
Victor C. M. Leung,Shenzhen University
Jiejun Hu,University of Essex
Kun Yang 0001,University of Essex
Kezhi Wang,Northumbria University
Kai Zhang,University of Essex
Lichen Zhang 0001,Shaanxi Normal University
Yu Ding,Shaanxi Normal University
Xiaoming Wang 0001,Shaanxi Normal University
Longjiang Guo,Shaanxi Normal University
Han Qiu 0001,Telecom ParisTech
Meikang Qiu,Shenzhen University
Meiqin Liu,Zhejiang University
Zhong Ming 0001,Shenzhen University
Yufeng Wang 0001,Nanjing University
Min Gu,Nanjing University
Jianhua Ma,Hosei University
Qun Jin,Waseda University
Jing Qiu 0002,Guangzhou University
Yuhan Chai,Guangzhou University
Zhihong Tian,Guangzhou University
Xiaojiang Du,Temple University
Mohsen Guizani,Qatar University
Berat A. Erol,University of Texas at San Antonio
Abhijit Majumdar,University of Texas at San Antonio
Patrick Benavidez,University of Texas at San Antonio
Paul Rad,University of Texas at San Antonio
Kim-Kwang Raymond Choo,University of Texas at San Antonio
Mo M. Jamshidi,University of Texas at San Antonio
Cai Fu,Huazhong University of Science and Technology
Zhao Yang,Huazhong University of Science and Technology
Xiao-Yang Liu,Columbia University
Jia Yang,Huazhong University of Science and Technology
Anwar Walid,Nokia Bell Labs
Laurence T. Yang,Huazhong University of Science and Technology
Jian Xu 0004,Northeastern University
Andi Wang,Northeastern University
Jun Wu 0001,Shanghai Jiao Tong University
Chen Wang 0042,Northeastern University
Ruijin Wang,UESTC
Fucai Zhou,Northeastern University
Zexun Jiang,Tsinghua University
Hao Yin,Tsinghua University
Yan Luo,University of Massachusetts
Jiaying Gong,Virginia Polytechnic Institute and State University
Fei-Yue Wang 0001,Chinese Academy of Sciences
Mohammad Reza Nosouhi,University of Technology Sydney
Keshav Sood,Deakin University
Shui Yu,University of Technology Sydney
Marthie Grobler,CSIRO
Jingwen Zhang,University of Technology Sydney
Mahsa Seifikar,K. N. Toosi University of Technology
Saeed Farzi,K. N. Toosi University of Technology
Masoud Barati,Cardiff University
Harshit Srivastava,University of South Florida
Ravi Sankar,University of South Florida
Xiao-Jie Li,Fudan University
Xiang Li 0010,Fudan University
Sai Avinash Sattiraju,University of Texas at Austin
Abhishek Chakraborty 0002,IIT Madras
C. S. Shaijumon,Indian Institute of Space Science and Technology
B. S. Manoj 0001,Indian Institute of Space Science and Technology
Ying Tang 0001,Dalian Maritime University
Ryan Hare,Rowan University
Fei-Yue Wang 0001,Chinese Academy of Sciences
Paolo Bolzern,Politecnico di Milano
Patrizio Colaneri,Politecnico di Milano
Giuseppe De Nicolao,University of Pavia
Kellyton dos Santos Brito,UFPE
Alysson Alves de Lima,UFPE
Sérgio Endrigo Ferreira,UFPE
Vanilson André de Arruda Burégio,UFRPE
Vinicius Cardoso Garcia,UFPE
Silvio Romero de Lemos Meira,UFPE
Shalini Priya,IIT Patna
Manish Bhanu,IIT Patna
Sourav Kumar Dandapat,IIT Patna
Joydeep Chandra,IIT Patna
Mengmeng Zhu,North Carolina State University
Hoang Pham,Rutgers University
Loitongbam Gyanendro Singh,IIT Guwahati
Akash Anil,IIT Guwahati
Sanasam Ranbir Singh,IIT Guwahati
Shu-Sen Zhang,Renmin University of China
Xun Liang 0001,Renmin University of China
Yu-Dang Wei,Renmin University of China
Xuan Zhang,Renmin University of China
Xiangrong Liu,Xiamen University
Yanzi Du,Xiamen University
Min Jiang 0005,Xiamen University
Xiangxiang Zeng,Hunan University
Koyel Chakraborty,Supreme Knowledge Foundation Group of Institutions
Siddhartha Bhattacharyya,Christ University
Rajib Bag,Supreme Knowledge Foundation Group of Institutions
Rohit Verma,IIT Kharagpur
Aviral Shrivastava,IIT Kharagpur
Kingshuk De,National Institute of Technology
Bivas Mitra,IIT Kharagpur
Sujoy Saha,National Institute of Technology
Niloy Ganguly,IIT Kharagpur
Subrata Nandi,National Institute of Technology
Sandip Chakraborty,IIT Kharagpur
Aymen Hamrouni,University of Carthage
Hakim Ghazzai,Stevens Institute of Technology
Mounir Frikha,University of Carthage
Yehia Massoud,Stevens Institute of Technology
Ameer Hamza Khan,The Hong Kong Polytechnic University
Xinwei Cao,Shanghai University
Shuai Li 0002,Swansea University
Chunbo Luo,University of Exeter
Lei Wang 0134,Dalian University of Technology
Jing Ren,Dalian University of Technology
Bo Xu 0008,Dalian University of Technology
Jianxin Li 0001,Deakin University
Wei Luo 0001,Deakin University
Feng Xia 0001,Federation University Australia
Wen Zhang 0001,Beijing University of Technology
Xiang Li 0006,Beijing University of Chemical Technology
Jian Li,Beijing University of Technology
Ye Yang,Stevens Institute of Technology
Yunpeng Xiao,Chongqing University
Jinghua Li,Chongqing University
Yangfu Zhu,Chongqing University
Qian Li 0009,Chongqing University
Kuai Xu,Arizona State University
Feng Wang 0002,Arizona State University
Haiyan Wang,Arizona State University
Yufang Wang,Tianjin University
Ying Zhang 0001,University of Technology Sydney
Lifang Li,South China University of Technology
Qingpeng Zhang,City University of Hong Kong
Xiao Wang 0002,Chinese Academy of Sciences
Jun Jason Zhang,Wuhan University
Tao Wang,National University of Defense Technology
Tianlu Gao,Wuhan University
Wei Duan,National University of Defense Technology
Kelvin Kam-fai Tsoi,Chinese University of Hong Kong
Fei-Yue Wang 0001,Chinese Academy of Sciences
Athina Thanou,University of Athens
Eirini-Eleni Tsiropoulou,University of New Mexico
Symeon Papavassiliou,University of Athens
Zhenchuan Li,Tongji University
Guanjun Liu,Tongji University
Changjun Jiang,Tongji University
Fei-Yue Wang 0001,Chinese Academy of Sciences
Ahmed Al Marouf,Daffodil International University (DIU)
Md. Kamrul Hasan,Islamic University of Technology (IUT)
Hasan Mahmud,Islamic University of Technology (IUT)
Sathisha Basavaraju,IIT Guwahati
Arijit Sur,IIT Guwahati
Wenjian Luo,Harbin Institute of Technology
Binyao Duan,University of Science and Technology of China
Hao Jiang,University of Science and Technology of China
Li Ni,University of Science and Technology of China
Somang Nam,University of Toronto
Deborah I. Fels,Ryerson University
Mark H. Chignell,University of Toronto
Hyo-Sung Ahn,Gwangju Institute of Science and Technology (GIST)
Quoc Van Tran,Gwangju Institute of Science and Technology (GIST)
Minh Hoang Trinh,Hanoi University of Science and Technology
Mengbin Ye,Curtin University
Ji Liu 0001,Stony Brook University
Zhenhua Huang,South China Normal University
Xiaolong Lin,South China Normal University
Hai Liu,South China Normal University
Bo Zhang 0004,Shanghai Normal University
Yong Tang,South China Normal University
Khobaib Zaamout,University of Calgary
Tom Arjannikov,University of Victoria
Ken Barker 0001,University of Calgary
Zhipeng Zhang,Liaoning Normal University
Mianxiong Dong,Muroran Institute of Technology
Kaoru Ota,Muroran Institute of Technology
Yasuo Kudo,Muroran Institute of Technology
Linyao Yang,Chinese Academy of Sciences
Xiao Wang 0002,Chinese Academy of Sciences
Jun Jason Zhang,Chinese Academy of Sciences
Min Zhou 0003,Beijing Jiaotong University
Fei-Yue Wang 0001,Chinese Academy of Sciences
Xiaochen He,Xi’an Jiaotong University
Haifeng Du,Cornell University
Xiangning Xu,Cornell University
Wei Du 0004,Cornell University
Rui Qin,Chinese Academy of Sciences
Yong Yuan,Chinese Academy of Sciences
Fei-Yue Wang 0001,Chinese Academy of Sciences
Mohamed Y. Tazkarji,Louisiana Tech University
Tom Stafford 0001,Louisiana Tech University
Hoda Khalil,Carleton University
Gabriel A. Wainer,Carleton University
Viresh Gupta,IIIT Delhi
Aayush Aggarwal,IIIT Delhi
Tanmoy Chakraborty 0002,IIIT Delhi
Dirk-Jan van Veen,ETH Zurich
Ravi S. Kudesia,Temple University
Hans Rudolf Heinimann,ETH Zurich
Qi Yang,Huazhong University of Science and Technology
Gaosheng Wu,Huazhong University of Science and Technology
Yuhua Li 0003,Huazhong University of Science and Technology
Ruixuan Li,Huazhong University of Science and Technology
Xiwu Gu,Huazhong University of Science and Technology
Huicai Deng,Huazhong University of Science and Technology
Junzhuang Wu,Huazhong University of Science and Technology
Yufeng Wang 0001,Nanjing University
Jianhua Ma,Hosei University
Qun Jin,Waseda University
Peiyun Zhang,Anhui Normal University
Mengchu Zhou,New Jersey Institute of Technology
Amit Kumar,Jadavpur University
Debaditya Barman,Visva-Bharati University
Ritam Sarkar,Jadavpur University
Nirmalya Chowdhury,Jadavpur University
Ping Zhao,Donghua University
Haojun Huang,Huazhong University of Science and Technology
Xiaohui Zhao,Donghua University
Daiyu Huang,Donghua University
Saqib Rasool,University of Gujrat
Afshan Saleem,University of Gujrat
Muddesar Iqbal,London South Bank University
Tasos Dagiuklas,London South Bank University
Zia Ul-Qayyum,Allama Iqbal Open University
Fei-Yue Wang 0001,Qingdao Academy of Intelligent Industries
James H. Liu,Massey University
Robert Jiqi Zhang,Massey University
Rimjhim,IIT Patna
Nikhil Cheke,IIT Patna
Joydeep Chandra,IIT Patna
Sourav Kumar Dandapat,IIT Patna
Huazhong Liu,Huazhong University of Science and Technology
Laurence T. Yang,Huazhong University of Science and Technology
Jihong Ding,Zhejiang University
Xia Xie,Huazhong University of Science and Technology
Zhi-Jie Wang 0009,Chongqing University
Wattana Viriyasitavat,Chulalongkorn University
Li Da Xu,Old Dominion University
Zhuming Bi,Indiana University
Jianming Zhu,Chinese Academy of Sciences
Peikun Ni,Chinese Academy of Sciences
Guoqing Wang,Chinese Academy of Sciences
Qi-dong Liu,Nanyang Technological University
Xin Zhou,Nanyang Technological University
Cheng Long,Nanyang Technological University
Jie Zhang,Nanyang Technological University
Mingliang Xu,Zhengzhou University
Sudhanshu Kumar 0002,IIT Roorkee
Kanjar De,Norwegian University of Science and Technology
Partha Pratim Roy 0001,IIT Roorkee
Xiaoqin Shelley Zhang,University of Massachusetts
Xiaojie Zhang,University of Massachusetts
Wanyuan Wang,Southeast University
Bo An 0001,Nanyang Technological University
Yichuan Jiang,Southeast University
Wei Chen,Microsoft
Ruihan Wu,Cornell University
Zheng Yu,Princeton University
Areej Alsini,University of Western Australia
Amitava Datta,University of Western Australia
Du Q. Huynh,University of Western Australia
Mingjie Ling,Zhejiang Sci-Tech University
Qiaohong Chen,Zhejiang Sci-Tech University
Qi Sun,Zhejiang Sci-Tech University
Yubo Jia,Zhejiang Sci-Tech University
Ping-En Lu,National Tsing Hua University
Yu-Hsien Peng,National Tsing Hua University
Cheng-Shang Chang,National Tsing Hua University
Duan-Shin Lee,National Tsing Hua University
Rashmi Ranjan Rout,National Institute of Technology
Greeshma Lingam,National Institute of Technology
Durvasula V. L. N. Somayajulu,Indian Institute of Information Technology
Yang Chen 0001,Fudan University
Jiyao Hu,Fudan University
Yu Xiao 0001,Aalto University
Xiang Li 0010,Fudan University
Pan Hui 0001,University of Helsinki
Yingjie Wang 0002,Yantai University
Zhipeng Cai 0001,Georgia State University
Zhi-Hui Zhan,South China University of Technology
Bingxu Zhao,Yantai University
Xiangrong Tong,Yantai University
Lianyong Qi,Qufu Normal University
Qi Kang,Tongji University
SiYa Yao,Tongji University
MengChu Zhou,King Abdulaziz University
Kai Zhang,Tongji University
Abdullah Abusorrah,King Abdulaziz University
Jianxiong Guo,University of Texas at Dallas
Weili Wu,University of Texas at Dallas
Tahereh Kamali,University of Waterloo
Daniel W. Stashuk,University of Waterloo
Jinyin Chen,Zhejiang University
Xiang Lin,Zhejiang University
Ziqiang Shi,Zhejiang University
Yi Liu 0024,Zhejiang University
Zikai Zhang,Beijing Jiaotong University
Yidong Li,Beijing Jiaotong University
Hairong Dong,Beijing Jiaotong University
Fei-Yue Wang 0001,Chinese Academy of Sciences
Lo-Yao Yeh,National Chi Nan University
Hsien-Chu Wu,National Chin-Yi University of Technology
Abdel-Fattah Attia,Kafrelsheikh University
Mohamed E. Abd Elaziz,Zagazig University
Aboul Ella Hassanien,Cairo University
Ragab A. El-Sehiemy,Kafrelsheikh University
Rijk Mercuur,Delft University of Technology
Virginia Dignum,Delft University of Technology
Catholijn M. Jonker,Leiden University
Shajulin Benedict,Indian Institute of Information Technology
Gulshan Shrivastava,National Institute of Technology
Prabhat Kumar,National Institute of Technology
Rudra Pratap Ojha,Galgotias University
Gautam Srivastava,Brandon University
Tulika Saha,IIT Patna
Srivatsa Ramesh Jayashree,IIT Patna
Sriparna Saha 0001,IIT Patna
Pushpak Bhattacharyya,IIT Patna
Rui Qin,Chinese Academy of Sciences
Yong Yuan,Chinese Academy of Sciences
Fei-Yue Wang 0001,Chinese Academy of Sciences
Fuzhi Zhang,Yanshan University
Shilei Wang,Yanshan University
Yapu Zhang,Chinese Academy of Sciences
Wenguo Yang,Chinese Academy of Sciences
Weili Wu,University of Texas at Dallas
Yi Li 0030,University of Texas at Tyler
Koteswar Rao Jerripothula,IIIT Delhi
Dany Kamuhanda,Huazhong University of Science and Technology
Meng Wang,Huazhong University of Science and Technology
Kun He 0001,Huazhong University of Science and Technology
Haibin Zhu,Nipissing University
Ke Gu,Changsha University of Science and Technology
Linyu Tang,Changsha University of Science and Technology
Jiafu Jiang,Changsha University of Science and Technology
Weijia Jia 0001,University of Macau
Raksha Pavagada Subbanarasimha,International Institute of Information Technology
Srinath Srinivasa,International Institute of Information Technology
Sridhar Mandyam,International Institute of Information Technology
Zhenhua Huang,Tongji University
Juan Ni,South China Normal University
Juanjuan Yao,Shanghai University
Xin Xu,South China Normal University
Bo Zhang 0004,Shanghai Normal University
Iyad Alazzam,Yarmouk University
Ahmed AlEroud,Yarmouk University
Zainab Al Latifah,Yarmouk University
George Karabatis,University of Maryland - College Park
Guanjun Liu,Tongji University
Chungang Yan,Tongji University
Changjun Jiang,Tongji University
Mengchu Zhou,New Jersey Institute of Technology
Maozhen Li,Tongji University
Khobaib Zaamout,University of Calgary
Tom Arjannikov,University of Victoria
Ken Barker 0001,University of Calgary
Fei-Yue Wang 0001,Chinese Academy of Sciences
Yanfen Wang,Chinese Academy of Sciences
Hugo Gonzalez Villasanti,Ohio State University
Kevin M. Passino,Ohio State University
Haibin Zhu,Nipissing University
Haoyue Liu,New Jersey Institute of Technology
Ishani Chatterjee,New Jersey Institute of Technology
MengChu Zhou,New Jersey Institute of Technology
Xiaoyu Sean Lu,New Jersey Institute of Technology
Abdullah Abusorrah,King Abdulaziz University
Xiao Wang 0002,Chinese Academy of Sciences
Lifang Li,South China University of Technology
Lingxi Li,Indiana University
Xishuang Dong,Texas A&M University
Uboho Victor,Texas A&M University
Lijun Qian,Texas A&M University
Samya Muhuri,Bennett University
Susanta Chakraborty,Indian Institute of Engineering Science and Technology
Sanjit Kumar Setua,University of Calcutta
Zhe Xiao,Institute of High Performance Computing
Yechao Yang,Institute of High Performance Computing
Piao Chen,Institute of High Performance Computing
Ryan Wen Liu,Wuhan University
Wei Jing,Institute of High Performance Computing
Yauheni Pyrloh,Belarusian State University of Informatics and Radioelectronics
Ekanut Sotthiwat,King Mongkut’s University of Technology Thonburi
Rick Siow Mong Goh,Institute of High Performance Computing
Daniele Bellutta,Dartmouth College
Youdinghuan Chen,Dartmouth College
Chiara Pulice,Dartmouth College
Anja Subasic,Dartmouth College
V. S. Subrahmanian,Dartmouth College
Qi Luo,Shandong University
Dongxiao Yu,Shandong University
Xiuzhen Cheng,Shandong University
Zhipeng Cai 0001,Georgia State University
Jiguo Yu,Qilu University of Technology
Weifeng Lv,Beihang University
Pradumn Kumar Pandey,IIT Roorkee
Mayank Singh 0001,IIT Gandhinagar
Ai-Wen Li,Dalian Minzu University
Jing Xiao,Dalian Minzu University
Xiao-Ke Xu,Dalian Minzu University
Jason Castiglione,University of Hawaii at Manoa
Dusko Pavlovic,University of Hawaii at Manoa
Bin Hu 0001,Lanzhou University
Chia-Yu Lin,Yuan Ze University
Yu-Fang Chiu,National Chiao Tung University
Li-Chun Wang 0001,National Chiao Tung University
Dusit Niyato,Nanyang Technological University
Ehsan Ghezelbash,University of Tehran
Mohammad Javad Yazdanpanah,University of Tehran
Masoud Asadpour,University of Tehran
Abolfazl Yaghmaei,University of Tehran
Guangmo Tong,University of Delaware
Ruiqi Wang,University of Delaware
Zheng Dong 0002,Wayne State University
Xiang Li 0016,Santa Clara University
Joseph Winstead Sirrianni,University of Arkansas
Xiaoqing Liu,Southern Illinois University
Douglas Adams 0003,University of Arkansas
Jinyin Chen,Zhejiang University
Yixian Chen,Zhejiang University
Lihong Chen,Zhejiang University
Qi Xuan,Zhejiang University
Andres Felipe Zambrano,University of Los Andes
Gilberto Díaz-García,University of Los Andes
Santiago Ramírez,University of Los Andes
Luis Felipe Giraldo,University of Los Andes
Hugo Gonzalez Villasanti,Ohio State University
Monica Tatiana Perdomo,University of Ibagué
Iván Darío Hernández,University of Ibagué
Jesús María Godoy,University of Ibagué
Sahraoui Dhelim,University of Science and Technology Beijing
Huansheng Ning,University of Science and Technology Beijing
Nyothiri Aung,University of Science and Technology Beijing
Runhe Huang,Hosei University
Jianhua Ma,Hosei University
Jinyin Chen,Zhejiang University
Yixian Chen,Zhejiang University
Haibin Zheng,Zhejiang University
Shijing Shen,Zhejiang University
Shanqing Yu,Zhejiang University
Dan Zhang 0001,Zhejiang University
Qi Xuan,Zhejiang University
Surbhi Bhatia,King Faisal University
Weishan Zhang,China University of Petroleum
Huansheng Ning,University of Science and Technology Beijing
Lu Liu 0001,University of Leicester
Qun Jin,Waseda University
Vincenzo Piuri,University of Milan
Ebin Deni Raj,Indian Institute of Information Technology
Gunasekaran Manogaran,University of California - Davis
Gautam Srivastava,Brandon University
Yulei Wu,University of Exeter
Shuo Yu,Dalian University of Technology
Feng Xia 0001,Federation University Australia
Yuchen Sun,Dalian University of Technology
Tao Tang 0007,Dalian University of Technology
Xiaoran Yan,Indiana University
Ivan Lee,University of South Australia
Weijin Jiang,Hunan University
Sijian Lv,Hunan University
Yang Wang,Hunan University
Jiahui Chen 0003,Hunan University
Xiaoliang Liu,Hunan University
Yongxia Sun,Hunan University
Shuai Zhang,Beihang University
Haoyi Zhou,Beihang University
Feng Chen 0001,University of Texas at Dallas
Jianxin Li 0002,Beihang University
Xiaokang Zhou,Shiga University
Wei Liang,Hunan University
Kevin I-Kai Wang,University of Auckland
Laurence T. Yang,St. Francis Xavier University
Hongbo Zhu,Shenyang Ligong University
Guangjie Han,Nanjing Agricultural University
Lei Shu 0001,Nanjing Agricultural University
Hai Zhao,Northeastern University
Weihong Han,Guangzhou University
Zhihong Tian,Guangzhou University
Chunsheng Zhu,Southern University of Science and Technology
Zizhong Huang,National University of Defense Technology
Yan Jia 0001,National University of Defense Technology
Mohsen Guizani,Qatar University
Xin Liu 0022,China University of Petroleum
Shuai Cao,China University of Petroleum
Liang Zheng,China University of Petroleum
Faming Gong,China University of Petroleum
Xiao Wang,Qingdao Academy of Intelligent Industries
Jiehan Zhou,University of Oulu
Shaoxiong Ji,Aalto University
Shirui Pan,Monash University
Xue Li 0001,University of Queensland
Erik Cambria,Nanyang Technological University
Guodong Long,Monash University
Zi Huang,University of Queensland
Wenmin Lin,Hangzhou Normal University
Xuyun Zhang,Macquarie University
Lianyong Qi,Qufu Normal University
Weimin Li,Shanghai University
Shancang Li,University of the West of England
Victor S. Sheng,Texas Tech University
Surya Nepal,CSIRO
Nicholaus J. Gati,Huazhong University of Science and Technology
Laurence T. Yang,Huazhong University of Science and Technology
Jun Feng 0007,St. Francis Xavier University
Shunli Zhang,Huazhong University of Science and Technology
Zhian Ren,Huazhong University of Science and Technology
Jianfeng Lu 0002,Wuhan University
Yun Xin,Zhejiang Normal University
Zhao Zhang 0002,Zhejiang Normal University
Shaojie Tang,University of Texas at Dallas
Changbing Tang,Zhejiang Normal University
Shaohua Wan,Zhongnan University of Economics and Law
Chetan Harichandra Mendhe,Lakehead University
Nathan Henderson,Brandon University
Gautam Srivastava,Brandon University
Vijay Mago,Lakehead University
Fei-Yue Wang 0001,Chinese Academy of Sciences
Rui Qin,Chinese Academy of Sciences
Yizhu Chen,Chinese Academy of Sciences
Yonglin Tian,Chinese Academy of Sciences
Xiao Wang,Chinese Academy of Sciences
Bin Hu 0001,Lanzhou University
Xiaolong Zheng 0001,Chinese Academy of Sciences
Xiao Wang,Chinese Academy of Sciences
Zepeng Li,Lanzhou University
Rongrong Jing,Chinese Academy of Sciences
Shuqi Xu,UESTC
Tao Wang,National University of Defense Technology
Lifang Li,South China University of Technology
Zhenwen Zhang,Lanzhou University
Qingpeng Zhang,City University of Hong Kong
Zhihua Guo,Lanzhou University
Xiaowei Zhang,Lanzhou University
Fei-Yue Wang 0001,Chinese Academy of Sciences
Pouria Babvey,Stevens Institute of Technology
Dario Borrelli,Stevens Institute of Technology
Carlo Lipizzi,Stevens Institute of Technology
Jose Emmanuel Ramirez-Marquez,Stevens Institute of Technology
Meizi Li,Shanghai Normal University
Shuyi Lu,Shanghai Normal University
Lele Zhang,Shanghai Normal University
Yuping Zhang,Shanghai Normal University
Bo Zhang 0004,Shanghai Normal University
Wenqi Shi,PLA Strategic Support Force Information Engineering University
Xiangyang Luo,PLA Strategic Support Force Information Engineering University
Jiadong Guo,PLA Strategic Support Force Information Engineering University
Chong Liu,PLA Strategic Support Force Information Engineering University
Fenlin Liu,PLA Strategic Support Force Information Engineering University
Aparna Sankaran Srinath,Boise State University
Hannah Johnson,Boise State University
Gaby G. Dagher,Boise State University
Min Long,Boise State University
Xinhong Wu,Chongqing University
Yunpeng Xiao,Chongqing University
Qian Li,Beijing University of Posts and Telecommunications
Nemi Chandra Rathore,IIT Patna
Somanath Tripathy,IIT Patna
Barbara Guidi,University of Pisa
Andrea Michienzi,University of Pisa
Laura Ricci,University of Pisa
Konstantinos Tsitseklis,University of Athens
Margarita Vitoropoulou,University of Athens
Vasileios Karyotis,Ionian University
Symeon Papavassiliou,University of Athens
Gianluca Lax,Mediterranea University of Reggio Calabria
Antonia Russo,Mediterranea University of Reggio Calabria
Qing Yang 0016,Tongji University
Cheng Wang 0001,Tongji University
Changqi Wang,Tongji University
Hu Teng,Tongji University
Changjun Jiang,Tongji University
Jiamin Liu,National University of Defense Technology
Jingbo Huang,National University of Defense Technology
Tao Wang,National University of Defense Technology
Lining Xing,National University of Defense Technology
Renjie He,National University of Defense Technology
Zheng Xie,National University of Defense Technology
Zachariah Sutton,University of Connecticut
Peter Willett 0001,University of Connecticut
Yaakov Bar-Shalom,University of Connecticut
Yuqi Fan,Hefei University of Technology
Lunfei Wang,Hefei University of Technology
Weili Wu,University of Texas at Dallas
Ding-Zhu Du,University of Texas at Dallas
Sha Zhao,Zhejiang University
Yizhi Xu,Zhejiang University
Zhiling Luo,Zhejiang University
Shijian Li,Zhejiang University
Gang Pan 0001,Zhejiang University
Chelsea C. White III,Georgia Institute of Technology
Chenwang Zheng,Beijing Jiaotong University
Dan Tao,Beijing Jiaotong University
Jiangtao Wang,Coventry University
Lei Cui,Deakin University
Wenjie Ruan,University of Exeter
Shui Yu,University of Technology Sydney
Dawei Zhu,Nanjing University
Zhanyang Xu,Nanjing University
Xiaolong Xu 0001,Nanjing University
Qingzhan Zhao,Shihezi University
Lianyong Qi,Qufu Normal University
Gautam Srivastava,Brandon University
Debasis Das 0001,IIT Jodhpur
Xing Jin,Hangzhou Dianzi University
Mingchu Li,Dalian University of Technology
Zhen Wang 0013,Hangzhou Dianzi University
Cheng Guo 0001,Dalian University of Technology
Hong Ding,Hangzhou Dianzi University
Yong Guan,Iowa State University
Fei-Yue Wang 0001,Chinese Academy of Sciences
Weishan Zhang,China University of Petroleum
Yonglin Tian,Chinese Academy of Sciences
Rui Qin,Chinese Academy of Sciences
Xiao Wang,Chinese Academy of Sciences
Bin Hu 0001,Lanzhou University
Arash Ghayoori,University of Illinois at Urbana–Champaign
Rakesh Nagi,University of Illinois at Urbana–Champaign
K. Ranjini,Manonmaniam Sundaranar University
A. Suruliandi,Manonmaniam Sundaranar University
S. P. Raja,Vel Tech
Maximilian Vierlboeck,Stevens Institute of Technology
Roshanak R. Nilchiani,Stevens Institute of Technology
Bo Liu 0024,University of Auckland
Shuo Yan,Chinese Academy of Sciences
Jianqiang Li 0002,Beijing University of Technology
Yong Li 0037,Beijing University of Technology
Jianlei Lang,Beijing University of Technology
Guangzhi Qu,Oakland University
Guoshuai Wei,Chongqing University
Quanwang Wu,Chongqing University
Mengchu Zhou,King Abdulaziz University
Brijesh Singh,IIT Guwahati
Arijit Sur,IIT Guwahati
Pinaki Mitra,IIT Guwahati
Mehrnoosh Mirtaheri,University of Southern California
Sami Abu-El-Haija,University of Southern California
Fred Morstatter,University of Southern California
Greg Ver Steeg,University of Southern California
Aram Galstyan,University of Southern California
Jinyin Chen,Zhejiang University
Xiang Lin,Zhejiang University
Hui Xiong,Zhejiang University
Yangyang Wu,Zhejiang University
Haibin Zheng,Zhejiang University
Qi Xuan,Zhejiang University
Yu Gu 0003,Hefei University of Technology
Huan Yan,Hefei University of Technology
Mianxiong Dong,Muroran Institute of Technology
Meng Wang,Hefei University of Technology
Xiang Zhang 0011,Hefei University of Technology
Zhi Liu 0002,University of Electro-Communications
Fuji Ren,Tokushima University
Jipeng Cui,Tongji University
Chungang Yan,Tongji University
Cheng Wang 0001,Tongji University
Joseph Winstead Sirrianni,University of Arkansas
Xiaoqing Liu,Southern Illinois University
Douglas Adams 0003,University of Arkansas
Baoying Huang,Macau University of Science and Technology
Haibin Zhu,Nipissing University
Dongning Liu,Guangdong University of Technology
Naiqi Wu,Guangdong University of Technology
Yan Qiao,Macau University of Science and Technology
Qian Jiang,Guangdong University of Technology
Raby Hamadi,Stevens Institute of Technology
Hakim Ghazzai,Stevens Institute of Technology
Hichem Besbes,University of Carthage
Yehia Massoud,Stevens Institute of Technology
Xiaowei Liu,Stony Brook University
Alex Doboli,Stony Brook University
Simona Doboli,Hofstra University
Xianyu Chen,Xidian University
Zhongyuan Jiang,Xidian University
Hui Li 0005,Xidian University
Jianfeng Ma 0001,Xidian University
Philip S. Yu,University of Illinois at Chicago
Mohammad Ali Manouchehri,Shiraz University
Mohammad Sadegh Helfroush,Shiraz University
Habibollah Danyali,Shiraz University
Lei Yi,Shandong University
Shujuan Ji,Shandong University
Lingmei Ren,Shandong University
Rui Su,Jining Medical University
Yongquan Liang,Shandong University
Hao Lu 0002,Beijing Institute of Technology
Yifan Zhu,Beijing Institute of Technology
Yong Yuan,Renmin University of China
Weichao Gong,Chinese Academic of Sciences
Juanjuan Li,Chinese Academic of Sciences
Kaize Shi,Beijing Institute of Technology
Yisheng Lv,Chinese Academic of Sciences
Zhendong Niu,Chinese Academic of Sciences
Fei-Yue Wang 0001,Chinese Academic of Sciences
Chenhan Zhang,University of Technology Sydney
Qingpeng Zhang,City University of Hong Kong
Shui Yu,University of Technology Sydney
James J. Q. Yu,Southern University of Science and Technology
Xiaozhuang Song,Southern University of Science and Technology
Jianxiong Guo,University of Texas at Dallas
Weili Wu,University of Texas at Dallas
Karthik Sheshadri,North Carolina State University
Chaitanya Shivade,Amazon Inc.
Munindar P. Singh,North Carolina State University
Fei-Yue Wang 0001,Chinese Academy of Sciences
Jing Zhu,Nanjing University
Rui Qin,Chinese Academy of Sciences
Xiao Wang 0002,Chinese Academy of Sciences
Bin Hu 0001,Lanzhou University
Shravika Mittal,Indraprastha Institute of Information Technology Delhi
Debarka Sengupta,Indraprastha Institute of Information Technology Delhi
Tanmoy Chakraborty 0002,Indraprastha Institute of Information Technology Delhi
Pamela Bilo Thomas,University of Notre Dame
Daniel Riehm,University of Notre Dame
Maria Glenski,Pacific Northwest National Laboratory
Tim Weninger,University of Notre Dame
Kellyton dos Santos Brito,UFRPE
Rogério Luiz Cardoso Silva Filho,UFPE
Paulo Jorge Leitão Adeodato,UFPE
Linyao Yang,Chinese Academy of Sciences
Yancai Xu,Chinese Academy of Sciences
Xiao Wang 0002,Chinese Academy of Sciences
Fei-Yue Wang 0001,Chinese Academy of Sciences
Shou-Fei Han,Nanjing University
Kun Zhu 0001,Nanjing University
MengChu Zhou,Macau University of Science and Technology
Xinye Cai,Nanjing University
Madichetty Sreenivasulu,National Institute of Technology
M. Sridevi,National Institute of Technology
Pawan Kumar Verma,GLA University
Prateek Agrawal,Lovely Professional University
Ivone Amorim,University of Porto
Radu Prodan,University of Klagenfurt
Margarita Vitoropoulou,University of Athens
Konstantinos Tsitseklis,University of Athens
Vasileios Karyotis,Ionian University
Symeon Papavassiliou,University of Athens
Jiawei Chen,Fuzhou University
William Zhu,UESTC
Shiping Wang,Fuzhou University
Itisha Gupta,Banasthali Vidyapith
Nisheeth Joshi,Banasthali Vidyapith
Jun Jason Zhang,Wuhan University
Fei-Yue Wang 0001,Chinese Academy of Sciences
Yong Yuan,Renmin University of China
Guandong Xu,University of Technology Sydney
Huan Liu 0001,Arizona State University
Wei Gao,Singapore Management University
Shoaib Jameel,University of Essex
Imran Razzak,Deakin University
Peter W. Eklund,Deakin University
Rui Qin,Chinese Academy of Sciences
Juanjuan Li,Beijing Institute of Technology
Xiao Wang 0002,Chinese Academy of Sciences
De-Nian Yang,Institute of Information Science
Damla Turgut,University of Central Florida
Abderrahim Benslimane,University of Avignon
Kwang-Cheng Chen,University of South Florida
Hossein Rastgoftar,Villanova University
Ella M. Atkins,University of Michigan
Ruxin Wang,Chinese Academy of Sciences
Chaojie Ji,Chinese Academy of Sciences
Zhiming Jiang,Chinese Academy of Sciences
Ling Yin,Chinese Academy of Sciences
Ye Li 0002,Chinese Academy of Sciences
Qi Nie,Wuhan University
Hao Jiang 0010,Wuhan University
Saket Kumar,Amity University
Rajkumar Viral,Amity University
Rahul Mishra,IIT (BHU) Varanasi
Hari Prabhat Gupta,IIT (BHU) Varanasi
Tanima Dutta,IIT (BHU) Varanasi
Muhammad Iqbal,University of Sargodha
Feras N. Al-Obeidat,Zayed University
Fahad Maqbool,University of Sargodha
Saad Razzaq,University of Sargodha
Abdallah Tubaishat,Zayed University
Muhammad Shahrose Khan,National University of Computer and Emerging Sciences
Babar Shah,Zayed University
Jianlong Zhou,University of Technology Sydney
Hamad Zogan,University of Technology Sydney
Shuiqiao Yang,University of Technology Sydney
Shoaib Jameel,University of Essex
Guandong Xu,University of Technology Sydney
Fang Chen 0001,University of Technology Sydney
Prasoon Gupta,National Institute of Technology
Sanjay Kumar,National Institute of Technology
Rajiv Ranjan Suman,National Institute of Technology
Vinay Kumar,National Institute of Technology
Usman Naseem,University of Sydney
Imran Razzak,Deakin University
Matloob Khushi,University of Sydney
Peter W. Eklund,Deakin University
Jinman Kim,University of Sydney
Shuo Yu,Dalian University of Technology
Qing Qing,Dalian University of Technology
Chen Zhang,Dalian University of Technology
Ahsan Shehzad,Dalian University of Technology
Giles Oatley,Federation University Australia
Feng Xia 0001,Federation University Australia
Ryosuke Harakawa,Nagaoka University of Technology
Masahiro Iwahashi,Nagaoka University of Technology
Xin Liu 0022,China University of Petroleum
Liang Zheng,China University of Petroleum
Shaowen Yu,China University of Petroleum
Xiao Wang 0002,Chinese Academy of Sciences
Brett Snider,University of Guelph
Paige Phillips,University of Guelph
Edward A. McBean,University of Guelph
S. Andrew Gadsden,University of Guelph
John Yawney,University of Guelph
